{"t1":"Two male giraffes battle it out in a head to body slamming sparring competition for dominance.","t2":"Giraffes fighting - Free HD Video Clips &amp; Stock Video Footage","tags":["long","outdoors","animal","fighting","mammals","giraffe","nature","day","tree","video","environment","walking","zoo","bush","human body part","elephant","portrait","leaf","grass","river","watching","water","cute","looking","human head","travel","setting","reflection","sport","sky"],"info":{"@context":"http://schema.org","@type":"Article","name":"Download Giraffes fighting for free","description":"Download Giraffes fighting stock video footage. Choose from thousands of the best stock footage video clips to download.","url":"https://www.vecteezy.com/video/1271473-giraffes-fighting","datePublished":"2020-09-03T14:20:30-05:00","author":"jungee","headline":"Download Giraffes fighting stock video footage. Choose from thousands of the best stock footage video clips t…","image":"https://static.vecteezy.com/system/resources/thumbnails/001/271/473/small_2x/giraffes-fighting.jpg","publisher":{"@type":"Organization","name":"vecteezy","logo":{"@type":"ImageObject","url":"https://www.vecteezy.com//images/vecteezy-logo--orange.jpg"}},"mainEntityOfPage":"https://static.vecteezy.com/system/resources/thumbnails/001/271/473/small_2x/giraffes-fighting.jpg","dateModified":"2020-09-03T14:20:30-05:00"},"root_dl":"https://static.vecteezy.com/system/protected/files/001/271/473/vecteezy_two-male-giraffes-battle-it-out-in-a-head-to-body-slamming-sparring-competition-for-dominance_1271473.mov","infoVideo":{"Resolution:":"HD 1920x1080","File Type:":"QuickTime","Codec:":"Photo-JPEG","Frame Rate:":"25 FPS","Aspect Ratio:":"16:9","Duration:":"00:24","vtype":".mov"}}