{"t1":"a barren ground caribou bull in velvet in denali national park alaska","t2":"Barren Ground Caribou Bull in Velvet - Free HD Video Clips &amp; Stock Video Footage","tags":["outdoors","animal","tundra","reindeer","mammals","antlers","deer","nature","winter","elk","snow","forest","environment","running","day","autumn","ice","mountain","frozen","cow","video","open","global","bear","close","fighting","science","zoo","education","island"],"info":{"@context":"http://schema.org","@type":"Article","name":"Download Barren Ground Caribou Bull in Velvet for free","description":"Download Barren Ground Caribou Bull in Velvet stock video footage. Choose from thousands of the best stock footage video clips to download.","url":"https://www.vecteezy.com/video/1271409-barren-ground-caribou-bull-in-velvet","datePublished":"2020-09-03T14:10:02-05:00","author":"twildlife","headline":"Download Barren Ground Caribou Bull in Velvet stock video footage. Choose from thousands of the best stock fo…","image":"https://static.vecteezy.com/system/resources/thumbnails/001/271/409/small_2x/barren-ground-caribou-bull-in-velvet.jpg","publisher":{"@type":"Organization","name":"vecteezy","logo":{"@type":"ImageObject","url":"https://www.vecteezy.com//images/vecteezy-logo--orange.jpg"}},"mainEntityOfPage":"https://static.vecteezy.com/system/resources/thumbnails/001/271/409/small_2x/barren-ground-caribou-bull-in-velvet.jpg","dateModified":"2020-09-03T14:10:02-05:00"},"root_dl":"https://static.vecteezy.com/system/protected/files/001/271/409/vecteezy_a-barren-ground-caribou-bull-in-velvet-in-denali-national-park-alaska_1271409.mov","infoVideo":{"Resolution:":"HD 1920x1080","File Type:":"QuickTime","Codec:":"Photo-JPEG","Frame Rate:":"30 FPS","Aspect Ratio:":"16:9","Duration:":"00:05","vtype":".mov"}}