{"t1":"Cutting red bell pepper with knife","t2":"Cutting red bell pepper with knife - Free HD Video Clips &amp; Stock Video Footage","tags":["cutting","kitchen","human body part","cooking","food","paprika","meal","salad","vegetable","circle","healthy lifestyle","nature","chef","table","organic","dinner","meat","lifestyle","food and drink","part","lunch","spice","restaurant","indoors","outdoors","tomato","bowl","backgrounds","cooking pan","people"],"info":{"@context":"http://schema.org","@type":"Article","name":"Download Cutting red bell pepper with knife for free","description":"Download Cutting red bell pepper with knife stock video footage. Choose from thousands of the best stock footage video clips to download.","url":"https://www.vecteezy.com/video/1271408-cutting-red-bell-pepper-with-knife","datePublished":"2020-09-03T14:08:40-05:00","author":"wundervisuals","headline":"Download Cutting red bell pepper with knife stock video footage. Choose from thousands of the best stock foot…","image":"https://static.vecteezy.com/system/resources/thumbnails/001/271/408/small_2x/cutting-red-bell-pepper-with-knife.jpg","publisher":{"@type":"Organization","name":"vecteezy","logo":{"@type":"ImageObject","url":"https://www.vecteezy.com//images/vecteezy-logo--orange.jpg"}},"mainEntityOfPage":"https://static.vecteezy.com/system/resources/thumbnails/001/271/408/small_2x/cutting-red-bell-pepper-with-knife.jpg","dateModified":"2020-09-03T14:08:40-05:00"},"root_dl":"https://static.vecteezy.com/system/protected/files/001/271/408/vecteezy_cutting-red-bell-pepper-with-knife_1271408.mov","infoVideo":{"Resolution:":"4K 3840x2160","File Type:":"QuickTime","Codec:":"ProRes 422 (HQ)","Frame Rate:":"25 FPS","Aspect Ratio:":"16:9","Duration:":"00:17","vtype":".mov"}}