{"t1":"Sand beach with sea foam","t2":"Beach - Free HD Video Clips &amp; Stock Video Footage","tags":["outdoors","sunlight","backgrounds","sand","summer","water","travel","beach","sea","nature","surf","day","seascape","beauty","island","sun","sky","sunset","cityscape","crash","horizon","reflection","sunny","environment","morning","spray","wet","wind","rock music","flying"],"info":{"@context":"http://schema.org","@type":"Article","name":"Download Beach for free","description":"Download Beach stock video footage. Choose from thousands of the best stock footage video clips to download.","url":"https://www.vecteezy.com/video/1271174-beach","datePublished":"2020-09-03T13:39:44-05:00","author":"zluketina","headline":"Download Beach stock video footage. Choose from thousands of the best stock footage video clips to download.","image":"https://static.vecteezy.com/system/resources/thumbnails/001/271/174/small_2x/beach.jpg","publisher":{"@type":"Organization","name":"vecteezy","logo":{"@type":"ImageObject","url":"https://www.vecteezy.com//images/vecteezy-logo--orange.jpg"}},"mainEntityOfPage":"https://static.vecteezy.com/system/resources/thumbnails/001/271/174/small_2x/beach.jpg","dateModified":"2020-09-03T13:39:44-05:00"},"root_dl":"https://static.vecteezy.com/system/protected/files/001/271/174/vecteezy_sand-beach-with-sea-foam_1271174.mov","infoVideo":{"Resolution:":"HD 1280x720","File Type:":"QuickTime","Codec:":"Photo-JPEG","Frame Rate:":"30 FPS","Aspect Ratio:":"16:9","Duration:":"00:26","vtype":".mov"}}