{"t1":"day campanile santa maria basilica panorama 4k time lapse venice italy","t2":"italy sunny day campanile santa maria della salute basilica view point panorama 4k time lapse venice - Free HD Video Clips &amp; Stock Video Footage","tags":["santa claus","ancient","palace","sunlight","sky","history","summer","canal","town square","travel","tower","sunny","traffic","cityscape","religion","christianity","day","transportation","christmas"],"info":{"@context":"http://schema.org","@type":"Article","name":"Download italy sunny day campanile santa maria della salute basilica view point panorama 4k time lapse venice for free","description":"Download italy sunny day campanile santa maria della salute basilica view point panorama 4k time lapse venice stock video footage. Choose from thousands of the best stock footage video clips to download.","url":"https://www.vecteezy.com/video/1271181-italy-sunny-day-campanile-santa-maria-della-salute-basilica-view-point-panorama-4k-time-lapse-venice","datePublished":"2020-09-03T13:40:18-05:00","author":"2dwork","headline":"Download italy sunny day campanile santa maria della salute basilica view point panorama 4k time lapse venice…","image":"https://static.vecteezy.com/system/resources/thumbnails/001/271/181/small_2x/italy-sunny-day-campanile-santa-maria-della-salute-basilica-view-point-panorama-4k-time-lapse-venice.jpg","publisher":{"@type":"Organization","name":"vecteezy","logo":{"@type":"ImageObject","url":"https://www.vecteezy.com//images/vecteezy-logo--orange.jpg"}},"mainEntityOfPage":"https://static.vecteezy.com/system/resources/thumbnails/001/271/181/small_2x/italy-sunny-day-campanile-santa-maria-della-salute-basilica-view-point-panorama-4k-time-lapse-venice.jpg","dateModified":"2020-09-03T13:40:18-05:00"},"root_dl":"https://static.vecteezy.com/system/protected/files/001/271/181/vecteezy_day-campanile-santa-maria-basilica-panorama-4k-time-lapse-venice-italy_1271181.mov","infoVideo":{"Resolution:":"4K 3840x2160","File Type:":"QuickTime","Codec:":"ProRes 422 Standard","Frame Rate:":"24 FPS","Aspect Ratio:":"16:9","Duration:":"00:08","vtype":".mov"}}