{"t1":"close up","t2":"PAL: Dog&#39;s nose - Free HD Video Clips &amp; Stock Video Footage","tags":["pets","animal","smelling","dog","mammals","outdoors","looking","cute","nature","canine","grass","video","tail","walking","movie","people","beauty","farm","activity","summer","agriculture","puppy","indoors","zoo","meadow","fun","portrait","fear","ear","feline"],"info":{"@context":"http://schema.org","@type":"Article","name":"Download PAL: Dog&#39;s nose for free","description":"Download PAL: Dog&#39;s nose stock video footage. Choose from thousands of the best stock footage video clips to download.","url":"https://www.vecteezy.com/video/1271471-pal-dog-s-nose","datePublished":"2020-09-03T14:20:22-05:00","author":"chrisdodutch","headline":"Download PAL: Dog&#39;s nose stock video footage. Choose from thousands of the best stock footage video clips to …","image":"https://static.vecteezy.com/system/resources/thumbnails/001/271/471/small_2x/pal-dog-s-nose-video.jpg","publisher":{"@type":"Organization","name":"vecteezy","logo":{"@type":"ImageObject","url":"https://www.vecteezy.com//images/vecteezy-logo--orange.jpg"}},"mainEntityOfPage":"https://static.vecteezy.com/system/resources/thumbnails/001/271/471/small_2x/pal-dog-s-nose-video.jpg","dateModified":"2020-09-03T14:20:22-05:00"},"root_dl":"https://static.vecteezy.com/system/protected/files/001/271/471/vecteezy_close-up_1271471.mov","infoVideo":{"Resolution:":"SD 720x576","File Type:":"QuickTime","Codec:":"Photo-JPEG","Frame Rate:":"25 FPS","Aspect Ratio:":"5:4","Duration:":"00:10","vtype":".mov"}}