{"t1":"Aerial view of river along riverbank - Colorado  River Wildlife Sanctuary, Austin, Texas, USA","t2":"Aerial view of river along riverbank - Colorado  River Wildlife Sanctuary, Austin, Texas, USA - Free HD Video Clips &amp; Stock Video Footage","tags":["outdoors","sky","backgrounds","water","travel","drone","forest","river","nature","tree","cityscape","beauty","mountain","summer","helicopter","city","reflection","lake","sunset","sunlight","sunny","transportation","fog","environment","day","flying","high up","horizon","architecture","winter"],"info":{"@context":"http://schema.org","@type":"Article","name":"Download Aerial view of river along riverbank - Colorado  River Wildlife Sanctuary, Austin, Texas, USA for free","description":"Download Aerial view of river along riverbank - Colorado River Wildlife Sanctuary, Austin, Texas, USA stock video footage. Choose from thousands of the best stock footage video clips to download.","url":"https://www.vecteezy.com/video/1271251-aerial-view-of-river-along-riverbank-colorado-river-wildlife-sanctuary-austin-texas-usa","datePublished":"2020-09-03T13:49:16-05:00","author":"tvonly","headline":"Download Aerial view of river along riverbank - Colorado River Wildlife Sanctuary, Austin, Texas, USA stock v…","image":"https://static.vecteezy.com/system/resources/thumbnails/001/271/251/small_2x/aerial-view-of-river-along-riverbank-colorado-river-wildlife-sanctuary-austin-texas-usa.jpg","publisher":{"@type":"Organization","name":"vecteezy","logo":{"@type":"ImageObject","url":"https://www.vecteezy.com//images/vecteezy-logo--orange.jpg"}},"mainEntityOfPage":"https://static.vecteezy.com/system/resources/thumbnails/001/271/251/small_2x/aerial-view-of-river-along-riverbank-colorado-river-wildlife-sanctuary-austin-texas-usa.jpg","dateModified":"2020-09-03T13:49:16-05:00"},"root_dl":"https://static.vecteezy.com/system/protected/files/001/271/251/vecteezy_aerial-view-of-river-along-riverbank---colorado-river-wildlife-sanctuary-austin-texas-usa_1271251.mov","infoVideo":{"Resolution:":"4K 3840x2160","File Type:":"QuickTime","Codec:":"ProRes 422 (HQ)","Frame Rate:":"24 FPS","Aspect Ratio:":"16:9","Duration:":"00:10","vtype":".mov"}}