{"t1":"Boy child blond  and  girl child  in glasses walking on green grass. Children learn a large climbing frame. Autumn sunny day.","t2":"Boy child blond  and  girl child  in glasses walking on green grass. Children learn a large climbing frame. - Free HD Video Clips &amp; Stock Video Footage","tags":["grass","people","looking","outdoors","sunlight","fun","human body part","walking","activity","summer","happiness","sunny","watching","nature","tree","day","animal","mammals","cute","pets","dog","lifestyle","portrait","playing","beauty","puppy","homosexual","human head","bush","sport"],"info":{"@context":"http://schema.org","@type":"Article","name":"Download Boy child blond  and  girl child  in glasses walking on green grass. Children learn a large climbing frame. for free","description":"Download Boy child blond and girl child in glasses walking on green grass. Children learn a large climbing frame. stock video footage. Choose from thousands of the best stock footage video clips to download.","url":"https://www.vecteezy.com/video/1271204-boy-child-blond-and-girl-child-in-glasses-walking-on-green-grass-children-learn-a-large-climbing-frame","datePublished":"2020-09-03T13:43:40-05:00","author":"afefelov","headline":"Download Boy child blond and girl child in glasses walking on green grass. Children learn a large climbing fr…","image":"https://static.vecteezy.com/system/resources/thumbnails/001/271/204/small_2x/boy-child-blond-and-girl-child-in-glasses-walking-on-green-grass-children-learn-a-large-climbing-frame.jpg","publisher":{"@type":"Organization","name":"vecteezy","logo":{"@type":"ImageObject","url":"https://www.vecteezy.com//images/vecteezy-logo--orange.jpg"}},"mainEntityOfPage":"https://static.vecteezy.com/system/resources/thumbnails/001/271/204/small_2x/boy-child-blond-and-girl-child-in-glasses-walking-on-green-grass-children-learn-a-large-climbing-frame.jpg","dateModified":"2020-09-03T13:43:40-05:00"},"root_dl":"https://static.vecteezy.com/system/protected/files/001/271/204/vecteezy_boy-child-blond-and-girl-child-in-glasses-walking-on-green-grass-children-learn-a-large-climbing-frame-autumn-sunny-day_1271204.mov","infoVideo":{"Resolution:":"4K 3840x2160","File Type:":"QuickTime","Codec:":"ProRes 422 (HQ)","Frame Rate:":"30 FPS","Aspect Ratio:":"16:9","Duration:":"00:20","vtype":".mov"}}