{"t1":"donkey portrait","t2":"donkey portrait - Free HD Video Clips &amp; Stock Video Footage","tags":["outdoors","animal","fun","video","farm","mammals","cute","nature","portrait","pets","dog","people","grass","summer","canine","water","backgrounds","walking","activity","lifestyle","sunlight","beauty","travel","river","agriculture","human body part","day","forest","tree","fishing"],"info":{"@context":"http://schema.org","@type":"Article","name":"Download donkey portrait for free","description":"Download donkey portrait stock video footage. Choose from thousands of the best stock footage video clips to download.","url":"https://www.vecteezy.com/video/1271188-donkey-portrait","datePublished":"2020-09-03T13:41:37-05:00","author":"goce","headline":"Download donkey portrait stock video footage. Choose from thousands of the best stock footage video clips to …","image":"https://static.vecteezy.com/system/resources/thumbnails/001/271/188/small_2x/donkey-portrait.jpg","publisher":{"@type":"Organization","name":"vecteezy","logo":{"@type":"ImageObject","url":"https://www.vecteezy.com//images/vecteezy-logo--orange.jpg"}},"mainEntityOfPage":"https://static.vecteezy.com/system/resources/thumbnails/001/271/188/small_2x/donkey-portrait.jpg","dateModified":"2020-09-03T13:41:37-05:00"},"root_dl":"https://static.vecteezy.com/system/protected/files/001/271/188/vecteezy_donkey-portrait_1271188.mov","infoVideo":{"Resolution:":"HD 1920x1080","File Type:":"QuickTime","Codec:":"Photo-JPEG","Frame Rate:":"30 FPS","Aspect Ratio:":"16:9","Duration:":"00:20","vtype":".mov"}}