{"t1":"Carnival Sunset Timelapse","t2":"Carnival Sunset Timelapse - Free HD Video Clips &amp; Stock Video Footage","tags":["amusement park","outdoors","sunlight","fun","video","sky","ferris wheel","sun","sunset","nature","animal","dog","pets","people","canine","grass","water","puppy","day","summer","mammals","tree","happiness","joy","lifestyle","playing","running","beauty","sport","autumn"],"info":{"@context":"http://schema.org","@type":"Article","name":"Download Carnival Sunset Timelapse for free","description":"Download Carnival Sunset Timelapse stock video footage. Choose from thousands of the best stock footage video clips to download.","url":"https://www.vecteezy.com/video/1271481-carnival-sunset-timelapse","datePublished":"2020-09-03T14:21:24-05:00","author":"hdcineman","headline":"Download Carnival Sunset Timelapse stock video footage. Choose from thousands of the best stock footage video…","image":"https://static.vecteezy.com/system/resources/thumbnails/001/271/481/small_2x/carnival-sunset-timelapse.jpg","publisher":{"@type":"Organization","name":"vecteezy","logo":{"@type":"ImageObject","url":"https://www.vecteezy.com//images/vecteezy-logo--orange.jpg"}},"mainEntityOfPage":"https://static.vecteezy.com/system/resources/thumbnails/001/271/481/small_2x/carnival-sunset-timelapse.jpg","dateModified":"2020-09-03T14:21:24-05:00"},"root_dl":"https://static.vecteezy.com/system/protected/files/001/271/481/vecteezy_carnival-sunset-timelapse_1271481.mov","infoVideo":{"Resolution:":"HD 1920x1080","File Type:":"QuickTime","Codec:":"Photo-JPEG","Frame Rate:":"30 FPS","Aspect Ratio:":"16:9","Duration:":"00:27","vtype":".mov"}}