{"t1":"female gorilla take care of her New born.","t2":"female gorilla and her infant - Free HD Video Clips &amp; Stock Video Footage","tags":["gorilla","animal","monkey","activity","zoo","mammals","ape","animal family","nature","outdoors","forest","leaf","cute","looking","pets","chimpanzee","rainforest","otter","video","cleaning","human body part","walking","plant","watching","mountain","grass","elephant","bush","zebra","ear"],"info":{"@context":"http://schema.org","@type":"Article","name":"Download female gorilla and her infant for free","description":"Download female gorilla and her infant stock video footage. Choose from thousands of the best stock footage video clips to download.","url":"https://www.vecteezy.com/video/1271276-female-gorilla-and-her-infant","datePublished":"2020-09-03T13:51:37-05:00","author":"globalp","headline":"Download female gorilla and her infant stock video footage. Choose from thousands of the best stock footage v…","image":"https://static.vecteezy.com/system/resources/thumbnails/001/271/276/small_2x/female-gorilla-and-her-infant.jpg","publisher":{"@type":"Organization","name":"vecteezy","logo":{"@type":"ImageObject","url":"https://www.vecteezy.com//images/vecteezy-logo--orange.jpg"}},"mainEntityOfPage":"https://static.vecteezy.com/system/resources/thumbnails/001/271/276/small_2x/female-gorilla-and-her-infant.jpg","dateModified":"2020-09-03T13:51:37-05:00"},"root_dl":"https://static.vecteezy.com/system/protected/files/001/271/276/vecteezy_female-gorilla-take-care-of-her-new-born_1271276.mov","infoVideo":{"Resolution:":"HD 1920x1080","File Type:":"QuickTime","Codec:":"Motion-JPEG B","Frame Rate:":"25 FPS","Aspect Ratio:":"16:9","Duration:":"00:07","vtype":".mov"}}