{"t1":"Energetic parents and two kids running in forest, side view","t2":"Energetic parents and two kids running in forest, side view - Free HD Video Clips &amp; Stock Video Footage","tags":["people","outdoors","lifestyle","hiking","son","walking","family","mother","father","autumn","forest","running","daughter","nature","tree","parent"],"info":{"@context":"http://schema.org","@type":"Article","name":"Download Energetic parents and two kids running in forest, side view for free","description":"Download Energetic parents and two kids running in forest, side view stock video footage. Choose from thousands of the best stock footage video clips to download.","url":"https://www.vecteezy.com/video/1271506-energetic-parents-and-two-kids-running-in-forest-side-view","datePublished":"2020-09-03T14:25:11-05:00","author":"monkeybusinessimages","headline":"Download Energetic parents and two kids running in forest, side view stock video footage. Choose from thousan…","image":"https://static.vecteezy.com/system/resources/thumbnails/001/271/506/small_2x/energetic-parents-and-two-kids-running-in-forest-side-view.jpg","publisher":{"@type":"Organization","name":"vecteezy","logo":{"@type":"ImageObject","url":"https://www.vecteezy.com//images/vecteezy-logo--orange.jpg"}},"mainEntityOfPage":"https://static.vecteezy.com/system/resources/thumbnails/001/271/506/small_2x/energetic-parents-and-two-kids-running-in-forest-side-view.jpg","dateModified":"2020-09-03T14:25:11-05:00"},"root_dl":"https://static.vecteezy.com/system/protected/files/001/271/506/vecteezy_energetic-parents-and-two-kids-running-in-forest-side-view_1271506.mov","infoVideo":{"Resolution:":"4K 3840x2160","File Type:":"QuickTime","Codec:":"ProRes 422 (HQ)","Frame Rate:":"25 FPS","Aspect Ratio:":"16:9","Duration:":"00:07","vtype":".mov"}}