{"t1":"Muscular woman working out in the gym lifting weights","t2":"Gym workout - Free HD Video Clips &amp; Stock Video Footage","tags":["people","lifestyle","athlete","human body","sport","bicep","video","gym","human body part","activity","modern","beauty","indoors","beautiful people","healthy lifestyle","weights","dumbbell","shape","portrait","wellbeing","fashion model","part","sweat","backgrounds","stretching","working","business","naked","metal","coach"],"info":{"@context":"http://schema.org","@type":"Article","name":"Download Gym workout for free","description":"Download Gym workout stock video footage. Choose from thousands of the best stock footage video clips to download.","url":"https://www.vecteezy.com/video/1272734-gym-workout","datePublished":"2020-09-07T09:41:16-05:00","author":"shironosov","headline":"Download Gym workout stock video footage. Choose from thousands of the best stock footage video clips to down…","image":"https://static.vecteezy.com/system/resources/thumbnails/001/272/734/small_2x/gym-workout.jpg","publisher":{"@type":"Organization","name":"vecteezy","logo":{"@type":"ImageObject","url":"https://www.vecteezy.com//images/vecteezy-logo--orange.jpg"}},"mainEntityOfPage":"https://static.vecteezy.com/system/resources/thumbnails/001/272/734/small_2x/gym-workout.jpg","dateModified":"2020-09-07T09:41:16-05:00"},"root_dl":"https://static.vecteezy.com/system/protected/files/001/272/734/vecteezy_muscular-woman-working-out-in-the-gym-lifting-weights_1272734.mov","infoVideo":{"Resolution:":"HD 1920x1080","File Type:":"QuickTime","Codec:":"Photo-JPEG","Frame Rate:":"25 FPS","Aspect Ratio:":"16:9","Duration:":"00:27","vtype":".mov"}}