{"t1":"The beekeeper inspection control framework in apiary with bee honey","t2":"Beekeeper inspection control framework in apiary with bee honey - Free HD Video Clips &amp; Stock Video Footage","tags":["working","people","snow","outdoors","animal","honey","busy","beehive","farm","house","food","summer","pollen","organic","medicine","honey bee","bee","picture frame","nature","day"],"info":{"@context":"http://schema.org","@type":"Article","name":"Download Beekeeper inspection control framework in apiary with bee honey for free","description":"Download Beekeeper inspection control framework in apiary with bee honey stock video footage. Choose from thousands of the best stock footage video clips to download.","url":"https://www.vecteezy.com/video/1272500-beekeeper-inspection-control-framework-in-apiary-with-bee-honey","datePublished":"2020-09-07T08:48:03-05:00","author":"antonycall","headline":"Download Beekeeper inspection control framework in apiary with bee honey stock video footage. Choose from tho…","image":"https://static.vecteezy.com/system/resources/thumbnails/001/272/500/small_2x/beekeeper-inspection-control-framework-in-apiary-with-bee-honey.jpg","publisher":{"@type":"Organization","name":"vecteezy","logo":{"@type":"ImageObject","url":"https://www.vecteezy.com//images/vecteezy-logo--orange.jpg"}},"mainEntityOfPage":"https://static.vecteezy.com/system/resources/thumbnails/001/272/500/small_2x/beekeeper-inspection-control-framework-in-apiary-with-bee-honey.jpg","dateModified":"2020-09-07T08:48:03-05:00"},"root_dl":"https://static.vecteezy.com/system/protected/files/001/272/500/vecteezy_the-beekeeper-inspection-control-framework-in-apiary-with-bee-honey_1272500.mov","infoVideo":{"Resolution:":"HD 1920x1080","File Type:":"QuickTime","Codec:":"Photo-JPEG","Frame Rate:":"25 FPS","Aspect Ratio:":"16:9","Duration:":"00:21","vtype":".mov"}}