{"t1":"Beekeeper removes the wax with a spatula the honeycomb which is full of honey,video clip","t2":"Honeycomb frame a lot of honey - Free HD Video Clips &amp; Stock Video Footage","tags":["working","people","insect","outdoors","honey","hexagon","beehive","food and drink","agriculture","food","dessert","pollen","organic","drone","honey bee","bee","collection","nature","desert","geometric shapes","healthy lifestyle"],"info":{"@context":"http://schema.org","@type":"Article","name":"Download Honeycomb frame a lot of honey for free","description":"Download Honeycomb frame a lot of honey stock video footage. Choose from thousands of the best stock footage video clips to download.","url":"https://www.vecteezy.com/video/1272496-honeycomb-frame-a-lot-of-honey","datePublished":"2020-09-07T08:47:57-05:00","author":"overcrew","headline":"Download Honeycomb frame a lot of honey stock video footage. Choose from thousands of the best stock footage …","image":"https://static.vecteezy.com/system/resources/thumbnails/001/272/496/small_2x/honeycomb-frame-a-lot-of-honey.jpg","publisher":{"@type":"Organization","name":"vecteezy","logo":{"@type":"ImageObject","url":"https://www.vecteezy.com//images/vecteezy-logo--orange.jpg"}},"mainEntityOfPage":"https://static.vecteezy.com/system/resources/thumbnails/001/272/496/small_2x/honeycomb-frame-a-lot-of-honey.jpg","dateModified":"2020-09-07T08:47:57-05:00"},"root_dl":"https://static.vecteezy.com/system/protected/files/001/272/496/vecteezy_beekeeper-removes-the-wax-with-a-spatula-the-honeycomb-which-is-full-of-honeyvideo-clip_1272496.mov","infoVideo":{"Resolution:":"HD 1920x1080","File Type:":"QuickTime","Codec:":"Photo-JPEG","Frame Rate:":"30 FPS","Aspect Ratio:":"16:9","Duration:":"00:17","vtype":".mov"}}