{"t1":"aerial view beautiful mountain peak with snow at blue sky and panorama","t2":"aerial beautiful mountain peak with snow - Free HD Video Clips &amp; Stock Video Footage","tags":["snow","outdoors","sunlight","mountain","mountain range","winter","sunny","morning","nature","flying","animal","dog","activity","sport","people","pets","canine","forest","water","ice","day","fishing","river","sleigh","frost","cute","sky","fish","hobby","portrait"],"info":{"@context":"http://schema.org","@type":"Article","name":"Download aerial beautiful mountain peak with snow for free","description":"Download aerial beautiful mountain peak with snow stock video footage. Choose from thousands of the best stock footage video clips to download.","url":"https://www.vecteezy.com/video/1272799-aerial-beautiful-mountain-peak-with-snow","datePublished":"2020-09-07T09:46:58-05:00","author":"amriphoto","headline":"Download aerial beautiful mountain peak with snow stock video footage. Choose from thousands of the best stoc…","image":"https://static.vecteezy.com/system/resources/thumbnails/001/272/799/small_2x/aerial-beautiful-mountain-peak-with-snow.jpg","publisher":{"@type":"Organization","name":"vecteezy","logo":{"@type":"ImageObject","url":"https://www.vecteezy.com//images/vecteezy-logo--orange.jpg"}},"mainEntityOfPage":"https://static.vecteezy.com/system/resources/thumbnails/001/272/799/small_2x/aerial-beautiful-mountain-peak-with-snow.jpg","dateModified":"2020-09-07T09:46:58-05:00"},"root_dl":"https://static.vecteezy.com/system/protected/files/001/272/799/vecteezy_aerial-view-beautiful-mountain-peak-with-snow-at-blue-sky-and-panorama_1272799.mov","infoVideo":{"Resolution:":"HD 1920x1080","File Type:":"QuickTime","Codec:":"Photo-JPEG","Frame Rate:":"25 FPS","Aspect Ratio:":"16:9","Duration:":"00:24","vtype":".mov"}}