{"t1":"Woman trains dog in a park.","t2":"Presentation of dogs - Free HD Video Clips &amp; Stock Video Footage","tags":["pets","grass","people","outdoors","animal","fun","farm","flower","activity","playing","dog","nature","tree","canine","happiness","lifestyle","cute","running","puppy","german shepherd","summer","day","joy","mammals","beauty","portrait","sun","sunlight","looking","sunny"],"info":{"@context":"http://schema.org","@type":"Article","name":"Download Presentation of dogs for free","description":"Download Presentation of dogs stock video footage. Choose from thousands of the best stock footage video clips to download.","url":"https://www.vecteezy.com/video/1272963-presentation-of-dogs","datePublished":"2020-09-07T09:59:06-05:00","author":"milax","headline":"Download Presentation of dogs stock video footage. Choose from thousands of the best stock footage video clip…","image":"https://static.vecteezy.com/system/resources/thumbnails/001/272/963/small_2x/presentation-of-dogs.jpg","publisher":{"@type":"Organization","name":"vecteezy","logo":{"@type":"ImageObject","url":"https://www.vecteezy.com//images/vecteezy-logo--orange.jpg"}},"mainEntityOfPage":"https://static.vecteezy.com/system/resources/thumbnails/001/272/963/small_2x/presentation-of-dogs.jpg","dateModified":"2020-09-07T09:59:06-05:00"},"root_dl":"https://static.vecteezy.com/system/protected/files/001/272/963/vecteezy_woman-trains-dog-in-a-park_1272963.mov","infoVideo":{"Resolution:":"HD 1920x1080","File Type:":"QuickTime","Codec:":"Photo-JPEG","Frame Rate:":"30 FPS","Aspect Ratio:":"16:9","Duration:":"00:21","vtype":".mov"}}