{"t1":"Thoughtful gorgeous woman chatting on a mobile phone in an urban environment looking off to the side with a pensive expression","t2":"Thoughtful gorgeous woman chatting on a mobile - Free HD Video Clips &amp; Stock Video Footage","tags":["corporate business","mobile phone","outdoors","summer","city","cute","beauty","business","beautiful people","wireless","technology","communication","computer","businessman","internet","indoors","people","meeting","smart phone","laptop","working","telephone","discussion","pills","finance","street","modern","manager","document","walking"],"info":{"@context":"http://schema.org","@type":"Article","name":"Download Thoughtful gorgeous woman chatting on a mobile for free","description":"Download Thoughtful gorgeous woman chatting on a mobile stock video footage. Choose from thousands of the best stock footage video clips to download.","url":"https://www.vecteezy.com/video/1272628-thoughtful-gorgeous-woman-chatting-on-a-mobile","datePublished":"2020-09-07T09:35:12-05:00","author":"dashek","headline":"Download Thoughtful gorgeous woman chatting on a mobile stock video footage. Choose from thousands of the bes…","image":"https://static.vecteezy.com/system/resources/thumbnails/001/272/628/small_2x/thoughtful-gorgeous-woman-chatting-on-a-mobile.jpg","publisher":{"@type":"Organization","name":"vecteezy","logo":{"@type":"ImageObject","url":"https://www.vecteezy.com//images/vecteezy-logo--orange.jpg"}},"mainEntityOfPage":"https://static.vecteezy.com/system/resources/thumbnails/001/272/628/small_2x/thoughtful-gorgeous-woman-chatting-on-a-mobile.jpg","dateModified":"2020-09-07T09:35:12-05:00"},"root_dl":"https://static.vecteezy.com/system/protected/files/001/272/628/vecteezy_thoughtful-gorgeous-woman-chatting-on-a-mobile-phone-in-an-urban-environment-looking-off-to-the-side-with-a-pensive-expression_1272628.mov","infoVideo":{"Resolution:":"HD 1920x1080","File Type:":"QuickTime","Codec:":"Photo-JPEG","Frame Rate:":"25 FPS","Aspect Ratio:":"16:9","Duration:":"00:18","vtype":".mov"}}