{"t1":"Young Woman in Autumn playing with Leaf in Park","t2":"Young Woman spinning Autumn playing with Leaf in Park - Free HD Video Clips &amp; Stock Video Footage","tags":["people","outdoors","leaf","autumn","cute","happiness","forest","beauty","falling","nature","tree","beautiful people","portrait","animal","dog","pets","grass","playing","fun","canine","walking","lifestyle","puppy","summer","joy","mammals","human body part","activity","day","sunlight"],"info":{"@context":"http://schema.org","@type":"Article","name":"Download Young Woman spinning Autumn playing with Leaf in Park for free","description":"Download Young Woman spinning Autumn playing with Leaf in Park stock video footage. Choose from thousands of the best stock footage video clips to download.","url":"https://www.vecteezy.com/video/1272431-young-woman-spinning-autumn-playing-with-leaf-in-park","datePublished":"2020-09-07T08:35:31-05:00","author":"wundervisuals","headline":"Download Young Woman spinning Autumn playing with Leaf in Park stock video footage. Choose from thousands of …","image":"https://static.vecteezy.com/system/resources/thumbnails/001/272/431/small_2x/young-woman-spinning-autumn-playing-with-leaf-in-park.jpg","publisher":{"@type":"Organization","name":"vecteezy","logo":{"@type":"ImageObject","url":"https://www.vecteezy.com//images/vecteezy-logo--orange.jpg"}},"mainEntityOfPage":"https://static.vecteezy.com/system/resources/thumbnails/001/272/431/small_2x/young-woman-spinning-autumn-playing-with-leaf-in-park.jpg","dateModified":"2020-09-07T08:35:31-05:00"},"root_dl":"https://static.vecteezy.com/system/protected/files/001/272/431/vecteezy_young-woman-in-autumn-playing-with-leaf-in-park_1272431.mov","infoVideo":{"Resolution:":"HD 1280x720","File Type:":"QuickTime","Codec:":"Photo-JPEG","Frame Rate:":"25 FPS","Aspect Ratio:":"16:9","Duration:":"00:13","vtype":".mov"}}