{"t1":"Beehive entrance . Bees come in and out. Couple of bees constantly ventilating hive by wings","t2":"Beehive entrance . Bees come in and out. Couple of bees constantly ventilating hive by wings - Free HD Video Clips &amp; Stock Video Footage","tags":["people","insect","outdoors","animal","lifestyle","transparent","honey","video","busy","clean","beehive","farm","house","activity","agriculture","summer","honey bee","bee","nature","day","moving","closed","flying","pollution"],"info":{"@context":"http://schema.org","@type":"Article","name":"Download Beehive entrance . Bees come in and out. Couple of bees constantly ventilating hive by wings for free","description":"Download Beehive entrance . Bees come in and out. Couple of bees constantly ventilating hive by wings stock video footage. Choose from thousands of the best stock footage video clips to download.","url":"https://www.vecteezy.com/video/1272534-beehive-entrance-bees-come-in-and-out-couple-of-bees-constantly-ventilating-hive-by-wings","datePublished":"2020-09-07T08:59:57-05:00","author":"train arrival","headline":"Download Beehive entrance . Bees come in and out. Couple of bees constantly ventilating hive by wings stock v…","image":"https://static.vecteezy.com/system/resources/thumbnails/001/272/534/small_2x/beehive-entrance-bees-come-in-and-out-couple-of-bees-constantly-ventilating-hive-by-wings.jpg","publisher":{"@type":"Organization","name":"vecteezy","logo":{"@type":"ImageObject","url":"https://www.vecteezy.com//images/vecteezy-logo--orange.jpg"}},"mainEntityOfPage":"https://static.vecteezy.com/system/resources/thumbnails/001/272/534/small_2x/beehive-entrance-bees-come-in-and-out-couple-of-bees-constantly-ventilating-hive-by-wings.jpg","dateModified":"2020-09-07T08:59:57-05:00"},"root_dl":"https://static.vecteezy.com/system/protected/files/001/272/534/vecteezy_beehive-entrance-bees-come-in-and-out-couple-of-bees-constantly-ventilating-hive-by-wings_1272534.mov","infoVideo":{"Resolution:":"HD 1920x1080","File Type:":"QuickTime","Codec:":"Photo-JPEG","Frame Rate:":"30 FPS","Aspect Ratio:":"16:9","Duration:":"00:19","vtype":".mov"}}