{"t1":"Closeup of a happy baby smiling and playing. hd 1080i","t2":"Happy Baby - Free HD Video Clips &amp; Stock Video Footage","tags":["people","looking","lifestyle","fun","human body part","cute","happiness","playing","beauty","beautiful people","healthy lifestyle","portrait","joy","outdoors","indoors","summer","sport","nature","human body","apartment","reflection","activity","animal","fashion","stretching","pets","water","fashion model","buddhism","deck"],"info":{"@context":"http://schema.org","@type":"Article","name":"Download Happy Baby for free","description":"Download Happy Baby stock video footage. Choose from thousands of the best stock footage video clips to download.","url":"https://www.vecteezy.com/video/1272659-happy-baby","datePublished":"2020-09-07T09:36:56-05:00","author":"thomasd007","headline":"Download Happy Baby stock video footage. Choose from thousands of the best stock footage video clips to downl…","image":"https://static.vecteezy.com/system/resources/thumbnails/001/272/659/small_2x/happy-baby.jpg","publisher":{"@type":"Organization","name":"vecteezy","logo":{"@type":"ImageObject","url":"https://www.vecteezy.com//images/vecteezy-logo--orange.jpg"}},"mainEntityOfPage":"https://static.vecteezy.com/system/resources/thumbnails/001/272/659/small_2x/happy-baby.jpg","dateModified":"2020-09-07T09:36:56-05:00"},"root_dl":"https://static.vecteezy.com/system/protected/files/001/272/659/vecteezy_closeup-of-a-happy-baby-smiling-and-playing-hd-1080i_1272659.mov","infoVideo":{"Resolution:":"HD 1920x1080","File Type:":"QuickTime","Codec:":"Motion-JPEG B","Frame Rate:":"30 FPS","Aspect Ratio:":"16:9","Duration:":"00:15","vtype":".mov"}}