{"t1":"Grandma smiling","t2":"Grandma smiling - Free HD Video Clips &amp; Stock Video Footage","tags":["people","looking","lifestyle","human body part","old","healthy lifestyle","outdoors","nature","portrait","video","cute","summer","sunlight","beauty","happiness","beautiful people","sunny","retirement","joy","eye","part","animal","working","tree","sewing machine","sewing","house","sun","indoors","sport"],"info":{"@context":"http://schema.org","@type":"Article","name":"Download Grandma smiling for free","description":"Download Grandma smiling stock video footage. Choose from thousands of the best stock footage video clips to download.","url":"https://www.vecteezy.com/video/1272599-grandma-smiling","datePublished":"2020-09-07T09:31:50-05:00","author":"rocketclips","headline":"Download Grandma smiling stock video footage. Choose from thousands of the best stock footage video clips to …","image":"https://static.vecteezy.com/system/resources/thumbnails/001/272/599/small_2x/grandma-smiling.jpg","publisher":{"@type":"Organization","name":"vecteezy","logo":{"@type":"ImageObject","url":"https://www.vecteezy.com//images/vecteezy-logo--orange.jpg"}},"mainEntityOfPage":"https://static.vecteezy.com/system/resources/thumbnails/001/272/599/small_2x/grandma-smiling.jpg","dateModified":"2020-09-07T09:31:50-05:00"},"root_dl":"https://static.vecteezy.com/system/protected/files/001/272/599/vecteezy_grandma-smiling_1272599.mov","infoVideo":{"Resolution:":"HD 1920x1080","File Type:":"QuickTime","Codec:":"Photo-JPEG","Frame Rate:":"24 FPS","Aspect Ratio:":"16:9","Duration:":"00:20","vtype":".mov"}}