{"t1":"Silhouette of an elephant drinking in a river in the Okavango Delta","t2":"Silhouette of an elephant drinking in a river in the Okavango Delta - Free HD Video Clips &amp; Stock Video Footage","tags":["outdoors","water","travel","elephant","sunset","river","swimming","day"],"info":{"@context":"http://schema.org","@type":"Article","name":"Download Silhouette of an elephant drinking in a river in the Okavango Delta for free","description":"Download Silhouette of an elephant drinking in a river in the Okavango Delta stock video footage. Choose from thousands of the best stock footage video clips to download.","url":"https://www.vecteezy.com/video/1272526-silhouette-of-an-elephant-drinking-in-a-river-in-the-okavango-delta","datePublished":"2020-09-07T08:53:07-05:00","author":"martinharvey","headline":"Download Silhouette of an elephant drinking in a river in the Okavango Delta stock video footage. Choose from…","image":"https://static.vecteezy.com/system/resources/thumbnails/001/272/526/small_2x/silhouette-of-an-elephant-drinking-in-a-river-in-the-okavango-delta.jpg","publisher":{"@type":"Organization","name":"vecteezy","logo":{"@type":"ImageObject","url":"https://www.vecteezy.com//images/vecteezy-logo--orange.jpg"}},"mainEntityOfPage":"https://static.vecteezy.com/system/resources/thumbnails/001/272/526/small_2x/silhouette-of-an-elephant-drinking-in-a-river-in-the-okavango-delta.jpg","dateModified":"2020-09-07T08:53:07-05:00"},"root_dl":"https://static.vecteezy.com/system/protected/files/001/272/526/vecteezy_silhouette-of-an-elephant-drinking-in-a-river-in-the-okavango-delta_1272526.mov","infoVideo":{"Resolution:":"HD 1920x1080","File Type:":"QuickTime","Codec:":"Photo-JPEG","Frame Rate:":"25 FPS","Aspect Ratio:":"16:9","Duration:":"00:16","vtype":".mov"}}