{"t1":"Beautiful sunset.","t2":"Beautiful sunset. - Free HD Video Clips &amp; Stock Video Footage","tags":["sunlight","flame","weather","sky","backgrounds","sun","shiny","reflection","sunset","sunny","horizon","beauty","fog","nature","day","flying"],"info":{"@context":"http://schema.org","@type":"Article","name":"Download Beautiful sunset. for free","description":"Download Beautiful sunset. stock video footage. Choose from thousands of the best stock footage video clips to download.","url":"https://www.vecteezy.com/video/1272559-beautiful-sunset","datePublished":"2020-09-07T09:25:27-05:00","author":"umcher","headline":"Download Beautiful sunset. stock video footage. Choose from thousands of the best stock footage video clips t…","image":"https://static.vecteezy.com/system/resources/thumbnails/001/272/559/small_2x/beautiful-sunset.jpg","publisher":{"@type":"Organization","name":"vecteezy","logo":{"@type":"ImageObject","url":"https://www.vecteezy.com//images/vecteezy-logo--orange.jpg"}},"mainEntityOfPage":"https://static.vecteezy.com/system/resources/thumbnails/001/272/559/small_2x/beautiful-sunset.jpg","dateModified":"2020-09-07T09:25:27-05:00"},"root_dl":"https://static.vecteezy.com/system/protected/files/001/272/559/vecteezy_beautiful-sunset_1272559.mov","infoVideo":{"Resolution:":"HD 1920x1080","File Type:":"QuickTime","Codec:":"Photo-JPEG","Frame Rate:":"25 FPS","Aspect Ratio:":"16:9","Duration:":"00:30","vtype":".mov"}}