{"t1":"Cute girl pays the guitar with her friend hugging her at the beach","t2":"Cute girl plays music - Free HD Video Clips &amp; Stock Video Footage","tags":["people","music","outdoors","lifestyle","fun","sand","summer","sun","cute","happiness","travel","beach","sea","beauty","guitar","homosexual","nature","beautiful people","fashion","joy","sunlight","walking","sunny","sunset","water","filming","home interior","house","lens flare","indoors"],"info":{"@context":"http://schema.org","@type":"Article","name":"Download Cute girl plays music for free","description":"Download Cute girl plays music stock video footage. Choose from thousands of the best stock footage video clips to download.","url":"https://www.vecteezy.com/video/1272726-cute-girl-plays-music","datePublished":"2020-09-07T09:40:44-05:00","author":"stcck","headline":"Download Cute girl plays music stock video footage. Choose from thousands of the best stock footage video cli…","image":"https://static.vecteezy.com/system/resources/thumbnails/001/272/726/small_2x/cute-girl-plays-music.jpg","publisher":{"@type":"Organization","name":"vecteezy","logo":{"@type":"ImageObject","url":"https://www.vecteezy.com//images/vecteezy-logo--orange.jpg"}},"mainEntityOfPage":"https://static.vecteezy.com/system/resources/thumbnails/001/272/726/small_2x/cute-girl-plays-music.jpg","dateModified":"2020-09-07T09:40:44-05:00"},"root_dl":"https://static.vecteezy.com/system/protected/files/001/272/726/vecteezy_cute-girl-pays-the-guitar-with-her-friend-hugging-her-at-the-beach_1272726.mov","infoVideo":{"Resolution:":"HD 1920x1080","File Type:":"QuickTime","Codec:":"Photo-JPEG","Frame Rate:":"24 FPS","Aspect Ratio:":"16:9","Duration:":"00:17","vtype":".mov"}}