{"t1":"Close up RAW footage of a bee keeper daily check of a panel from the beehive in the middle of a countryside.","t2":"Checking the panels from the beehive - Free HD Video Clips &amp; Stock Video Footage","tags":["people","outdoors","animal","honey","beehive","farm","food","truck","organic","honey bee","bee","island","picture frame","healthy lifestyle"],"info":{"@context":"http://schema.org","@type":"Article","name":"Download Checking the panels from the beehive for free","description":"Download Checking the panels from the beehive stock video footage. Choose from thousands of the best stock footage video clips to download.","url":"https://www.vecteezy.com/video/1272497-checking-the-panels-from-the-beehive","datePublished":"2020-09-07T08:47:57-05:00","author":"probakster","headline":"Download Checking the panels from the beehive stock video footage. Choose from thousands of the best stock fo…","image":"https://static.vecteezy.com/system/resources/thumbnails/001/272/497/small_2x/checking-the-panels-from-the-beehive.jpg","publisher":{"@type":"Organization","name":"vecteezy","logo":{"@type":"ImageObject","url":"https://www.vecteezy.com//images/vecteezy-logo--orange.jpg"}},"mainEntityOfPage":"https://static.vecteezy.com/system/resources/thumbnails/001/272/497/small_2x/checking-the-panels-from-the-beehive.jpg","dateModified":"2020-09-07T08:47:57-05:00"},"root_dl":"https://static.vecteezy.com/system/protected/files/001/272/497/vecteezy_close-up-raw-footage-of-a-bee-keeper-daily-check-of-a-panel-from-the-beehive-in-the-middle-of-a-countryside_1272497.mov","infoVideo":{"Resolution:":"HD 1920x1080","File Type:":"QuickTime","Codec:":"Photo-JPEG","Frame Rate:":"25 FPS","Aspect Ratio:":"16:9","Duration:":"00:11","vtype":".mov"}}