{"t1":"Falling lemons in the studio.","t2":"Falling lemons in the studio. - Free HD Video Clips &amp; Stock Video Footage","tags":["computer","technology","drinking water","backgrounds","food and drink","food","fruit","wet","falling","nature","drop","drink","restaurant","liquid","bartender","summer","organic","outdoors","tree","happy hour","cocktail","ice","coconut","leaf","pub","meal","table","water","harvesting","vegetable"],"info":{"@context":"http://schema.org","@type":"Article","name":"Download Falling lemons in the studio. for free","description":"Download Falling lemons in the studio. stock video footage. Choose from thousands of the best stock footage video clips to download.","url":"https://www.vecteezy.com/video/1272407-falling-lemons-in-the-studio","datePublished":"2020-09-07T08:32:50-05:00","author":"yalax","headline":"Download Falling lemons in the studio. stock video footage. Choose from thousands of the best stock footage v…","image":"https://static.vecteezy.com/system/resources/thumbnails/001/272/407/small_2x/falling-lemons-in-the-studio.jpg","publisher":{"@type":"Organization","name":"vecteezy","logo":{"@type":"ImageObject","url":"https://www.vecteezy.com//images/vecteezy-logo--orange.jpg"}},"mainEntityOfPage":"https://static.vecteezy.com/system/resources/thumbnails/001/272/407/small_2x/falling-lemons-in-the-studio.jpg","dateModified":"2020-09-07T08:32:50-05:00"},"root_dl":"https://static.vecteezy.com/system/protected/files/001/272/407/vecteezy_falling-lemons-in-the-studio_1272407.mov","infoVideo":{"Resolution:":"HD 1280x720","File Type:":"QuickTime","Codec:":"Photo-JPEG","Frame Rate:":"30 FPS","Aspect Ratio:":"16:9","Duration:":"00:10","vtype":".mov"}}