{"t1":"Close-up of water going over Niagara Falls. For more variations, visit the Niagara Lightbox Link Below:","t2":"Close-up of water going over Niagara Falls - Free HD Video Clips &amp; Stock Video Footage","tags":["outdoors","drinking water","water","tourist","cultures","travel","heaven","beauty","river","waterfall","nature","god","summer","forest","electricity","road","falling","fog","flying","sky","environment","mountain","renewable energy","high up","levitation","backgrounds","day","autumn","cityscape","cable"],"info":{"@context":"http://schema.org","@type":"Article","name":"Download Close-up of water going over Niagara Falls for free","description":"Download Close-up of water going over Niagara Falls stock video footage. Choose from thousands of the best stock footage video clips to download.","url":"https://www.vecteezy.com/video/1272475-close-up-of-water-going-over-niagara-falls","datePublished":"2020-09-07T08:42:10-05:00","author":"gbheffernan","headline":"Download Close-up of water going over Niagara Falls stock video footage. Choose from thousands of the best st…","image":"https://static.vecteezy.com/system/resources/thumbnails/001/272/475/small_2x/close-up-of-water-going-over-niagara-falls.jpg","publisher":{"@type":"Organization","name":"vecteezy","logo":{"@type":"ImageObject","url":"https://www.vecteezy.com//images/vecteezy-logo--orange.jpg"}},"mainEntityOfPage":"https://static.vecteezy.com/system/resources/thumbnails/001/272/475/small_2x/close-up-of-water-going-over-niagara-falls.jpg","dateModified":"2020-09-07T08:42:10-05:00"},"root_dl":"https://static.vecteezy.com/system/protected/files/001/272/475/vecteezy_close-up-of-water-going-over-niagara-falls-for-more-variations-visit-the-niagara-lightbox-link-below-_1272475.mov","infoVideo":{"Resolution:":"HD 1920x1080","File Type:":"QuickTime","Codec:":"Photo-JPEG","Frame Rate:":"24 FPS","Aspect Ratio:":"16:9","Duration:":"00:11","vtype":".mov"}}