{"t1":"galaxy time lapse.","t2":"sky stars time lapse - Free HD Video Clips &amp; Stock Video Footage","tags":["constellation","galaxy","outdoors","meteor","sky","asteroid","bright","night","astrology","outer space","horizon","falling","milky way","nature","science","astronomy","animal","backgrounds","environment","mammals","water","tree","beauty","summer","video","day","forest","travel","sunlight","people"],"info":{"@context":"http://schema.org","@type":"Article","name":"Download sky stars time lapse for free","description":"Download sky stars time lapse stock video footage. Choose from thousands of the best stock footage video clips to download.","url":"https://www.vecteezy.com/video/1272435-sky-stars-time-lapse","datePublished":"2020-09-07T08:35:42-05:00","author":"muyu123","headline":"Download sky stars time lapse stock video footage. Choose from thousands of the best stock footage video clip…","image":"https://static.vecteezy.com/system/resources/thumbnails/001/272/435/small_2x/sky-stars-time-lapse.jpg","publisher":{"@type":"Organization","name":"vecteezy","logo":{"@type":"ImageObject","url":"https://www.vecteezy.com//images/vecteezy-logo--orange.jpg"}},"mainEntityOfPage":"https://static.vecteezy.com/system/resources/thumbnails/001/272/435/small_2x/sky-stars-time-lapse.jpg","dateModified":"2020-09-07T08:35:42-05:00"},"root_dl":"https://static.vecteezy.com/system/protected/files/001/272/435/vecteezy_galaxy-time-lapse_1272435.mov","infoVideo":{"Resolution:":"HD 1280x720","File Type:":"QuickTime","Codec:":"Photo-JPEG","Frame Rate:":"24 FPS","Aspect Ratio:":"16:9","Duration:":"00:07","vtype":".mov"}}