{"t1":"cute dog lying in grass with tongue out","t2":"cute dog lying in grass - Free HD Video Clips &amp; Stock Video Footage","tags":["pets","grass","outdoors","animal","video","cute","dog","nature","mammals","canine","looking","puppy","listening","environment","portrait","bush","closed","fun","walking","food","day","playing","indoors","happiness","meal","activity","running","meadow","people","snack"],"info":{"@context":"http://schema.org","@type":"Article","name":"Download cute dog lying in grass for free","description":"Download cute dog lying in grass stock video footage. Choose from thousands of the best stock footage video clips to download.","url":"https://www.vecteezy.com/video/1272838-cute-dog-lying-in-grass","datePublished":"2020-09-07T09:49:33-05:00","author":"jaminwell","headline":"Download cute dog lying in grass stock video footage. Choose from thousands of the best stock footage video c…","image":"https://static.vecteezy.com/system/resources/thumbnails/001/272/838/small_2x/cute-dog-lying-in-grass.jpg","publisher":{"@type":"Organization","name":"vecteezy","logo":{"@type":"ImageObject","url":"https://www.vecteezy.com//images/vecteezy-logo--orange.jpg"}},"mainEntityOfPage":"https://static.vecteezy.com/system/resources/thumbnails/001/272/838/small_2x/cute-dog-lying-in-grass.jpg","dateModified":"2020-09-07T09:49:33-05:00"},"root_dl":"https://static.vecteezy.com/system/protected/files/001/272/838/vecteezy_cute-dog-lying-in-grass-with-tongue-out_1272838.mov","infoVideo":{"Resolution:":"HD 1920x1080","File Type:":"QuickTime","Codec:":"Photo-JPEG","Frame Rate:":"30 FPS","Aspect Ratio:":"16:9","Duration:":"00:09","vtype":".mov"}}