{"t1":"On this close up footage we can see bee keeper chalking out for honey  in the beehive on a sunny day.","t2":"Bee keeper chalking out the hard working bees - Free HD Video Clips &amp; Stock Video Footage","tags":["people","outdoors","animal","honey","beehive","farm","food","truck","organic","honey bee","bee","island","picture frame","nature","healthy lifestyle"],"info":{"@context":"http://schema.org","@type":"Article","name":"Download Bee keeper chalking out the hard working bees for free","description":"Download Bee keeper chalking out the hard working bees stock video footage. Choose from thousands of the best stock footage video clips to download.","url":"https://www.vecteezy.com/video/1272495-bee-keeper-chalking-out-the-hard-working-bees","datePublished":"2020-09-07T08:47:06-05:00","author":"probakster","headline":"Download Bee keeper chalking out the hard working bees stock video footage. Choose from thousands of the best…","image":"https://static.vecteezy.com/system/resources/thumbnails/001/272/495/small_2x/bee-keeper-chalking-out-the-hard-working-bees.jpg","publisher":{"@type":"Organization","name":"vecteezy","logo":{"@type":"ImageObject","url":"https://www.vecteezy.com//images/vecteezy-logo--orange.jpg"}},"mainEntityOfPage":"https://static.vecteezy.com/system/resources/thumbnails/001/272/495/small_2x/bee-keeper-chalking-out-the-hard-working-bees.jpg","dateModified":"2020-09-07T08:47:06-05:00"},"root_dl":"https://static.vecteezy.com/system/protected/files/001/272/495/vecteezy_on-this-close-up-footage-we-can-see-bee-keeper-chalking-out-for-honey-in-the-beehive-on-a-sunny-day_1272495.mov","infoVideo":{"Resolution:":"HD 1920x1080","File Type:":"QuickTime","Codec:":"Photo-JPEG","Frame Rate:":"25 FPS","Aspect Ratio:":"16:9","Duration:":"00:11","vtype":".mov"}}