{"t1":"Two girls playing with their two dogs in the park.","t2":"Two girls playing with dogs - Free HD Video Clips &amp; Stock Video Footage","tags":["pets","people","looking","outdoors","animal","lifestyle","burglar","ground","running","playing","beauty","meadow","dog","watching","beautiful people","puppy","canine","nature","grass","cute","mammals","fun","summer","activity","winter","snow","backgrounds","loyalty","happiness","village"],"info":{"@context":"http://schema.org","@type":"Article","name":"Download Two girls playing with dogs for free","description":"Download Two girls playing with dogs stock video footage. Choose from thousands of the best stock footage video clips to download.","url":"https://www.vecteezy.com/video/1272899-two-girls-playing-with-dogs","datePublished":"2020-09-07T09:54:21-05:00","author":"milax","headline":"Download Two girls playing with dogs stock video footage. Choose from thousands of the best stock footage vid…","image":"https://static.vecteezy.com/system/resources/thumbnails/001/272/899/small_2x/two-girls-playing-with-dogs.jpg","publisher":{"@type":"Organization","name":"vecteezy","logo":{"@type":"ImageObject","url":"https://www.vecteezy.com//images/vecteezy-logo--orange.jpg"}},"mainEntityOfPage":"https://static.vecteezy.com/system/resources/thumbnails/001/272/899/small_2x/two-girls-playing-with-dogs.jpg","dateModified":"2020-09-07T09:54:21-05:00"},"root_dl":"https://static.vecteezy.com/system/protected/files/001/272/899/vecteezy_two-girls-playing-with-their-two-dogs-in-the-park_1272899.mov","infoVideo":{"Resolution:":"HD 1920x1080","File Type:":"QuickTime","Codec:":"Photo-JPEG","Frame Rate:":"30 FPS","Aspect Ratio:":"16:9","Duration:":"00:12","vtype":".mov"}}