{"t1":"Aerial video of 2015 fall foliage in New Hampshire, Maine, Vermont shot with a drone","t2":"Fall foliage aerial drone video - Free HD Video Clips &amp; Stock Video Footage","tags":["unmanned aerial vehicle","outdoors","high up","video","leaf","mountain","autumn","drone","road","forest","beauty","river","moving","flying","nature","animal","people","tree","backgrounds","falling","summer","mammals","environment","agriculture","farm","sunlight","travel","lifestyle","walking","bee"],"info":{"@context":"http://schema.org","@type":"Article","name":"Download Fall foliage aerial drone video for free","description":"Download Fall foliage aerial drone video stock video footage. Choose from thousands of the best stock footage video clips to download.","url":"https://www.vecteezy.com/video/1272413-fall-foliage-aerial-drone-video","datePublished":"2020-09-07T08:33:30-05:00","author":"felixmizioznikov","headline":"Download Fall foliage aerial drone video stock video footage. Choose from thousands of the best stock footage…","image":"https://static.vecteezy.com/system/resources/thumbnails/001/272/413/small_2x/fall-foliage-aerial-drone-video.jpg","publisher":{"@type":"Organization","name":"vecteezy","logo":{"@type":"ImageObject","url":"https://www.vecteezy.com//images/vecteezy-logo--orange.jpg"}},"mainEntityOfPage":"https://static.vecteezy.com/system/resources/thumbnails/001/272/413/small_2x/fall-foliage-aerial-drone-video.jpg","dateModified":"2020-09-07T08:33:30-05:00"},"root_dl":"https://static.vecteezy.com/system/protected/files/001/272/413/vecteezy_aerial-video-of-2015-fall-foliage-in-new-hampshire-maine-vermont-shot-with-a-drone_1272413.mov","infoVideo":{"Resolution:":"4K 3840x2160","File Type:":"QuickTime","Codec:":"ProRes 422 Standard","Frame Rate:":"30 FPS","Aspect Ratio:":"16:9","Duration:":"00:20","vtype":".mov"}}