{"t1":"Incredible footage of newly born baby elephant attempting to suckle from mother,Botwana","t2":"Incredible footage of newly born baby elephant attempting to suckle from mother,Botwana - Free HD Video Clips &amp; Stock Video Footage","tags":["outdoors","animal","tourist","cute","elephant","river","water","animal family","sunset","swimming","playing","travel","dust","day","walking","mammals","drink","wet"],"info":{"@context":"http://schema.org","@type":"Article","name":"Download Incredible footage of newly born baby elephant attempting to suckle from mother,Botwana for free","description":"Download Incredible footage of newly born baby elephant attempting to suckle from mother,Botwana stock video footage. Choose from thousands of the best stock footage video clips to download.","url":"https://www.vecteezy.com/video/1272521-incredible-footage-of-newly-born-baby-elephant-attempting-to-suckle-from-mother-botwana","datePublished":"2020-09-07T08:52:09-05:00","author":"martinharvey","headline":"Download Incredible footage of newly born baby elephant attempting to suckle from mother,Botwana stock video …","image":"https://static.vecteezy.com/system/resources/thumbnails/001/272/521/small_2x/incredible-footage-of-newly-born-baby-elephant-attempting-to-suckle-from-mother-botwana.jpg","publisher":{"@type":"Organization","name":"vecteezy","logo":{"@type":"ImageObject","url":"https://www.vecteezy.com//images/vecteezy-logo--orange.jpg"}},"mainEntityOfPage":"https://static.vecteezy.com/system/resources/thumbnails/001/272/521/small_2x/incredible-footage-of-newly-born-baby-elephant-attempting-to-suckle-from-mother-botwana.jpg","dateModified":"2020-09-07T08:52:09-05:00"},"root_dl":"https://static.vecteezy.com/system/protected/files/001/272/521/vecteezy_incredible-footage-of-newly-born-baby-elephant-attempting-to-suckle-from-motherbotwana_1272521.mov","infoVideo":{"Resolution:":"HD 1920x1080","File Type:":"QuickTime","Codec:":"Photo-JPEG","Frame Rate:":"25 FPS","Aspect Ratio:":"16:9","Duration:":"00:06","vtype":".mov"}}