{"t1":"Businessman and businesswoman discussing news in morning paper outdoors","t2":"Discussing Business News - Free HD Video Clips &amp; Stock Video Footage","tags":["people","media","newspaper","looking","outdoors","reading","city","discussion","businessman","paper","communication","morning","business","colleagues","business person","indoors","technology","office","corporate business","working","business meeting","meeting","document","computer","laptop","table","desk","file","manager","beautiful people"],"info":{"@context":"http://schema.org","@type":"Article","name":"Download Discussing Business News for free","description":"Download Discussing Business News stock video footage. Choose from thousands of the best stock footage video clips to download.","url":"https://www.vecteezy.com/video/1272745-discussing-business-news","datePublished":"2020-09-07T09:41:46-05:00","author":"shironosov","headline":"Download Discussing Business News stock video footage. Choose from thousands of the best stock footage video …","image":"https://static.vecteezy.com/system/resources/thumbnails/001/272/745/small_2x/discussing-business-news.jpg","publisher":{"@type":"Organization","name":"vecteezy","logo":{"@type":"ImageObject","url":"https://www.vecteezy.com//images/vecteezy-logo--orange.jpg"}},"mainEntityOfPage":"https://static.vecteezy.com/system/resources/thumbnails/001/272/745/small_2x/discussing-business-news.jpg","dateModified":"2020-09-07T09:41:46-05:00"},"root_dl":"https://static.vecteezy.com/system/protected/files/001/272/745/vecteezy_businessman-and-businesswoman-discussing-news-in-morning-paper-outdoors_1272745.mov","infoVideo":{"Resolution:":"HD 1920x1080","File Type:":"QuickTime","Codec:":"Photo-JPEG","Frame Rate:":"25 FPS","Aspect Ratio:":"16:9","Duration:":"00:18","vtype":".mov"}}