{"t1":"Close up of a honey comb covered with bees being held by a beekeeper.","t2":"CU Beekeeper with Bees on Honey Comb - Free HD Video Clips &amp; Stock Video Footage","tags":["working","people","insect","animal","honey","human body part","beehive","farm","agriculture","food","summer","part","organic","honey bee","bee","nature","healthy lifestyle"],"info":{"@context":"http://schema.org","@type":"Article","name":"Download CU Beekeeper with Bees on Honey Comb for free","description":"Download CU Beekeeper with Bees on Honey Comb stock video footage. Choose from thousands of the best stock footage video clips to download.","url":"https://www.vecteezy.com/video/1272467-cu-beekeeper-with-bees-on-honey-comb","datePublished":"2020-09-07T08:39:24-05:00","author":"dan hedges","headline":"Download CU Beekeeper with Bees on Honey Comb stock video footage. Choose from thousands of the best stock fo…","image":"https://static.vecteezy.com/system/resources/thumbnails/001/272/467/small_2x/cu-beekeeper-with-bees-on-honey-comb.jpg","publisher":{"@type":"Organization","name":"vecteezy","logo":{"@type":"ImageObject","url":"https://www.vecteezy.com//images/vecteezy-logo--orange.jpg"}},"mainEntityOfPage":"https://static.vecteezy.com/system/resources/thumbnails/001/272/467/small_2x/cu-beekeeper-with-bees-on-honey-comb.jpg","dateModified":"2020-09-07T08:39:24-05:00"},"root_dl":"https://static.vecteezy.com/system/protected/files/001/272/467/vecteezy_close-up-of-a-honey-comb-covered-with-bees-being-held-by-a-beekeeper_1272467.mov","infoVideo":{"Resolution:":"HD 1920x1080","File Type:":"QuickTime","Codec:":"Photo-JPEG","Frame Rate:":"30 FPS","Aspect Ratio:":"16:9","Duration:":"00:12","vtype":".mov"}}