{"t1":"Two juvenile elephants with their trunks intertwined","t2":"Twisted Trunks - Free HD Video Clips &amp; Stock Video Footage","tags":["animal","mammals","elephant","communication","outdoors","nature","water","video","environment","day","tourist","cute","river","animal family","travel","walking","grass","egret","bush","wet","playing","portrait","listening","looking","closed"],"info":{"@context":"http://schema.org","@type":"Article","name":"Download Twisted Trunks for free","description":"Download Twisted Trunks stock video footage. Choose from thousands of the best stock footage video clips to download.","url":"https://www.vecteezy.com/video/1272515-twisted-trunks","datePublished":"2020-09-07T08:50:53-05:00","author":"jungee","headline":"Download Twisted Trunks stock video footage. Choose from thousands of the best stock footage video clips to d…","image":"https://static.vecteezy.com/system/resources/thumbnails/001/272/515/small_2x/twisted-trunks.jpg","publisher":{"@type":"Organization","name":"vecteezy","logo":{"@type":"ImageObject","url":"https://www.vecteezy.com//images/vecteezy-logo--orange.jpg"}},"mainEntityOfPage":"https://static.vecteezy.com/system/resources/thumbnails/001/272/515/small_2x/twisted-trunks.jpg","dateModified":"2020-09-07T08:50:53-05:00"},"root_dl":"https://static.vecteezy.com/system/protected/files/001/272/515/vecteezy_two-juvenile-elephants-with-their-trunks-intertwined_1272515.mov","infoVideo":{"Resolution:":"HD 1920x1080","File Type:":"QuickTime","Codec:":"Photo-JPEG","Frame Rate:":"25 FPS","Aspect Ratio:":"16:9","Duration:":"00:06","vtype":".mov"}}