{"t1":"English cocker female dog having a shampoo bath with sponge. Panasonic GH2 AVC Intra 100mbit 50mm 2.8 Lens with diffused light tent.","t2":"Bathing Cocker Dog (HD) - Free HD Video Clips &amp; Stock Video Footage","tags":["canine","animal","video","cute","wet","beauty","dog","shampoo","pets","outdoors","mammals","puppy","nature","lifestyle","indoors","grass","fun","happiness","people","bulldog","metal","home interior","running","daughter","meadow","cleaning","looking","family","activity","food"],"info":{"@context":"http://schema.org","@type":"Article","name":"Download Bathing Cocker Dog (HD) for free","description":"Download Bathing Cocker Dog (HD) stock video footage. Choose from thousands of the best stock footage video clips to download.","url":"https://www.vecteezy.com/video/1272935-bathing-cocker-dog-hd","datePublished":"2020-09-07T09:56:57-05:00","author":"jamesbenet","headline":"Download Bathing Cocker Dog (HD) stock video footage. Choose from thousands of the best stock footage video c…","image":"https://static.vecteezy.com/system/resources/thumbnails/001/272/935/small_2x/bathing-cocker-dog-hd.jpg","publisher":{"@type":"Organization","name":"vecteezy","logo":{"@type":"ImageObject","url":"https://www.vecteezy.com//images/vecteezy-logo--orange.jpg"}},"mainEntityOfPage":"https://static.vecteezy.com/system/resources/thumbnails/001/272/935/small_2x/bathing-cocker-dog-hd.jpg","dateModified":"2020-09-07T09:56:57-05:00"},"root_dl":"https://static.vecteezy.com/system/protected/files/001/272/935/vecteezy_english-cocker-female-dog-having-a-shampoo-bath-with-sponge-panasonic-gh2-avc-intra-100mbit-50mm-28-lens-with-diffused-light-tent_1272935.mov","infoVideo":{"Resolution:":"HD 1920x1080","File Type:":"QuickTime","Codec:":"Photo-JPEG","Frame Rate:":"30 FPS","Aspect Ratio:":"16:9","Duration:":"00:24","vtype":".mov"}}