{"t1":"couple of wild bee Osmia bicornis looking out of insect hotel. mating.","t2":"couple wild bee Osmia bicornis - Free HD Video Clips &amp; Stock Video Footage","tags":["insect","hotel","animal","honey","wasp","beehive","environment","bee","tree","nature","outdoors","food","summer","people","honey bee","farm","organic","healthy lifestyle","pollen","agriculture","mammals","house","working","picture frame","island","truck","flower","day","lifestyle","video"],"info":{"@context":"http://schema.org","@type":"Article","name":"Download couple wild bee Osmia bicornis for free","description":"Download couple wild bee Osmia bicornis stock video footage. Choose from thousands of the best stock footage video clips to download.","url":"https://www.vecteezy.com/video/1272486-couple-wild-bee-osmia-bicornis","datePublished":"2020-09-07T08:45:03-05:00","author":"hsvrs","headline":"Download couple wild bee Osmia bicornis stock video footage. Choose from thousands of the best stock footage …","image":"https://static.vecteezy.com/system/resources/thumbnails/001/272/486/small_2x/couple-wild-bee-osmia-bicornis.jpg","publisher":{"@type":"Organization","name":"vecteezy","logo":{"@type":"ImageObject","url":"https://www.vecteezy.com//images/vecteezy-logo--orange.jpg"}},"mainEntityOfPage":"https://static.vecteezy.com/system/resources/thumbnails/001/272/486/small_2x/couple-wild-bee-osmia-bicornis.jpg","dateModified":"2020-09-07T08:45:03-05:00"},"root_dl":"https://static.vecteezy.com/system/protected/files/001/272/486/vecteezy_couple-of-wild-bee-osmia-bicornis-looking-out-of-insect-hotel-mating_1272486.mov","infoVideo":{"Resolution:":"HD 1920x1080","File Type:":"QuickTime","Codec:":"Photo-JPEG","Frame Rate:":"25 FPS","Aspect Ratio:":"16:9","Duration:":"00:13","vtype":".mov"}}