{"t1":"Panning up and over an old red telephone box in an historic environment","t2":"Panning up an old red telephone box - Free HD Video Clips &amp; Stock Video Footage","tags":["history","fence","architecture","street","bright","summer","city","tourist","cultures","travel","window","beauty","stained glass","old","beautiful people","outdoors","town","house","village","people","day","mountain","medieval","sky","cityscape","river","fashion","castle","tree","villa"],"info":{"@context":"http://schema.org","@type":"Article","name":"Download Panning up an old red telephone box for free","description":"Download Panning up an old red telephone box stock video footage. Choose from thousands of the best stock footage video clips to download.","url":"https://www.vecteezy.com/video/1272476-panning-up-an-old-red-telephone-box","datePublished":"2020-09-07T08:43:34-05:00","author":"studio-fi","headline":"Download Panning up an old red telephone box stock video footage. Choose from thousands of the best stock foo…","image":"https://static.vecteezy.com/system/resources/thumbnails/001/272/476/small_2x/panning-up-an-old-red-telephone-box.jpg","publisher":{"@type":"Organization","name":"vecteezy","logo":{"@type":"ImageObject","url":"https://www.vecteezy.com//images/vecteezy-logo--orange.jpg"}},"mainEntityOfPage":"https://static.vecteezy.com/system/resources/thumbnails/001/272/476/small_2x/panning-up-an-old-red-telephone-box.jpg","dateModified":"2020-09-07T08:43:34-05:00"},"root_dl":"https://static.vecteezy.com/system/protected/files/001/272/476/vecteezy_panning-up-and-over-an-old-red-telephone-box-in-an-historic-environment_1272476.mov","infoVideo":{"Resolution:":"HD 1920x1080","File Type:":"QuickTime","Codec:":"Photo-JPEG","Frame Rate:":"30 FPS","Aspect Ratio:":"16:9","Duration:":"00:13","vtype":".mov"}}