{"t1":"Dog lying on green lawn. HD clip.","t2":"Dog lying on green lawn. - Free HD Video Clips &amp; Stock Video Footage","tags":["pets","outdoors","animal","video","lawn","summer","happiness","forest","playing","meadow","dog","morning","nature","steam","canine","grass","mammals","fun","cute","people","activity","puppy","farm","tree","german shepherd","indoors","lifestyle","flower","looking","day"],"info":{"@context":"http://schema.org","@type":"Article","name":"Download Dog lying on green lawn. for free","description":"Download Dog lying on green lawn. stock video footage. Choose from thousands of the best stock footage video clips to download.","url":"https://www.vecteezy.com/video/1272840-dog-lying-on-green-lawn","datePublished":"2020-09-07T09:49:34-05:00","author":"pashabo","headline":"Download Dog lying on green lawn. stock video footage. Choose from thousands of the best stock footage video …","image":"https://static.vecteezy.com/system/resources/thumbnails/001/272/840/small_2x/dog-lying-on-green-lawn.jpg","publisher":{"@type":"Organization","name":"vecteezy","logo":{"@type":"ImageObject","url":"https://www.vecteezy.com//images/vecteezy-logo--orange.jpg"}},"mainEntityOfPage":"https://static.vecteezy.com/system/resources/thumbnails/001/272/840/small_2x/dog-lying-on-green-lawn.jpg","dateModified":"2020-09-07T09:49:34-05:00"},"root_dl":"https://static.vecteezy.com/system/protected/files/001/272/840/vecteezy_dog-lying-on-green-lawn-hd-clip_1272840.mov","infoVideo":{"Resolution:":"HD 1920x1080","File Type:":"QuickTime","Codec:":"Photo-JPEG","Frame Rate:":"30 FPS","Aspect Ratio:":"16:9","Duration:":"00:27","vtype":".mov"}}