{"t1":"Dog Shiba Inu sitting on meadow and breathes his tongue out. Funny animals","t2":"Dog Shiba Inu on a meadow - Free HD Video Clips &amp; Stock Video Footage","tags":["pets","canine","outdoors","animal","lifestyle","sunlight","shiba inu","walking","summer","sun","cute","happiness","sunny","dog walking","playing","dog","nature","day","joy","activity","puppy","mammals","street","sadness","hungry","grass","people","beauty","fun","tree"],"info":{"@context":"http://schema.org","@type":"Article","name":"Download Dog Shiba Inu on a meadow for free","description":"Download Dog Shiba Inu on a meadow stock video footage. Choose from thousands of the best stock footage video clips to download.","url":"https://www.vecteezy.com/video/1272961-dog-shiba-inu-on-a-meadow","datePublished":"2020-09-07T09:58:52-05:00","author":"vagengeym elena","headline":"Download Dog Shiba Inu on a meadow stock video footage. Choose from thousands of the best stock footage video…","image":"https://static.vecteezy.com/system/resources/thumbnails/001/272/961/small_2x/dog-shiba-inu-on-a-meadow.jpg","publisher":{"@type":"Organization","name":"vecteezy","logo":{"@type":"ImageObject","url":"https://www.vecteezy.com//images/vecteezy-logo--orange.jpg"}},"mainEntityOfPage":"https://static.vecteezy.com/system/resources/thumbnails/001/272/961/small_2x/dog-shiba-inu-on-a-meadow.jpg","dateModified":"2020-09-07T09:58:52-05:00"},"root_dl":"https://static.vecteezy.com/system/protected/files/001/272/961/vecteezy_dog-shiba-inu-sitting-on-meadow-and-breathes-his-tongue-out-funny-animals_1272961.mov","infoVideo":{"Resolution:":"HD 1920x1080","File Type:":"QuickTime","Codec:":"Photo-JPEG","Frame Rate:":"25 FPS","Aspect Ratio:":"16:9","Duration:":"00:10","vtype":".mov"}}