{"t1":"Classmates mastering their computer skills using a digital tablet","t2":"Familiar with modern technology - Free HD Video Clips &amp; Stock Video Footage","tags":["education","school children","lifestyle","technology","using computer","touch screen","video","studying","student","desktop pc","modern","communication","industry","internet","people","computer","business","indoors","working","businessman","human body part","pills","beautiful people","home interior","playing","beauty","discussion","office","business person","outdoors"],"info":{"@context":"http://schema.org","@type":"Article","name":"Download Familiar with modern technology for free","description":"Download Familiar with modern technology stock video footage. Choose from thousands of the best stock footage video clips to download.","url":"https://www.vecteezy.com/video/1272547-familiar-with-modern-technology","datePublished":"2020-09-07T09:23:48-05:00","author":"shironosov","headline":"Download Familiar with modern technology stock video footage. Choose from thousands of the best stock footage…","image":"https://static.vecteezy.com/system/resources/thumbnails/001/272/547/small_2x/familiar-with-modern-technology.jpg","publisher":{"@type":"Organization","name":"vecteezy","logo":{"@type":"ImageObject","url":"https://www.vecteezy.com//images/vecteezy-logo--orange.jpg"}},"mainEntityOfPage":"https://static.vecteezy.com/system/resources/thumbnails/001/272/547/small_2x/familiar-with-modern-technology.jpg","dateModified":"2020-09-07T09:23:48-05:00"},"root_dl":"https://static.vecteezy.com/system/protected/files/001/272/547/vecteezy_classmates-mastering-their-computer-skills-using-a-digital-tablet_1272547.mov","infoVideo":{"Resolution:":"HD 1920x1080","File Type:":"QuickTime","Codec:":"Photo-JPEG","Frame Rate:":"25 FPS","Aspect Ratio:":"16:9","Duration:":"00:29","vtype":".mov"}}