{"t1":"Dog swimming in lake to get ball.","t2":"Dog Getting Ball from Lake - Free HD Video Clips &amp; Stock Video Footage","tags":["pets","outdoors","sunlight","fun","drinking water","sport","lake","water","mountain range","sunset","running","playing","teaching","loyalty","dog","swimming","jumping","animal","nature","people","grass","canine","activity","tree","farm","summer","puppy","cute","happiness","lifestyle"],"info":{"@context":"http://schema.org","@type":"Article","name":"Download Dog Getting Ball from Lake for free","description":"Download Dog Getting Ball from Lake stock video footage. Choose from thousands of the best stock footage video clips to download.","url":"https://www.vecteezy.com/video/1272937-dog-getting-ball-from-lake","datePublished":"2020-09-07T09:57:00-05:00","author":"stockfilmdotcom","headline":"Download Dog Getting Ball from Lake stock video footage. Choose from thousands of the best stock footage vide…","image":"https://static.vecteezy.com/system/resources/thumbnails/001/272/937/small_2x/dog-getting-ball-from-lake.jpg","publisher":{"@type":"Organization","name":"vecteezy","logo":{"@type":"ImageObject","url":"https://www.vecteezy.com//images/vecteezy-logo--orange.jpg"}},"mainEntityOfPage":"https://static.vecteezy.com/system/resources/thumbnails/001/272/937/small_2x/dog-getting-ball-from-lake.jpg","dateModified":"2020-09-07T09:57:00-05:00"},"root_dl":"https://static.vecteezy.com/system/protected/files/001/272/937/vecteezy_dog-swimming-in-lake-to-get-ball_1272937.mov","infoVideo":{"Resolution:":"HD 1920x1080","File Type:":"QuickTime","Codec:":"Photo-JPEG","Frame Rate:":"30 FPS","Aspect Ratio:":"16:9","Duration:":"00:26","vtype":".mov"}}