{"t1":"African elephants (Loxodonta africana) playing in the water, Addo Elephant National Park, South Africa","t2":"Playful African elephants - Free HD Video Clips &amp; Stock Video Footage","tags":["outdoors","animal","video","mammals","water","elephant","environment","playing","nature","day"],"info":{"@context":"http://schema.org","@type":"Article","name":"Download Playful African elephants for free","description":"Download Playful African elephants stock video footage. Choose from thousands of the best stock footage video clips to download.","url":"https://www.vecteezy.com/video/1272518-playful-african-elephants","datePublished":"2020-09-07T08:50:55-05:00","author":"ecopic","headline":"Download Playful African elephants stock video footage. Choose from thousands of the best stock footage video…","image":"https://static.vecteezy.com/system/resources/thumbnails/001/272/518/small_2x/playful-african-elephants.jpg","publisher":{"@type":"Organization","name":"vecteezy","logo":{"@type":"ImageObject","url":"https://www.vecteezy.com//images/vecteezy-logo--orange.jpg"}},"mainEntityOfPage":"https://static.vecteezy.com/system/resources/thumbnails/001/272/518/small_2x/playful-african-elephants.jpg","dateModified":"2020-09-07T08:50:55-05:00"},"root_dl":"https://static.vecteezy.com/system/protected/files/001/272/518/vecteezy_african-elephants-(loxodonta-africana)-playing-in-the-water-addo-elephant-national-park-south-africa_1272518.mov","infoVideo":{"Resolution:":"HD 1920x1080","File Type:":"QuickTime","Codec:":"Photo-JPEG","Frame Rate:":"30 FPS","Aspect Ratio:":"16:9","Duration:":"00:19","vtype":".mov"}}