{"t1":"Abstract background with green boxes.","t2":"Green Technology - Free HD Video Clips &amp; Stock Video Footage","tags":["computer","technology","video","backgrounds","computer graphic","modern","green technology","communication","internet","shape","using computer","indoors","science","data","industry","people","design","desktop pc","university","station","video game","fashion","cartoon","office","lifestyle","geometric shapes","beauty","pills","circle","symbol"],"info":{"@context":"http://schema.org","@type":"Article","name":"Download Green Technology for free","description":"Download Green Technology stock video footage. Choose from thousands of the best stock footage video clips to download.","url":"https://www.vecteezy.com/video/1272537-green-technology","datePublished":"2020-09-07T09:23:48-05:00","author":"malekas85","headline":"Download Green Technology stock video footage. Choose from thousands of the best stock footage video clips to…","image":"https://static.vecteezy.com/system/resources/thumbnails/001/272/537/small_2x/green-technology.jpg","publisher":{"@type":"Organization","name":"vecteezy","logo":{"@type":"ImageObject","url":"https://www.vecteezy.com//images/vecteezy-logo--orange.jpg"}},"mainEntityOfPage":"https://static.vecteezy.com/system/resources/thumbnails/001/272/537/small_2x/green-technology.jpg","dateModified":"2020-09-07T09:23:48-05:00"},"root_dl":"https://static.vecteezy.com/system/protected/files/001/272/537/vecteezy_abstract-background-with-green-boxes_1272537.mov","infoVideo":{"Resolution:":"HD 1920x1080","File Type:":"QuickTime","Codec:":"Photo-JPEG","Frame Rate:":"25 FPS","Aspect Ratio:":"16:9","Duration:":"00:10","vtype":".mov"}}