{"t1":"Senior woman thinking happy thoughts","t2":"Senior woman thinking happy thoughts - Free HD Video Clips &amp; Stock Video Footage","tags":["people","looking","lifestyle","human body part","old","healthy lifestyle","outdoors","nature","portrait","video","summer","cute","joy","sunlight","working","retirement","sunny","beauty","beautiful people","part","happiness","eye","animal","sewing machine","sewing","house","sun","tree","agriculture","food"],"info":{"@context":"http://schema.org","@type":"Article","name":"Download Senior woman thinking happy thoughts for free","description":"Download Senior woman thinking happy thoughts stock video footage. Choose from thousands of the best stock footage video clips to download.","url":"https://www.vecteezy.com/video/1272610-senior-woman-thinking-happy-thoughts","datePublished":"2020-09-07T09:33:18-05:00","author":"rocketclips","headline":"Download Senior woman thinking happy thoughts stock video footage. Choose from thousands of the best stock fo…","image":"https://static.vecteezy.com/system/resources/thumbnails/001/272/610/small_2x/senior-woman-thinking-happy-thoughts.jpg","publisher":{"@type":"Organization","name":"vecteezy","logo":{"@type":"ImageObject","url":"https://www.vecteezy.com//images/vecteezy-logo--orange.jpg"}},"mainEntityOfPage":"https://static.vecteezy.com/system/resources/thumbnails/001/272/610/small_2x/senior-woman-thinking-happy-thoughts.jpg","dateModified":"2020-09-07T09:33:18-05:00"},"root_dl":"https://static.vecteezy.com/system/protected/files/001/272/610/vecteezy_senior-woman-thinking-happy-thoughts_1272610.mov","infoVideo":{"Resolution:":"HD 1920x1080","File Type:":"QuickTime","Codec:":"Photo-JPEG","Frame Rate:":"24 FPS","Aspect Ratio:":"16:9","Duration:":"00:20","vtype":".mov"}}