{"t1":"Dog Shiba Inu stands in a spring meadow. Funny animals","t2":"Dog Shiba Inu stands on a meadow - Free HD Video Clips &amp; Stock Video Footage","tags":["pets","canine","outdoors","animal","lifestyle","sunlight","shiba inu","walking","summer","sun","cute","happiness","sunny","dog walking","playing","dog","nature","day","joy","activity","puppy","mammals","street","sadness","hungry","grass","people","beauty","fun","tree"],"info":{"@context":"http://schema.org","@type":"Article","name":"Download Dog Shiba Inu stands on a meadow for free","description":"Download Dog Shiba Inu stands on a meadow stock video footage. Choose from thousands of the best stock footage video clips to download.","url":"https://www.vecteezy.com/video/1272959-dog-shiba-inu-stands-on-a-meadow","datePublished":"2020-09-07T09:58:41-05:00","author":"vagengeym elena","headline":"Download Dog Shiba Inu stands on a meadow stock video footage. Choose from thousands of the best stock footag…","image":"https://static.vecteezy.com/system/resources/thumbnails/001/272/959/small_2x/dog-shiba-inu-stands-on-a-meadow.jpg","publisher":{"@type":"Organization","name":"vecteezy","logo":{"@type":"ImageObject","url":"https://www.vecteezy.com//images/vecteezy-logo--orange.jpg"}},"mainEntityOfPage":"https://static.vecteezy.com/system/resources/thumbnails/001/272/959/small_2x/dog-shiba-inu-stands-on-a-meadow.jpg","dateModified":"2020-09-07T09:58:41-05:00"},"root_dl":"https://static.vecteezy.com/system/protected/files/001/272/959/vecteezy_dog-shiba-inu-stands-in-a-spring-meadow-funny-animals_1272959.mov","infoVideo":{"Resolution:":"HD 1920x1080","File Type:":"QuickTime","Codec:":"Photo-JPEG","Frame Rate:":"25 FPS","Aspect Ratio:":"16:9","Duration:":"00:05","vtype":".mov"}}