{"t1":"Cheerful man joining his beloved wife and daughter on winter stroll, family embracing warmly","t2":"Warm Relationship in Cold Winter - Free HD Video Clips &amp; Stock Video Footage","tags":["people","outdoors","surprise","family","knitting","mother","winter","father","happiness","daughter","parent","lifestyle","son","nature","sunlight","autumn","forest","fun","tree","indoors","filming","summer","playing","sun","lawn","home interior","walking","pets","grass","hiking"],"info":{"@context":"http://schema.org","@type":"Article","name":"Download Warm Relationship in Cold Winter for free","description":"Download Warm Relationship in Cold Winter stock video footage. Choose from thousands of the best stock footage video clips to download.","url":"https://www.vecteezy.com/video/1272791-warm-relationship-in-cold-winter","datePublished":"2020-09-07T09:45:59-05:00","author":"shironosov","headline":"Download Warm Relationship in Cold Winter stock video footage. Choose from thousands of the best stock footag…","image":"https://static.vecteezy.com/system/resources/thumbnails/001/272/791/small_2x/warm-relationship-in-cold-winter.jpg","publisher":{"@type":"Organization","name":"vecteezy","logo":{"@type":"ImageObject","url":"https://www.vecteezy.com//images/vecteezy-logo--orange.jpg"}},"mainEntityOfPage":"https://static.vecteezy.com/system/resources/thumbnails/001/272/791/small_2x/warm-relationship-in-cold-winter.jpg","dateModified":"2020-09-07T09:45:59-05:00"},"root_dl":"https://static.vecteezy.com/system/protected/files/001/272/791/vecteezy_cheerful-man-joining-his-beloved-wife-and-daughter-on-winter-stroll-family-embracing-warmly_1272791.mov","infoVideo":{"Resolution:":"HD 1920x1080","File Type:":"QuickTime","Codec:":"Photo-JPEG","Frame Rate:":"25 FPS","Aspect Ratio:":"16:9","Duration:":"00:18","vtype":".mov"}}