{"t1":"People through the window that travels daily in public transportation","t2":"People travelling everyday - Free HD Video Clips &amp; Stock Video Footage","tags":["working","people","engine","technology","electricity","walking","cart","activity","modern","city","tourist","station","travel","window","tunnel","transportation"],"info":{"@context":"http://schema.org","@type":"Article","name":"Download People travelling everyday for free","description":"Download People travelling everyday stock video footage. Choose from thousands of the best stock footage video clips to download.","url":"https://www.vecteezy.com/video/1272586-people-travelling-everyday","datePublished":"2020-09-07T09:29:26-05:00","author":"mclein","headline":"Download People travelling everyday stock video footage. Choose from thousands of the best stock footage vide…","image":"https://static.vecteezy.com/system/resources/thumbnails/001/272/586/small_2x/people-travelling-everyday.jpg","publisher":{"@type":"Organization","name":"vecteezy","logo":{"@type":"ImageObject","url":"https://www.vecteezy.com//images/vecteezy-logo--orange.jpg"}},"mainEntityOfPage":"https://static.vecteezy.com/system/resources/thumbnails/001/272/586/small_2x/people-travelling-everyday.jpg","dateModified":"2020-09-07T09:29:26-05:00"},"root_dl":"https://static.vecteezy.com/system/protected/files/001/272/586/vecteezy_people-through-the-window-that-travels-daily-in-public-transportation_1272586.mov","infoVideo":{"Resolution:":"HD 1920x1080","File Type:":"QuickTime","Codec:":"Photo-JPEG","Frame Rate:":"30 FPS","Aspect Ratio:":"16:9","Duration:":"00:26","vtype":".mov"}}