{"t1":"A little girl stares sadly out of a rainy window.","t2":"Girl sad / bored - Free HD Video Clips &amp; Stock Video Footage","tags":["people","lifestyle","video","water","rain","sadness","window","indoors","beautiful people","cute","beauty","looking","business","outdoors","day","joy","portrait","city","communication","nature","office","bright","transportation","animal","house","human body part","apartment","pets","wet","weather"],"info":{"@context":"http://schema.org","@type":"Article","name":"Download Girl sad / bored for free","description":"Download Girl sad / bored stock video footage. Choose from thousands of the best stock footage video clips to download.","url":"https://www.vecteezy.com/video/1272650-girl-sad-bored","datePublished":"2020-09-07T09:36:45-05:00","author":"benjikat","headline":"Download Girl sad / bored stock video footage. Choose from thousands of the best stock footage video clips to…","image":"https://static.vecteezy.com/system/resources/thumbnails/001/272/650/small_2x/girl-sad-bored.jpg","publisher":{"@type":"Organization","name":"vecteezy","logo":{"@type":"ImageObject","url":"https://www.vecteezy.com//images/vecteezy-logo--orange.jpg"}},"mainEntityOfPage":"https://static.vecteezy.com/system/resources/thumbnails/001/272/650/small_2x/girl-sad-bored.jpg","dateModified":"2020-09-07T09:36:45-05:00"},"root_dl":"https://static.vecteezy.com/system/protected/files/001/272/650/vecteezy_a-little-girl-stares-sadly-out-of-a-rainy-window_1272650.mov","infoVideo":{"Resolution:":"HD 1920x1080","File Type:":"QuickTime","Codec:":"Photo-JPEG","Frame Rate:":"25 FPS","Aspect Ratio:":"16:9","Duration:":"00:23","vtype":".mov"}}