{"t1":"beautiful happy female looking and smiling at camera","t2":"happy female - Free HD Video Clips &amp; Stock Video Footage","tags":["people","beautiful woman","clean","wellbeing","happiness","beauty","nature","beautiful people","portrait","healthy lifestyle","animal","cute","dog","pets","outdoors","fun","human body part","looking","canine","lifestyle","mammals","summer","water","puppy","joy","video","fish","playing","wet","grass"],"info":{"@context":"http://schema.org","@type":"Article","name":"Download happy female for free","description":"Download happy female stock video footage. Choose from thousands of the best stock footage video clips to download.","url":"https://www.vecteezy.com/video/1272657-happy-female","datePublished":"2020-09-07T09:36:49-05:00","author":"babiss","headline":"Download happy female stock video footage. Choose from thousands of the best stock footage video clips to dow…","image":"https://static.vecteezy.com/system/resources/thumbnails/001/272/657/small_2x/happy-female.jpg","publisher":{"@type":"Organization","name":"vecteezy","logo":{"@type":"ImageObject","url":"https://www.vecteezy.com//images/vecteezy-logo--orange.jpg"}},"mainEntityOfPage":"https://static.vecteezy.com/system/resources/thumbnails/001/272/657/small_2x/happy-female.jpg","dateModified":"2020-09-07T09:36:49-05:00"},"root_dl":"https://static.vecteezy.com/system/protected/files/001/272/657/vecteezy_beautiful-happy-female-looking-and-smiling-at-camera_1272657.mov","infoVideo":{"Resolution:":"HD 1920x1080","File Type:":"QuickTime","Codec:":"Photo-JPEG","Frame Rate:":"30 FPS","Aspect Ratio:":"16:9","Duration:":"00:28","vtype":".mov"}}