{"t1":"A view of Yosemite National Park&#39;s Upper Yosemite falls from a distant meadow.","t2":"Upper Yosemite Falls from Meadow - Free HD Video Clips &amp; Stock Video Footage","tags":["sunlight","backgrounds","summer","mountain","mountain range","running water","forest","meadow","waterfall","nature"],"info":{"@context":"http://schema.org","@type":"Article","name":"Download Upper Yosemite Falls from Meadow for free","description":"Download Upper Yosemite Falls from Meadow stock video footage. Choose from thousands of the best stock footage video clips to download.","url":"https://www.vecteezy.com/video/1272409-upper-yosemite-falls-from-meadow","datePublished":"2020-09-07T08:32:51-05:00","author":"earthlingdw","headline":"Download Upper Yosemite Falls from Meadow stock video footage. Choose from thousands of the best stock footag…","image":"https://static.vecteezy.com/system/resources/thumbnails/001/272/409/small_2x/upper-yosemite-falls-from-meadow-video.jpg","publisher":{"@type":"Organization","name":"vecteezy","logo":{"@type":"ImageObject","url":"https://www.vecteezy.com//images/vecteezy-logo--orange.jpg"}},"mainEntityOfPage":"https://static.vecteezy.com/system/resources/thumbnails/001/272/409/small_2x/upper-yosemite-falls-from-meadow-video.jpg","dateModified":"2020-09-07T08:32:51-05:00"},"root_dl":"https://static.vecteezy.com/system/protected/files/001/272/409/vecteezy_a-view-of-yosemite-national-park-s-upper-yosemite-falls-from-a-distant-meadow_1272409.mov","infoVideo":{"Resolution:":"SD 720x576","File Type:":"QuickTime","Codec:":"Photo-JPEG","Frame Rate:":"25 FPS","Aspect Ratio:":"5:4","Duration:":"00:20","vtype":".mov"}}