{"t1":"Beautiful natural yellow rose on beautiful morning light, on deep green background, handheld, 1080p","t2":"Beautiful natural yellow rose on beautiful morning light - Free HD Video Clips &amp; Stock Video Footage","tags":["wind","petals","bunch","outdoors","sunlight","anniversary","gift","backgrounds","plant","flower","blossom","bright","summer","decoration","perfume","sunny","beauty","nature","day","moving","ceremony"],"info":{"@context":"http://schema.org","@type":"Article","name":"Download Beautiful natural yellow rose on beautiful morning light for free","description":"Download Beautiful natural yellow rose on beautiful morning light stock video footage. Choose from thousands of the best stock footage video clips to download.","url":"https://www.vecteezy.com/video/1272558-beautiful-natural-yellow-rose-on-beautiful-morning-light","datePublished":"2020-09-07T09:25:27-05:00","author":"miniloc","headline":"Download Beautiful natural yellow rose on beautiful morning light stock video footage. Choose from thousands …","image":"https://static.vecteezy.com/system/resources/thumbnails/001/272/558/small_2x/beautiful-natural-yellow-rose-on-beautiful-morning-light.jpg","publisher":{"@type":"Organization","name":"vecteezy","logo":{"@type":"ImageObject","url":"https://www.vecteezy.com//images/vecteezy-logo--orange.jpg"}},"mainEntityOfPage":"https://static.vecteezy.com/system/resources/thumbnails/001/272/558/small_2x/beautiful-natural-yellow-rose-on-beautiful-morning-light.jpg","dateModified":"2020-09-07T09:25:27-05:00"},"root_dl":"https://static.vecteezy.com/system/protected/files/001/272/558/vecteezy_beautiful-natural-yellow-rose-on-beautiful-morning-light-on-deep-green-background-handheld-1080p_1272558.mov","infoVideo":{"Resolution:":"HD 1920x1080","File Type:":"QuickTime","Codec:":"Photo-JPEG","Frame Rate:":"24 FPS","Aspect Ratio:":"16:9","Duration:":"00:13","vtype":".mov"}}