{"t1":"Attractive african american woman commuter using smartphone walking in city at sunset","t2":"Attractive african american woman using smartphone - Free HD Video Clips &amp; Stock Video Footage","tags":["internet","people","telephone","outdoors","lifestyle","choosing","touch screen","walking","summer","sun","city","mobile app","smart phone","data","sunset","communication","shopping","commuter","beauty","business","beautiful people","computer software","portrait","fashion","day","wireless"],"info":{"@context":"http://schema.org","@type":"Article","name":"Download Attractive african american woman using smartphone for free","description":"Download Attractive african american woman using smartphone stock video footage. Choose from thousands of the best stock footage video clips to download.","url":"https://www.vecteezy.com/video/1272400-attractive-african-american-business-woman-using-smartphone","datePublished":"2020-09-07T08:32:32-05:00","author":"uzhursky","headline":"Download Attractive african american woman using smartphone stock video footage. Choose from thousands of the…","image":"https://static.vecteezy.com/system/resources/thumbnails/001/272/400/small_2x/attractive-african-american-business-woman-using-smartphone.jpg","publisher":{"@type":"Organization","name":"vecteezy","logo":{"@type":"ImageObject","url":"https://www.vecteezy.com//images/vecteezy-logo--orange.jpg"}},"mainEntityOfPage":"https://static.vecteezy.com/system/resources/thumbnails/001/272/400/small_2x/attractive-african-american-business-woman-using-smartphone.jpg","dateModified":"2020-09-07T08:32:32-05:00"},"root_dl":"https://static.vecteezy.com/system/protected/files/001/272/400/vecteezy_attractive-african-american-woman-commuter-using-smartphone-walking-in-city-at-sunset_1272400.mov","infoVideo":{"Resolution:":"HD 1920x1080","File Type:":"QuickTime","Codec:":"Photo-JPEG","Frame Rate:":"25 FPS","Aspect Ratio:":"16:9","Duration:":"00:15","vtype":".mov"}}