{"t1":"bodybuilder exercising biceps with barbell at gym","t2":"bodybuilder exercising biceps at gym - Free HD Video Clips &amp; Stock Video Footage","tags":["weights","lifestyle","human body","sport","bicep","gym","human body part","design","beauty","coach","dumbbell","beautiful people","healthy lifestyle","people","looking","outdoors","animal","nature","cute","dog","pets","mammals","portrait","fish","food","happiness","activity","fisherman","puppy","canine"],"info":{"@context":"http://schema.org","@type":"Article","name":"Download bodybuilder exercising biceps at gym for free","description":"Download bodybuilder exercising biceps at gym stock video footage. Choose from thousands of the best stock footage video clips to download.","url":"https://www.vecteezy.com/video/1272742-bodybuilder-exercising-biceps-at-gym","datePublished":"2020-09-07T09:41:32-05:00","author":"alexeg84","headline":"Download bodybuilder exercising biceps at gym stock video footage. Choose from thousands of the best stock fo…","image":"https://static.vecteezy.com/system/resources/thumbnails/001/272/742/small_2x/bodybuilder-exercising-biceps-at-gym.jpg","publisher":{"@type":"Organization","name":"vecteezy","logo":{"@type":"ImageObject","url":"https://www.vecteezy.com//images/vecteezy-logo--orange.jpg"}},"mainEntityOfPage":"https://static.vecteezy.com/system/resources/thumbnails/001/272/742/small_2x/bodybuilder-exercising-biceps-at-gym.jpg","dateModified":"2020-09-07T09:41:32-05:00"},"root_dl":"https://static.vecteezy.com/system/protected/files/001/272/742/vecteezy_bodybuilder-exercising-biceps-with-barbell-at-gym_1272742.mov","infoVideo":{"Resolution:":"HD 1920x1080","File Type:":"QuickTime","Codec:":"Photo-JPEG","Frame Rate:":"25 FPS","Aspect Ratio:":"16:9","Duration:":"00:13","vtype":".mov"}}