{"t1":"Happy man playing with a maltese puppy","t2":"Playing with a maltese puppy - Free HD Video Clips &amp; Stock Video Footage","tags":["pets","people","animal","lifestyle","fun","puppy","mammals","cute","happiness","playing","beauty","dog","beautiful people","joy","canine","outdoors","nature","grass","looking","activity","meadow","running","ground","watching","summer","portrait","video","farm","flower","loyalty"],"info":{"@context":"http://schema.org","@type":"Article","name":"Download Playing with a maltese puppy for free","description":"Download Playing with a maltese puppy stock video footage. Choose from thousands of the best stock footage video clips to download.","url":"https://www.vecteezy.com/video/1272852-playing-with-a-maltese-puppy","datePublished":"2020-09-07T09:51:01-05:00","author":"branex","headline":"Download Playing with a maltese puppy stock video footage. Choose from thousands of the best stock footage vi…","image":"https://static.vecteezy.com/system/resources/thumbnails/001/272/852/small_2x/playing-with-a-maltese-puppy.jpg","publisher":{"@type":"Organization","name":"vecteezy","logo":{"@type":"ImageObject","url":"https://www.vecteezy.com//images/vecteezy-logo--orange.jpg"}},"mainEntityOfPage":"https://static.vecteezy.com/system/resources/thumbnails/001/272/852/small_2x/playing-with-a-maltese-puppy.jpg","dateModified":"2020-09-07T09:51:01-05:00"},"root_dl":"https://static.vecteezy.com/system/protected/files/001/272/852/vecteezy_happy-man-playing-with-a-maltese-puppy_1272852.mov","infoVideo":{"Resolution:":"HD 1920x1080","File Type:":"QuickTime","Codec:":"Photo-JPEG","Frame Rate:":"30 FPS","Aspect Ratio:":"16:9","Duration:":"00:16","vtype":".mov"}}