{"t1":"A Matrix like text effect","t2":"Technologic Background - Free HD Video Clips &amp; Stock Video Footage","tags":["internet","computer","technology","physics","number","science","circle","data","symbol","modern","shape","fashion","design","cartoon","outer space","communication","art","craft","business","fashion model","sphere","coding","chemistry","transparent","research","chemical","biology","organic","transportation","geometric shapes"],"info":{"@context":"http://schema.org","@type":"Article","name":"Download Technologic Background for free","description":"Download Technologic Background stock video footage. Choose from thousands of the best stock footage video clips to download.","url":"https://www.vecteezy.com/video/1272553-technologic-background","datePublished":"2020-09-07T09:23:49-05:00","author":"obstakl","headline":"Download Technologic Background stock video footage. Choose from thousands of the best stock footage video cl…","image":"https://static.vecteezy.com/system/resources/thumbnails/001/272/553/small_2x/technologic-background.jpg","publisher":{"@type":"Organization","name":"vecteezy","logo":{"@type":"ImageObject","url":"https://www.vecteezy.com//images/vecteezy-logo--orange.jpg"}},"mainEntityOfPage":"https://static.vecteezy.com/system/resources/thumbnails/001/272/553/small_2x/technologic-background.jpg","dateModified":"2020-09-07T09:23:49-05:00"},"root_dl":"https://static.vecteezy.com/system/protected/files/001/272/553/vecteezy_a-matrix-like-text-effect_1272553.mov","infoVideo":{"Resolution:":"HD 1280x720","File Type:":"QuickTime","Codec:":"Motion-JPEG B","Frame Rate:":"25 FPS","Aspect Ratio:":"16:9","Duration:":"00:07","vtype":".mov"}}