{"t1":"High up view of Birmingham featuring New Street Station. Trains, buses, and people can be seen moving around. A large number of high-rise buildings.","t2":"City Transport - New Street Station - Free HD Video Clips &amp; Stock Video Footage","tags":["pedestrian","outdoors","sunlight","city","station","tower","road","bus","cityscape","skyscraper","store","transportation","travel","people","traffic","modern","technology","commuter","tunnel","architecture","indoors","street","activity","window","tourist","sky","cultures","nature","water","day"],"info":{"@context":"http://schema.org","@type":"Article","name":"Download City Transport - New Street Station for free","description":"Download City Transport - New Street Station stock video footage. Choose from thousands of the best stock footage video clips to download.","url":"https://www.vecteezy.com/video/1272488-city-transport-new-street-station","datePublished":"2020-09-07T08:45:20-05:00","author":"peterhowell","headline":"Download City Transport - New Street Station stock video footage. Choose from thousands of the best stock foo…","image":"https://static.vecteezy.com/system/resources/thumbnails/001/272/488/small_2x/city-transport-new-street-station.jpg","publisher":{"@type":"Organization","name":"vecteezy","logo":{"@type":"ImageObject","url":"https://www.vecteezy.com//images/vecteezy-logo--orange.jpg"}},"mainEntityOfPage":"https://static.vecteezy.com/system/resources/thumbnails/001/272/488/small_2x/city-transport-new-street-station.jpg","dateModified":"2020-09-07T08:45:20-05:00"},"root_dl":"https://static.vecteezy.com/system/protected/files/001/272/488/vecteezy_high-up-view-of-birmingham-featuring-new-street-station-trains-buses-and-people-can-be-seen-moving-around-a-large-number-of-high-rise-buildings_1272488.mov","infoVideo":{"Resolution:":"HD 1920x1080","File Type:":"QuickTime","Codec:":"Photo-JPEG","Frame Rate:":"24 FPS","Aspect Ratio:":"16:9","Duration:":"00:29","vtype":".mov"}}