{"t1":"Dalmatians dog begging for a treat","t2":"Girl and dog - Free HD Video Clips &amp; Stock Video Footage","tags":["pets","grass","canine","outdoors","animal","cute","playing","beauty","candy","dog","nature","mammals","puppy","looking","summer","fun","activity","indoors","video","people","food","meal","day","meadow","tree","backgrounds","snack","home interior","portrait","sun"],"info":{"@context":"http://schema.org","@type":"Article","name":"Download Girl and dog for free","description":"Download Girl and dog stock video footage. Choose from thousands of the best stock footage video clips to download.","url":"https://www.vecteezy.com/video/1272920-girl-and-dog","datePublished":"2020-09-07T09:55:38-05:00","author":"ohotnik","headline":"Download Girl and dog stock video footage. Choose from thousands of the best stock footage video clips to dow…","image":"https://static.vecteezy.com/system/resources/thumbnails/001/272/920/small_2x/girl-and-dog.jpg","publisher":{"@type":"Organization","name":"vecteezy","logo":{"@type":"ImageObject","url":"https://www.vecteezy.com//images/vecteezy-logo--orange.jpg"}},"mainEntityOfPage":"https://static.vecteezy.com/system/resources/thumbnails/001/272/920/small_2x/girl-and-dog.jpg","dateModified":"2020-09-07T09:55:38-05:00"},"root_dl":"https://static.vecteezy.com/system/protected/files/001/272/920/vecteezy_dalmatians-dog-begging-for-a-treat_1272920.mov","infoVideo":{"Resolution:":"HD 1920x1080","File Type:":"QuickTime","Codec:":"Photo-JPEG","Frame Rate:":"30 FPS","Aspect Ratio:":"16:9","Duration:":"00:06","vtype":".mov"}}