{"t1":"Bees flying in and out of their beehive having brought the honey","t2":"Bees flying in and out of their beehive having brought the honey - Free HD Video Clips &amp; Stock Video Footage","tags":["people","insect","outdoors","animal","lifestyle","transparent","honey","video","busy","clean","beehive","farm","house","activity","agriculture","summer","honey bee","bee","nature","day","moving","closed","flying","pollution"],"info":{"@context":"http://schema.org","@type":"Article","name":"Download Bees flying in and out of their beehive having brought the honey for free","description":"Download Bees flying in and out of their beehive having brought the honey stock video footage. Choose from thousands of the best stock footage video clips to download.","url":"https://www.vecteezy.com/video/1272506-bees-flying-in-and-out-of-their-beehive-having-brought-the-honey","datePublished":"2020-09-07T08:49:03-05:00","author":"train arrival","headline":"Download Bees flying in and out of their beehive having brought the honey stock video footage. Choose from th…","image":"https://static.vecteezy.com/system/resources/thumbnails/001/272/506/small_2x/bees-flying-in-and-out-of-their-beehive-having-brought-the-honey.jpg","publisher":{"@type":"Organization","name":"vecteezy","logo":{"@type":"ImageObject","url":"https://www.vecteezy.com//images/vecteezy-logo--orange.jpg"}},"mainEntityOfPage":"https://static.vecteezy.com/system/resources/thumbnails/001/272/506/small_2x/bees-flying-in-and-out-of-their-beehive-having-brought-the-honey.jpg","dateModified":"2020-09-07T08:49:03-05:00"},"root_dl":"https://static.vecteezy.com/system/protected/files/001/272/506/vecteezy_bees-flying-in-and-out-of-their-beehive-having-brought-the-honey_1272506.mov","infoVideo":{"Resolution:":"HD 1920x1080","File Type:":"QuickTime","Codec:":"Photo-JPEG","Frame Rate:":"30 FPS","Aspect Ratio:":"16:9","Duration:":"00:19","vtype":".mov"}}