{"t1":"Small chicks in a Factory","t2":"Small and beatiful chicks in Factory - Free HD Video Clips &amp; Stock Video Footage","tags":["people","animal","egg","feather","human body part","farm","barn","agriculture","food","factory","bird","flock of birds","beauty","indoors","beautiful people","flying"],"info":{"@context":"http://schema.org","@type":"Article","name":"Download Small and beatiful chicks in Factory for free","description":"Download Small and beatiful chicks in Factory stock video footage. Choose from thousands of the best stock footage video clips to download.","url":"https://www.vecteezy.com/video/1272507-small-and-beatiful-chicks-in-factory","datePublished":"2020-09-07T08:49:25-05:00","author":"spocktv","headline":"Download Small and beatiful chicks in Factory stock video footage. Choose from thousands of the best stock fo…","image":"https://static.vecteezy.com/system/resources/thumbnails/001/272/507/small_2x/small-and-beatiful-chicks-in-factory.jpg","publisher":{"@type":"Organization","name":"vecteezy","logo":{"@type":"ImageObject","url":"https://www.vecteezy.com//images/vecteezy-logo--orange.jpg"}},"mainEntityOfPage":"https://static.vecteezy.com/system/resources/thumbnails/001/272/507/small_2x/small-and-beatiful-chicks-in-factory.jpg","dateModified":"2020-09-07T08:49:25-05:00"},"root_dl":"https://static.vecteezy.com/system/protected/files/001/272/507/vecteezy_small-chicks-in-a-factory_1272507.mov","infoVideo":{"Resolution:":"HD 1920x1080","File Type:":"QuickTime","Codec:":"Photo-JPEG","Frame Rate:":"25 FPS","Aspect Ratio:":"16:9","Duration:":"00:09","vtype":".mov"}}