{"t1":"Incredible footage of newly born baby elephant being assisted by its mother,Botswana","t2":"Incredible footage of newly born baby elephant,Botswana - Free HD Video Clips &amp; Stock Video Footage","tags":["outdoors","animal","tourist","cute","elephant","river","water","animal family","sunset","swimming","playing","travel","dust","day","walking","mammals","drink","wet"],"info":{"@context":"http://schema.org","@type":"Article","name":"Download Incredible footage of newly born baby elephant,Botswana for free","description":"Download Incredible footage of newly born baby elephant,Botswana stock video footage. Choose from thousands of the best stock footage video clips to download.","url":"https://www.vecteezy.com/video/1272524-incredible-footage-of-newly-born-baby-elephant-botswana","datePublished":"2020-09-07T08:52:38-05:00","author":"martinharvey","headline":"Download Incredible footage of newly born baby elephant,Botswana stock video footage. Choose from thousands o…","image":"https://static.vecteezy.com/system/resources/thumbnails/001/272/524/small_2x/incredible-footage-of-newly-born-baby-elephant-botswana.jpg","publisher":{"@type":"Organization","name":"vecteezy","logo":{"@type":"ImageObject","url":"https://www.vecteezy.com//images/vecteezy-logo--orange.jpg"}},"mainEntityOfPage":"https://static.vecteezy.com/system/resources/thumbnails/001/272/524/small_2x/incredible-footage-of-newly-born-baby-elephant-botswana.jpg","dateModified":"2020-09-07T08:52:38-05:00"},"root_dl":"https://static.vecteezy.com/system/protected/files/001/272/524/vecteezy_incredible-footage-of-newly-born-baby-elephant-being-assisted-by-its-motherbotswana_1272524.mov","infoVideo":{"Resolution:":"HD 1920x1080","File Type:":"QuickTime","Codec:":"Photo-JPEG","Frame Rate:":"24 FPS","Aspect Ratio:":"16:9","Duration:":"00:25","vtype":".mov"}}