{"t1":"Swarm of bees at the entrance to the hive, in close up video clip","t2":"Swarm of bees - Free HD Video Clips &amp; Stock Video Footage","tags":["working","insect","honey","hexagon","beehive","agriculture","food","dessert","pollen","organic","drone","honey bee","bee","collection","nature","outdoors","animal","people","farm","flower","summer","healthy lifestyle","leaf","plant","house","tree","environment","flying","picture frame","island"],"info":{"@context":"http://schema.org","@type":"Article","name":"Download Swarm of bees for free","description":"Download Swarm of bees stock video footage. Choose from thousands of the best stock footage video clips to download.","url":"https://www.vecteezy.com/video/1272489-swarm-of-bees","datePublished":"2020-09-07T08:46:24-05:00","author":"overcrew","headline":"Download Swarm of bees stock video footage. Choose from thousands of the best stock footage video clips to do…","image":"https://static.vecteezy.com/system/resources/thumbnails/001/272/489/small_2x/swarm-of-bees.jpg","publisher":{"@type":"Organization","name":"vecteezy","logo":{"@type":"ImageObject","url":"https://www.vecteezy.com//images/vecteezy-logo--orange.jpg"}},"mainEntityOfPage":"https://static.vecteezy.com/system/resources/thumbnails/001/272/489/small_2x/swarm-of-bees.jpg","dateModified":"2020-09-07T08:46:24-05:00"},"root_dl":"https://static.vecteezy.com/system/protected/files/001/272/489/vecteezy_swarm-of-bees-at-the-entrance-to-the-hive-in-close-up-video-clip_1272489.mov","infoVideo":{"Resolution:":"HD 1920x1080","File Type:":"QuickTime","Codec:":"Photo-JPEG","Frame Rate:":"30 FPS","Aspect Ratio:":"16:9","Duration:":"00:10","vtype":".mov"}}