{"t1":"On this footage is a weary young bee keeper coming to the beehive and looking the bees in the sunny day in the middle of a beautiful landscape.","t2":"Young bee keeper comes to look in to the beehive - Free HD Video Clips &amp; Stock Video Footage","tags":["people","outdoors","animal","honey","beehive","farm","food","truck","organic","honey bee","bee","island","picture frame","nature","healthy lifestyle"],"info":{"@context":"http://schema.org","@type":"Article","name":"Download Young bee keeper comes to look in to the beehive for free","description":"Download Young bee keeper comes to look in to the beehive stock video footage. Choose from thousands of the best stock footage video clips to download.","url":"https://www.vecteezy.com/video/1272458-young-bee-keeper-comes-to-look-in-to-the-beehive","datePublished":"2020-09-07T08:37:32-05:00","author":"probakster","headline":"Download Young bee keeper comes to look in to the beehive stock video footage. Choose from thousands of the b…","image":"https://static.vecteezy.com/system/resources/thumbnails/001/272/458/small_2x/young-bee-keeper-comes-to-look-in-to-the-beehive.jpg","publisher":{"@type":"Organization","name":"vecteezy","logo":{"@type":"ImageObject","url":"https://www.vecteezy.com//images/vecteezy-logo--orange.jpg"}},"mainEntityOfPage":"https://static.vecteezy.com/system/resources/thumbnails/001/272/458/small_2x/young-bee-keeper-comes-to-look-in-to-the-beehive.jpg","dateModified":"2020-09-07T08:37:32-05:00"},"root_dl":"https://static.vecteezy.com/system/protected/files/001/272/458/vecteezy_on-this-footage-is-a-weary-young-bee-keeper-coming-to-the-beehive-and-looking-the-bees-in-the-sunny-day-in-the-middle-of-a-beautiful-landscape_1272458.mov","infoVideo":{"Resolution:":"HD 1920x1080","File Type:":"QuickTime","Codec:":"Photo-JPEG","Frame Rate:":"25 FPS","Aspect Ratio:":"16:9","Duration:":"00:12","vtype":".mov"}}