{"t1":"Two heaps of rubbish in cardboard boxes burning in the field on sunny early spring day","t2":"Rubbish in cardboard boxes burning in spring - Free HD Video Clips &amp; Stock Video Footage","tags":["wind","garbage","flame","fumes","autumn","environment","bonfire","old","coal","fireplace","pollution","outdoors","nature","plant","industry","air pollution","lifestyle","factory","steam","tower","tree","sky","fog","backgrounds","forest","station","cityscape","city","chemical","global"],"info":{"@context":"http://schema.org","@type":"Article","name":"Download Rubbish in cardboard boxes burning in spring for free","description":"Download Rubbish in cardboard boxes burning in spring stock video footage. Choose from thousands of the best stock footage video clips to download.","url":"https://www.vecteezy.com/video/1272479-rubbish-in-cardboard-boxes-burning-in-spring","datePublished":"2020-09-07T08:44:31-05:00","author":"alisbalb","headline":"Download Rubbish in cardboard boxes burning in spring stock video footage. Choose from thousands of the best …","image":"https://static.vecteezy.com/system/resources/thumbnails/001/272/479/small_2x/rubbish-in-cardboard-boxes-burning-in-spring.jpg","publisher":{"@type":"Organization","name":"vecteezy","logo":{"@type":"ImageObject","url":"https://www.vecteezy.com//images/vecteezy-logo--orange.jpg"}},"mainEntityOfPage":"https://static.vecteezy.com/system/resources/thumbnails/001/272/479/small_2x/rubbish-in-cardboard-boxes-burning-in-spring.jpg","dateModified":"2020-09-07T08:44:31-05:00"},"root_dl":"https://static.vecteezy.com/system/protected/files/001/272/479/vecteezy_two-heaps-of-rubbish-in-cardboard-boxes-burning-in-the-field-on-sunny-early-spring-day_1272479.mov","infoVideo":{"Resolution:":"HD 1920x1080","File Type:":"QuickTime","Codec:":"Photo-JPEG","Frame Rate:":"25 FPS","Aspect Ratio:":"16:9","Duration:":"00:16","vtype":".mov"}}