{"t1":"A pretty blond haired girl feeding a treat to her cute Jack-Rat Terrier. Taken on a white backdrop.","t2":"Pretty Girl Giving Treats to Her Dog - Free HD Video Clips &amp; Stock Video Footage","tags":["pets","people","canine","happiness","snack","dog","animal","cute","puppy","mammals","outdoors","looking","indoors","nature","exhibition","terrier","food","table","beauty","grass","day","activity","beautiful people","fun","playing","hungry","street","meal","loyalty","sadness"],"info":{"@context":"http://schema.org","@type":"Article","name":"Download Pretty Girl Giving Treats to Her Dog for free","description":"Download Pretty Girl Giving Treats to Her Dog stock video footage. Choose from thousands of the best stock footage video clips to download.","url":"https://www.vecteezy.com/video/1272977-pretty-girl-giving-treats-to-her-dog","datePublished":"2020-09-07T10:00:48-05:00","author":"kk5hy","headline":"Download Pretty Girl Giving Treats to Her Dog stock video footage. Choose from thousands of the best stock fo…","image":"https://static.vecteezy.com/system/resources/thumbnails/001/272/977/small_2x/pretty-girl-giving-treats-to-her-dog.jpg","publisher":{"@type":"Organization","name":"vecteezy","logo":{"@type":"ImageObject","url":"https://www.vecteezy.com//images/vecteezy-logo--orange.jpg"}},"mainEntityOfPage":"https://static.vecteezy.com/system/resources/thumbnails/001/272/977/small_2x/pretty-girl-giving-treats-to-her-dog.jpg","dateModified":"2020-09-07T10:00:48-05:00"},"root_dl":"https://static.vecteezy.com/system/protected/files/001/272/977/vecteezy_a-pretty-blond-haired-girl-feeding-a-treat-to-her-cute-jack-rat-terrier-taken-on-a-white-backdrop_1272977.mov","infoVideo":{"Resolution:":"HD 1920x1080","File Type:":"QuickTime","Codec:":"Photo-JPEG","Frame Rate:":"30 FPS","Aspect Ratio:":"16:9","Duration:":"00:10","vtype":".mov"}}