{"t1":"A young woman opening up a picnic basket while on a picnic with her family on a fall day","t2":"A young woman opening up a picnic basket while on a picnic with her family on a fall day - Free HD Video Clips &amp; Stock Video Footage","tags":["people","blanket","outdoors","lifestyle","lens flare","printing press","farm","family","food","mother","father","autumn","cute","happiness","daughter","beauty","basket","beautiful people","picnic","parent","joy","animal","nature","healthy lifestyle","pets","honey bee","bee","truck","honey","beehive"],"info":{"@context":"http://schema.org","@type":"Article","name":"Download A young woman opening up a picnic basket while on a picnic with her family on a fall day for free","description":"Download A young woman opening up a picnic basket while on a picnic with her family on a fall day stock video footage. Choose from thousands of the best stock footage video clips to download.","url":"https://www.vecteezy.com/video/1272456-a-young-woman-opening-up-a-picnic-basket-while-on-a-picnic-with-her-family-on-a-fall-day","datePublished":"2020-09-07T08:37:18-05:00","author":"uberstock","headline":"Download A young woman opening up a picnic basket while on a picnic with her family on a fall day stock video…","image":"https://static.vecteezy.com/system/resources/thumbnails/001/272/456/small_2x/a-young-woman-opening-up-a-picnic-basket-while-on-a-picnic-with-her-family-on-a-fall-day.jpg","publisher":{"@type":"Organization","name":"vecteezy","logo":{"@type":"ImageObject","url":"https://www.vecteezy.com//images/vecteezy-logo--orange.jpg"}},"mainEntityOfPage":"https://static.vecteezy.com/system/resources/thumbnails/001/272/456/small_2x/a-young-woman-opening-up-a-picnic-basket-while-on-a-picnic-with-her-family-on-a-fall-day.jpg","dateModified":"2020-09-07T08:37:18-05:00"},"root_dl":"https://static.vecteezy.com/system/protected/files/001/272/456/vecteezy_a-young-woman-opening-up-a-picnic-basket-while-on-a-picnic-with-her-family-on-a-fall-day_1272456.mov","infoVideo":{"Resolution:":"4K 3840x2160","File Type:":"QuickTime","Codec:":"ProRes 422 (HQ)","Frame Rate:":"30 FPS","Aspect Ratio:":"16:9","Duration:":"00:09","vtype":".mov"}}