{"t1":"Aerial view of busy city traffic at an intersection on a major freeway in the suburbs of the city","t2":"Aerial view of suburban traffic on a busy freeway - Free HD Video Clips &amp; Stock Video Footage","tags":["car","angel","street","driving","city","tourist","truck","city street","travel","road","commuter","traffic","traffic jam","transportation","industry"],"info":{"@context":"http://schema.org","@type":"Article","name":"Download Aerial view of suburban traffic on a busy freeway for free","description":"Download Aerial view of suburban traffic on a busy freeway stock video footage. Choose from thousands of the best stock footage video clips to download.","url":"https://www.vecteezy.com/video/1272788-aerial-view-of-suburban-traffic-on-a-busy-freeway","datePublished":"2020-09-07T09:45:34-05:00","author":"spotmatik","headline":"Download Aerial view of suburban traffic on a busy freeway stock video footage. Choose from thousands of the …","image":"https://static.vecteezy.com/system/resources/thumbnails/001/272/788/small_2x/aerial-view-of-suburban-traffic-on-a-busy-freeway.jpg","publisher":{"@type":"Organization","name":"vecteezy","logo":{"@type":"ImageObject","url":"https://www.vecteezy.com//images/vecteezy-logo--orange.jpg"}},"mainEntityOfPage":"https://static.vecteezy.com/system/resources/thumbnails/001/272/788/small_2x/aerial-view-of-suburban-traffic-on-a-busy-freeway.jpg","dateModified":"2020-09-07T09:45:34-05:00"},"root_dl":"https://static.vecteezy.com/system/protected/files/001/272/788/vecteezy_aerial-view-of-busy-city-traffic-at-an-intersection-on-a-major-freeway-in-the-suburbs-of-the-city_1272788.mov","infoVideo":{"Resolution:":"HD 1920x1080","File Type:":"QuickTime","Codec:":"Photo-JPEG","Frame Rate:":"25 FPS","Aspect Ratio:":"16:9","Duration:":"00:17","vtype":".mov"}}