{"t1":"Rainbow over Gulfoss waterfall,Iceland 60 FPS","t2":"Waterfall Rainbow - Free HD Video Clips &amp; Stock Video Footage","tags":["climate","geology","outdoors","water","rainbow","environment","waterfall","nature","ice","river","beauty","travel","forest","mountain","rock music","backgrounds","falling","summer","wet","rainforest","cityscape","tree","high up","autumn","spray","rain","grass","day","sky","clean"],"info":{"@context":"http://schema.org","@type":"Article","name":"Download Waterfall Rainbow for free","description":"Download Waterfall Rainbow stock video footage. Choose from thousands of the best stock footage video clips to download.","url":"https://www.vecteezy.com/video/1272436-waterfall-rainbow","datePublished":"2020-09-07T08:35:45-05:00","author":"spotmatik","headline":"Download Waterfall Rainbow stock video footage. Choose from thousands of the best stock footage video clips t…","image":"https://static.vecteezy.com/system/resources/thumbnails/001/272/436/small_2x/waterfall-rainbow.jpg","publisher":{"@type":"Organization","name":"vecteezy","logo":{"@type":"ImageObject","url":"https://www.vecteezy.com//images/vecteezy-logo--orange.jpg"}},"mainEntityOfPage":"https://static.vecteezy.com/system/resources/thumbnails/001/272/436/small_2x/waterfall-rainbow.jpg","dateModified":"2020-09-07T08:35:45-05:00"},"root_dl":"https://static.vecteezy.com/system/protected/files/001/272/436/vecteezy_rainbow-over-gulfoss-waterfalliceland-60-fps_1272436.mov","infoVideo":{"Resolution:":"HD 1280x720","File Type:":"QuickTime","Codec:":"Photo-JPEG","Frame Rate:":"25 FPS","Aspect Ratio:":"16:9","Duration:":"00:11","vtype":".mov"}}