{"t1":"Woman trains dog in a park.","t2":"Training dog - Free HD Video Clips &amp; Stock Video Footage","tags":["pets","grass","people","outdoors","animal","fun","farm","flower","activity","playing","dog","tree","nature","canine","cute","mammals","running","sport","german shepherd","jumping","lifestyle","puppy","day","loyalty","summer","beauty","portrait","working","exhibition","looking"],"info":{"@context":"http://schema.org","@type":"Article","name":"Download Training dog for free","description":"Download Training dog stock video footage. Choose from thousands of the best stock footage video clips to download.","url":"https://www.vecteezy.com/video/1272829-training-dog","datePublished":"2020-09-07T09:49:05-05:00","author":"milax","headline":"Download Training dog stock video footage. Choose from thousands of the best stock footage video clips to dow…","image":"https://static.vecteezy.com/system/resources/thumbnails/001/272/829/small_2x/training-dog.jpg","publisher":{"@type":"Organization","name":"vecteezy","logo":{"@type":"ImageObject","url":"https://www.vecteezy.com//images/vecteezy-logo--orange.jpg"}},"mainEntityOfPage":"https://static.vecteezy.com/system/resources/thumbnails/001/272/829/small_2x/training-dog.jpg","dateModified":"2020-09-07T09:49:05-05:00"},"root_dl":"https://static.vecteezy.com/system/protected/files/001/272/829/vecteezy_woman-trains-dog-in-a-park_1272829.mov","infoVideo":{"Resolution:":"HD 1920x1080","File Type:":"QuickTime","Codec:":"Photo-JPEG","Frame Rate:":"30 FPS","Aspect Ratio:":"16:9","Duration:":"00:29","vtype":".mov"}}