{"t1":"Explosions of ink clouds as they hit and interact with water","t2":"ink drops forming abstract cloud formations on white - Free HD Video Clips &amp; Stock Video Footage","tags":["underwater","oil painting","air pollution","art","education","chemical","physics","video","craft","bright","activity","modern","water","chemistry","wet","graffiti","falling","liquid","pouring","science","drop","ink","pollution"],"info":{"@context":"http://schema.org","@type":"Article","name":"Download ink drops forming abstract cloud formations on white for free","description":"Download ink drops forming abstract cloud formations on white stock video footage. Choose from thousands of the best stock footage video clips to download.","url":"https://www.vecteezy.com/video/1272449-ink-drops-forming-abstract-cloud-formations-on-white","datePublished":"2020-09-07T08:36:55-05:00","author":"spencer whalen","headline":"Download ink drops forming abstract cloud formations on white stock video footage. Choose from thousands of t…","image":"https://static.vecteezy.com/system/resources/thumbnails/001/272/449/small_2x/ink-drops-forming-abstract-cloud-formations-on-white.jpg","publisher":{"@type":"Organization","name":"vecteezy","logo":{"@type":"ImageObject","url":"https://www.vecteezy.com//images/vecteezy-logo--orange.jpg"}},"mainEntityOfPage":"https://static.vecteezy.com/system/resources/thumbnails/001/272/449/small_2x/ink-drops-forming-abstract-cloud-formations-on-white.jpg","dateModified":"2020-09-07T08:36:55-05:00"},"root_dl":"https://static.vecteezy.com/system/protected/files/001/272/449/vecteezy_explosions-of-ink-clouds-as-they-hit-and-interact-with-water_1272449.mov","infoVideo":{"Resolution:":"HD 1280x720","File Type:":"QuickTime","Codec:":"Photo-JPEG","Frame Rate:":"25 FPS","Aspect Ratio:":"16:9","Duration:":"00:29","vtype":".mov"}}