{"t1":"Abstract  background with numbers and network. Seamless looping.","t2":"Technologies. - Free HD Video Clips &amp; Stock Video Footage","tags":["internet","computer","lens flare","technology","finance","coding","backgrounds","data","shiny","number","communication","computer network","shape","computer software","science","moving","plexus"],"info":{"@context":"http://schema.org","@type":"Article","name":"Download Technologies. for free","description":"Download Technologies. stock video footage. Choose from thousands of the best stock footage video clips to download.","url":"https://www.vecteezy.com/video/1272552-technologies","datePublished":"2020-09-07T09:23:49-05:00","author":"naddi","headline":"Download Technologies. stock video footage. Choose from thousands of the best stock footage video clips to do…","image":"https://static.vecteezy.com/system/resources/thumbnails/001/272/552/small_2x/technologies.jpg","publisher":{"@type":"Organization","name":"vecteezy","logo":{"@type":"ImageObject","url":"https://www.vecteezy.com//images/vecteezy-logo--orange.jpg"}},"mainEntityOfPage":"https://static.vecteezy.com/system/resources/thumbnails/001/272/552/small_2x/technologies.jpg","dateModified":"2020-09-07T09:23:49-05:00"},"root_dl":"https://static.vecteezy.com/system/protected/files/001/272/552/vecteezy_abstract-background-with-numbers-and-network-seamless-looping_1272552.mov","infoVideo":{"Resolution:":"HD 1920x1080","File Type:":"QuickTime","Codec:":"Photo-JPEG","Frame Rate:":"30 FPS","Aspect Ratio:":"16:9","Duration:":"00:20","vtype":".mov"}}