{"t1":"Slow-motion of partying young people enjoying themselves","t2":"Partying People - Free HD Video Clips &amp; Stock Video Footage","tags":["people","looking","fun","video","flirting","bright","modern","cute","beauty","beautiful people","joy","music","lifestyle","night","led light","dj","video game","turntable","happiness","outdoors","fashion","gamer","playing","backgrounds","human body part","lens flare","dating","walking","event","cartoon"],"info":{"@context":"http://schema.org","@type":"Article","name":"Download Partying People for free","description":"Download Partying People stock video footage. Choose from thousands of the best stock footage video clips to download.","url":"https://www.vecteezy.com/video/1272575-partying-people","datePublished":"2020-09-07T09:27:32-05:00","author":"shironosov","headline":"Download Partying People stock video footage. Choose from thousands of the best stock footage video clips to …","image":"https://static.vecteezy.com/system/resources/thumbnails/001/272/575/small_2x/partying-people.jpg","publisher":{"@type":"Organization","name":"vecteezy","logo":{"@type":"ImageObject","url":"https://www.vecteezy.com//images/vecteezy-logo--orange.jpg"}},"mainEntityOfPage":"https://static.vecteezy.com/system/resources/thumbnails/001/272/575/small_2x/partying-people.jpg","dateModified":"2020-09-07T09:27:32-05:00"},"root_dl":"https://static.vecteezy.com/system/protected/files/001/272/575/vecteezy_slow-motion-of-partying-young-people-enjoying-themselves_1272575.mov","infoVideo":{"Resolution:":"HD 1920x1080","File Type:":"QuickTime","Codec:":"Photo-JPEG","Frame Rate:":"24 FPS","Aspect Ratio:":"16:9","Duration:":"00:25","vtype":".mov"}}