{"t1":"People enjoying in the nature with their Newfoundland dogs, rear view","t2":"People Enjoying in the Nature with Dogs - Free HD Video Clips &amp; Stock Video Footage","tags":["pets","grass","people","canine","outdoors","animal","lifestyle","fun","video","sky","puppy","back","cute","dog","nature","day"],"info":{"@context":"http://schema.org","@type":"Article","name":"Download People Enjoying in the Nature with Dogs for free","description":"Download People Enjoying in the Nature with Dogs stock video footage. Choose from thousands of the best stock footage video clips to download.","url":"https://www.vecteezy.com/video/1272952-people-enjoying-in-the-nature-with-dogs","datePublished":"2020-09-07T09:57:58-05:00","author":"saddamstock","headline":"Download People Enjoying in the Nature with Dogs stock video footage. Choose from thousands of the best stock…","image":"https://static.vecteezy.com/system/resources/thumbnails/001/272/952/small_2x/people-enjoying-in-the-nature-with-dogs.jpg","publisher":{"@type":"Organization","name":"vecteezy","logo":{"@type":"ImageObject","url":"https://www.vecteezy.com//images/vecteezy-logo--orange.jpg"}},"mainEntityOfPage":"https://static.vecteezy.com/system/resources/thumbnails/001/272/952/small_2x/people-enjoying-in-the-nature-with-dogs.jpg","dateModified":"2020-09-07T09:57:58-05:00"},"root_dl":"https://static.vecteezy.com/system/protected/files/001/272/952/vecteezy_people-enjoying-in-the-nature-with-their-newfoundland-dogs-rear-view_1272952.mov","infoVideo":{"Resolution:":"HD 1920x1080","File Type:":"QuickTime","Codec:":"Photo-JPEG","Frame Rate:":"30 FPS","Aspect Ratio:":"16:9","Duration:":"00:23","vtype":".mov"}}