{"t1":"Man lifting heavy dumbbell at gym gym in high quality 4k format","t2":"Man lifting heavy dumbbell at gym gym - Free HD Video Clips &amp; Stock Video Footage","tags":["lifestyle","sport","gym","beauty","shampoo","dumbbell","beautiful people","shape","healthy lifestyle","human body","weights","athlete","activity","people","stretching","design","sweat","weapon","headphones","elevator","working","indoors","back","moving up","human body part","wellbeing","hobby","bicep","video","portrait"],"info":{"@context":"http://schema.org","@type":"Article","name":"Download Man lifting heavy dumbbell at gym gym for free","description":"Download Man lifting heavy dumbbell at gym gym stock video footage. Choose from thousands of the best stock footage video clips to download.","url":"https://www.vecteezy.com/video/1272733-man-lifting-heavy-dumbbell-at-gym-gym","datePublished":"2020-09-07T09:41:16-05:00","author":"wavebreakmedia","headline":"Download Man lifting heavy dumbbell at gym gym stock video footage. Choose from thousands of the best stock f…","image":"https://static.vecteezy.com/system/resources/thumbnails/001/272/733/small_2x/man-lifting-heavy-dumbbell-at-gym-gym-video.jpg","publisher":{"@type":"Organization","name":"vecteezy","logo":{"@type":"ImageObject","url":"https://www.vecteezy.com//images/vecteezy-logo--orange.jpg"}},"mainEntityOfPage":"https://static.vecteezy.com/system/resources/thumbnails/001/272/733/small_2x/man-lifting-heavy-dumbbell-at-gym-gym-video.jpg","dateModified":"2020-09-07T09:41:16-05:00"},"root_dl":"https://static.vecteezy.com/system/protected/files/001/272/733/vecteezy_man-lifting-heavy-dumbbell-at-gym-gym-in-high-quality-4k-format_1272733.mov","infoVideo":{"Resolution:":"4K 4096x2160","File Type:":"QuickTime","Codec:":"Photo-JPEG","Frame Rate:":"24 FPS","Aspect Ratio:":"256:135","Duration:":"00:11","vtype":".mov"}}