{"t1":"Business people clapping in the office","t2":"Business people clapping - Free HD Video Clips &amp; Stock Video Footage","tags":["working","corporate business","people","office","video","meeting","businessman","communication","indoors","business","business meeting","discussion","business person","colleagues","technology","desk","beautiful people","board room","computer","modern","beauty","listening","manager","table","touch screen","document","internet","human body part","joy","telephone"],"info":{"@context":"http://schema.org","@type":"Article","name":"Download Business people clapping for free","description":"Download Business people clapping stock video footage. Choose from thousands of the best stock footage video clips to download.","url":"https://www.vecteezy.com/video/1272584-business-people-clapping","datePublished":"2020-09-07T09:29:25-05:00","author":"wavebreakmedia","headline":"Download Business people clapping stock video footage. Choose from thousands of the best stock footage video …","image":"https://static.vecteezy.com/system/resources/thumbnails/001/272/584/small_2x/business-people-clapping.jpg","publisher":{"@type":"Organization","name":"vecteezy","logo":{"@type":"ImageObject","url":"https://www.vecteezy.com//images/vecteezy-logo--orange.jpg"}},"mainEntityOfPage":"https://static.vecteezy.com/system/resources/thumbnails/001/272/584/small_2x/business-people-clapping.jpg","dateModified":"2020-09-07T09:29:25-05:00"},"root_dl":"https://static.vecteezy.com/system/protected/files/001/272/584/vecteezy_business-people-clapping-in-the-office_1272584.mov","infoVideo":{"Resolution:":"HD 1920x1080","File Type:":"QuickTime","Codec:":"Photo-JPEG","Frame Rate:":"24 FPS","Aspect Ratio:":"16:9","Duration:":"00:11","vtype":".mov"}}