{"t1":"Black Labrador paddling in a swimming pool with a tennis ball","t2":"Swimming Dog - Free HD Video Clips &amp; Stock Video Footage","tags":["pets","swimming pool","canine","outdoors","animal","water surface","toy","water","wet","playing","dog","swimming","puppy","cute","mammals","nature","summer","fun","grass","portrait","looking","beauty","gold","happiness","sleeping","indoors","people","home interior","sport","backgrounds"],"info":{"@context":"http://schema.org","@type":"Article","name":"Download Swimming Dog for free","description":"Download Swimming Dog stock video footage. Choose from thousands of the best stock footage video clips to download.","url":"https://www.vecteezy.com/video/1272881-swimming-dog","datePublished":"2020-09-07T09:53:05-05:00","author":"crackerclips","headline":"Download Swimming Dog stock video footage. Choose from thousands of the best stock footage video clips to dow…","image":"https://static.vecteezy.com/system/resources/thumbnails/001/272/881/small_2x/swimming-dog.jpg","publisher":{"@type":"Organization","name":"vecteezy","logo":{"@type":"ImageObject","url":"https://www.vecteezy.com//images/vecteezy-logo--orange.jpg"}},"mainEntityOfPage":"https://static.vecteezy.com/system/resources/thumbnails/001/272/881/small_2x/swimming-dog.jpg","dateModified":"2020-09-07T09:53:05-05:00"},"root_dl":"https://static.vecteezy.com/system/protected/files/001/272/881/vecteezy_black-labrador-paddling-in-a-swimming-pool-with-a-tennis-ball_1272881.mov","infoVideo":{"Resolution:":"HD 1920x1080","File Type:":"QuickTime","Codec:":"Motion-JPEG B","Frame Rate:":"30 FPS","Aspect Ratio:":"16:9","Duration:":"00:08","vtype":".mov"}}