{"t1":"Close up slow motion footage of a bee.keepers returning the panel back to its place in the wooden beehive.","t2":"Returns the plank from beehouse back in its place - Free HD Video Clips &amp; Stock Video Footage","tags":["people","outdoors","animal","honey","beehive","farm","food","truck","organic","honey bee","bee","island","picture frame","nature","healthy lifestyle"],"info":{"@context":"http://schema.org","@type":"Article","name":"Download Returns the plank from beehouse back in its place for free","description":"Download Returns the plank from beehouse back in its place stock video footage. Choose from thousands of the best stock footage video clips to download.","url":"https://www.vecteezy.com/video/1272471-returns-the-plank-from-beehouse-back-in-its-place","datePublished":"2020-09-07T08:40:56-05:00","author":"probakster","headline":"Download Returns the plank from beehouse back in its place stock video footage. Choose from thousands of the …","image":"https://static.vecteezy.com/system/resources/thumbnails/001/272/471/small_2x/returns-the-plank-from-beehouse-back-in-its-place.jpg","publisher":{"@type":"Organization","name":"vecteezy","logo":{"@type":"ImageObject","url":"https://www.vecteezy.com//images/vecteezy-logo--orange.jpg"}},"mainEntityOfPage":"https://static.vecteezy.com/system/resources/thumbnails/001/272/471/small_2x/returns-the-plank-from-beehouse-back-in-its-place.jpg","dateModified":"2020-09-07T08:40:56-05:00"},"root_dl":"https://static.vecteezy.com/system/protected/files/001/272/471/vecteezy_close-up-slow-motion-footage-of-a-beekeepers-returning-the-panel-back-to-its-place-in-the-wooden-beehive_1272471.mov","infoVideo":{"Resolution:":"HD 1920x1080","File Type:":"QuickTime","Codec:":"Photo-JPEG","Frame Rate:":"25 FPS","Aspect Ratio:":"16:9","Duration:":"00:19","vtype":".mov"}}