{"t1":"Winter waterfall","t2":"Winter waterfall - Free HD Video Clips &amp; Stock Video Footage","tags":["snow","climate","outdoors","water","winter","travel","frozen","forest","environment","running","frost","beauty","falling","river","waterfall","nature","tree","ice"],"info":{"@context":"http://schema.org","@type":"Article","name":"Download Winter waterfall for free","description":"Download Winter waterfall stock video footage. Choose from thousands of the best stock footage video clips to download.","url":"https://www.vecteezy.com/video/1272440-winter-waterfall","datePublished":"2020-09-07T08:35:50-05:00","author":"hdvidos","headline":"Download Winter waterfall stock video footage. Choose from thousands of the best stock footage video clips to…","image":"https://static.vecteezy.com/system/resources/thumbnails/001/272/440/small_2x/winter-waterfall.jpg","publisher":{"@type":"Organization","name":"vecteezy","logo":{"@type":"ImageObject","url":"https://www.vecteezy.com//images/vecteezy-logo--orange.jpg"}},"mainEntityOfPage":"https://static.vecteezy.com/system/resources/thumbnails/001/272/440/small_2x/winter-waterfall.jpg","dateModified":"2020-09-07T08:35:50-05:00"},"root_dl":"https://static.vecteezy.com/system/protected/files/001/272/440/vecteezy_winter-waterfall_1272440.mov","infoVideo":{"Resolution:":"HD 1280x720","File Type:":"QuickTime","Codec:":"Photo-JPEG","Frame Rate:":"25 FPS","Aspect Ratio:":"16:9","Duration:":"00:09","vtype":".mov"}}