{"t1":"Home dog chasing a ball on the green park.","t2":"Dog likes to chase the ball - Free HD Video Clips &amp; Stock Video Footage","tags":["pets","grass","people","outdoors","animal","fun","farm","flower","activity","playing","dog","nature","tree","canine","happiness","cute","lifestyle","summer","joy","day","walking","puppy","sun","beauty","mammals","sunlight","sunny","german shepherd","running","dog walking"],"info":{"@context":"http://schema.org","@type":"Article","name":"Download Dog likes to chase the ball for free","description":"Download Dog likes to chase the ball stock video footage. Choose from thousands of the best stock footage video clips to download.","url":"https://www.vecteezy.com/video/1272985-dog-likes-to-chase-the-ball","datePublished":"2020-09-07T10:01:28-05:00","author":"milax","headline":"Download Dog likes to chase the ball stock video footage. Choose from thousands of the best stock footage vid…","image":"https://static.vecteezy.com/system/resources/thumbnails/001/272/985/small_2x/dog-likes-to-chase-the-ball.jpg","publisher":{"@type":"Organization","name":"vecteezy","logo":{"@type":"ImageObject","url":"https://www.vecteezy.com//images/vecteezy-logo--orange.jpg"}},"mainEntityOfPage":"https://static.vecteezy.com/system/resources/thumbnails/001/272/985/small_2x/dog-likes-to-chase-the-ball.jpg","dateModified":"2020-09-07T10:01:28-05:00"},"root_dl":"https://static.vecteezy.com/system/protected/files/001/272/985/vecteezy_home-dog-chasing-a-ball-on-the-green-park_1272985.mov","infoVideo":{"Resolution:":"HD 1920x1080","File Type:":"QuickTime","Codec:":"Photo-JPEG","Frame Rate:":"30 FPS","Aspect Ratio:":"16:9","Duration:":"00:22","vtype":".mov"}}