{"t1":"Head matches is lit a bright flame. Closeup. Slow motion","t2":"Head matches is lit a bright flame. Macro. Slow-Mo - Free HD Video Clips &amp; Stock Video Footage","tags":["art","lens flare","flame","craft","human body part","symbol","human head","bright","backgrounds","outdoors","sun","sky","summer","nature","outer space","science","design","sunlight","lifestyle","sunset","computer graphic","moving","nebula","research","people","galaxy","playing","shape","sparks","organic"],"info":{"@context":"http://schema.org","@type":"Article","name":"Download Head matches is lit a bright flame. Macro. Slow-Mo for free","description":"Download Head matches is lit a bright flame. Macro. Slow-Mo stock video footage. Choose from thousands of the best stock footage video clips to download.","url":"https://www.vecteezy.com/video/1272499-head-matches-is-lit-a-bright-flame-macro-slow-mo","datePublished":"2020-09-07T08:48:02-05:00","author":"cinejinn","headline":"Download Head matches is lit a bright flame. Macro. Slow-Mo stock video footage. Choose from thousands of the…","image":"https://static.vecteezy.com/system/resources/thumbnails/001/272/499/small_2x/head-matches-is-lit-a-bright-flame-macro-slow-mo.jpg","publisher":{"@type":"Organization","name":"vecteezy","logo":{"@type":"ImageObject","url":"https://www.vecteezy.com//images/vecteezy-logo--orange.jpg"}},"mainEntityOfPage":"https://static.vecteezy.com/system/resources/thumbnails/001/272/499/small_2x/head-matches-is-lit-a-bright-flame-macro-slow-mo.jpg","dateModified":"2020-09-07T08:48:02-05:00"},"root_dl":"https://static.vecteezy.com/system/protected/files/001/272/499/vecteezy_head-matches-is-lit-a-bright-flame-closeup-slow-motion_1272499.mov","infoVideo":{"Resolution:":"HD 1920x1080","File Type:":"QuickTime","Codec:":"Photo-JPEG","Frame Rate:":"25 FPS","Aspect Ratio:":"16:9","Duration:":"00:30","vtype":".mov"}}