{"t1":"Close up slow motion RAW footage of a bee-keeper putting beck the panel full of bee in to the wooden beehive.","t2":"Bee-keeper placing back the bees in to the hive - Free HD Video Clips &amp; Stock Video Footage","tags":["people","outdoors","animal","honey","beehive","farm","food","truck","organic","honey bee","bee","island","picture frame","nature","healthy lifestyle"],"info":{"@context":"http://schema.org","@type":"Article","name":"Download Bee-keeper placing back the bees in to the hive for free","description":"Download Bee-keeper placing back the bees in to the hive stock video footage. Choose from thousands of the best stock footage video clips to download.","url":"https://www.vecteezy.com/video/1272465-bee-keeper-placing-back-the-bees-in-to-the-hive","datePublished":"2020-09-07T08:39:01-05:00","author":"probakster","headline":"Download Bee-keeper placing back the bees in to the hive stock video footage. Choose from thousands of the be…","image":"https://static.vecteezy.com/system/resources/thumbnails/001/272/465/small_2x/bee-keeper-placing-back-the-bees-in-to-the-hive.jpg","publisher":{"@type":"Organization","name":"vecteezy","logo":{"@type":"ImageObject","url":"https://www.vecteezy.com//images/vecteezy-logo--orange.jpg"}},"mainEntityOfPage":"https://static.vecteezy.com/system/resources/thumbnails/001/272/465/small_2x/bee-keeper-placing-back-the-bees-in-to-the-hive.jpg","dateModified":"2020-09-07T08:39:01-05:00"},"root_dl":"https://static.vecteezy.com/system/protected/files/001/272/465/vecteezy_close-up-slow-motion-raw-footage-of-a-bee-keeper-putting-beck-the-panel-full-of-bee-in-to-the-wooden-beehive_1272465.mov","infoVideo":{"Resolution:":"HD 1920x1080","File Type:":"QuickTime","Codec:":"Photo-JPEG","Frame Rate:":"25 FPS","Aspect Ratio:":"16:9","Duration:":"00:15","vtype":".mov"}}