{"t1":"Musician Plays Rock Music On Electrical Guitar","t2":"Guitarist Plays Rock Music - Free HD Video Clips &amp; Stock Video Footage","tags":["rock music","people","music","fun","human body part","cable","activity","modern","cultures","musician","playing","guitar","beautiful people"],"info":{"@context":"http://schema.org","@type":"Article","name":"Download Guitarist Plays Rock Music for free","description":"Download Guitarist Plays Rock Music stock video footage. Choose from thousands of the best stock footage video clips to download.","url":"https://www.vecteezy.com/video/1272719-guitarist-plays-rock-music","datePublished":"2020-09-07T09:40:36-05:00","author":"vetkit","headline":"Download Guitarist Plays Rock Music stock video footage. Choose from thousands of the best stock footage vide…","image":"https://static.vecteezy.com/system/resources/thumbnails/001/272/719/small_2x/guitarist-plays-rock-music.jpg","publisher":{"@type":"Organization","name":"vecteezy","logo":{"@type":"ImageObject","url":"https://www.vecteezy.com//images/vecteezy-logo--orange.jpg"}},"mainEntityOfPage":"https://static.vecteezy.com/system/resources/thumbnails/001/272/719/small_2x/guitarist-plays-rock-music.jpg","dateModified":"2020-09-07T09:40:36-05:00"},"root_dl":"https://static.vecteezy.com/system/protected/files/001/272/719/vecteezy_musician-plays-rock-music-on-electrical-guitar_1272719.mov","infoVideo":{"Resolution:":"HD 1920x1080","File Type:":"QuickTime","Codec:":"Photo-JPEG","Frame Rate:":"30 FPS","Aspect Ratio:":"16:9","Duration:":"00:16","vtype":".mov"}}