{"t1":"woman with siberian husky dog playing on beach in water","t2":"woman with siberian husky dog playing on beach - Free HD Video Clips &amp; Stock Video Footage","tags":["pets","people","looking","outdoors","animal","lifestyle","weather","puppy","leaf","sand","walking","activity","mammals","autumn","cute","beach","sea","sunset","environment","dog","nature","joy","canine","winter","snow","summer","sport","sleigh","grass","beautiful people"],"info":{"@context":"http://schema.org","@type":"Article","name":"Download woman with siberian husky dog playing on beach for free","description":"Download woman with siberian husky dog playing on beach stock video footage. Choose from thousands of the best stock footage video clips to download.","url":"https://www.vecteezy.com/video/1272907-woman-with-siberian-husky-dog-playing-on-beach","datePublished":"2020-09-07T09:54:35-05:00","author":"newagecinema ru","headline":"Download woman with siberian husky dog playing on beach stock video footage. Choose from thousands of the bes…","image":"https://static.vecteezy.com/system/resources/thumbnails/001/272/907/small_2x/woman-with-siberian-husky-dog-playing-on-beach.jpg","publisher":{"@type":"Organization","name":"vecteezy","logo":{"@type":"ImageObject","url":"https://www.vecteezy.com//images/vecteezy-logo--orange.jpg"}},"mainEntityOfPage":"https://static.vecteezy.com/system/resources/thumbnails/001/272/907/small_2x/woman-with-siberian-husky-dog-playing-on-beach.jpg","dateModified":"2020-09-07T09:54:35-05:00"},"root_dl":"https://static.vecteezy.com/system/protected/files/001/272/907/vecteezy_woman-with-siberian-husky-dog-playing-on-beach-in-water_1272907.mov","infoVideo":{"Resolution:":"HD 1920x1080","File Type:":"QuickTime","Codec:":"Photo-JPEG","Frame Rate:":"30 FPS","Aspect Ratio:":"16:9","Duration:":"00:14","vtype":".mov"}}