{"t1":"film burning  macro image","t2":"film burn - Free HD Video Clips &amp; Stock Video Footage","tags":["bright","film reel","old","backgrounds","movie","film industry","outdoors","dust","water","plant","pollution","tree","video","wind","grass","forest","environment","picture frame","nature","countdown","sky","art","day","dirt","number","summer","part","filming","moving","business"],"info":{"@context":"http://schema.org","@type":"Article","name":"Download film burn for free","description":"Download film burn stock video footage. Choose from thousands of the best stock footage video clips to download.","url":"https://www.vecteezy.com/video/1272681-film-burn","datePublished":"2020-09-07T09:38:22-05:00","author":"davincidig","headline":"Download film burn stock video footage. Choose from thousands of the best stock footage video clips to downlo…","image":"https://static.vecteezy.com/system/resources/thumbnails/001/272/681/small_2x/film-burn.jpg","publisher":{"@type":"Organization","name":"vecteezy","logo":{"@type":"ImageObject","url":"https://www.vecteezy.com//images/vecteezy-logo--orange.jpg"}},"mainEntityOfPage":"https://static.vecteezy.com/system/resources/thumbnails/001/272/681/small_2x/film-burn.jpg","dateModified":"2020-09-07T09:38:22-05:00"},"root_dl":"https://static.vecteezy.com/system/protected/files/001/272/681/vecteezy_film-burning-macro-image_1272681.mov","infoVideo":{"Resolution:":"HD 1920x1080","File Type:":"QuickTime","Codec:":"Photo-JPEG","Frame Rate:":"30 FPS","Aspect Ratio:":"16:9","Duration:":"00:18","vtype":".mov"}}