{"t1":"Peaceful tropical beach in the morning","t2":"Tropical beach - Free HD Video Clips &amp; Stock Video Footage","tags":["seascape","outdoors","sunlight","sand","travel","beach","sea","sunny","beauty","island","nature","surf","water","summer","sky","cityscape","sun","tourist","people","day","spray","sunset","backgrounds","rock music","city","environment","beautiful people","human body part","yacht","wet"],"info":{"@context":"http://schema.org","@type":"Article","name":"Download Tropical beach for free","description":"Download Tropical beach stock video footage. Choose from thousands of the best stock footage video clips to download.","url":"https://www.vecteezy.com/video/1272556-tropical-beach","datePublished":"2020-09-07T09:24:56-05:00","author":"cgiheart","headline":"Download Tropical beach stock video footage. Choose from thousands of the best stock footage video clips to d…","image":"https://static.vecteezy.com/system/resources/thumbnails/001/272/556/small_2x/tropical-beach.jpg","publisher":{"@type":"Organization","name":"vecteezy","logo":{"@type":"ImageObject","url":"https://www.vecteezy.com//images/vecteezy-logo--orange.jpg"}},"mainEntityOfPage":"https://static.vecteezy.com/system/resources/thumbnails/001/272/556/small_2x/tropical-beach.jpg","dateModified":"2020-09-07T09:24:56-05:00"},"root_dl":"https://static.vecteezy.com/system/protected/files/001/272/556/vecteezy_peaceful-tropical-beach-in-the-morning_1272556.mov","infoVideo":{"Resolution:":"HD 1920x1080","File Type:":"QuickTime","Codec:":"Photo-JPEG","Frame Rate:":"30 FPS","Aspect Ratio:":"16:9","Duration:":"00:20","vtype":".mov"}}