{"t1":"slow motion chocolate drip","t2":"chocolate drip - Free HD Video Clips &amp; Stock Video Footage","tags":["physics","water surface","baking","backgrounds","food and drink","activity","food","water","sphere","wet","rain","raindrop","falling","drink","liquid","pouring","science","drop","chocolate","nature","bubble","outdoors","fruit","summer","environment","weather","people","working","tree","bartender"],"info":{"@context":"http://schema.org","@type":"Article","name":"Download chocolate drip for free","description":"Download chocolate drip stock video footage. Choose from thousands of the best stock footage video clips to download.","url":"https://www.vecteezy.com/video/1272434-chocolate-drip","datePublished":"2020-09-07T08:35:41-05:00","author":"idizimage","headline":"Download chocolate drip stock video footage. Choose from thousands of the best stock footage video clips to d…","image":"https://static.vecteezy.com/system/resources/thumbnails/001/272/434/small_2x/chocolate-drip-video.jpg","publisher":{"@type":"Organization","name":"vecteezy","logo":{"@type":"ImageObject","url":"https://www.vecteezy.com//images/vecteezy-logo--orange.jpg"}},"mainEntityOfPage":"https://static.vecteezy.com/system/resources/thumbnails/001/272/434/small_2x/chocolate-drip-video.jpg","dateModified":"2020-09-07T08:35:41-05:00"},"root_dl":"https://static.vecteezy.com/system/protected/files/001/272/434/vecteezy_slow-motion-chocolate-drip_1272434.mov","infoVideo":{"Resolution:":"SD 720x576","File Type:":"QuickTime","Codec:":"Motion-JPEG A","Frame Rate:":"25 FPS","Aspect Ratio:":"5:4","Duration:":"00:21","vtype":".mov"}}