{"t1":"sad little boy on a swing, Steadicam shoot","t2":"sad little boy - Free HD Video Clips &amp; Stock Video Footage","tags":["outdoors","shy","playground","sadness","people","fun","beauty","beautiful people","cute","swinging","human body part","happiness","animal","looking","portrait","summer","activity","frustration","lens flare","nature","night","playing","drink","cocktail","dating","tree","flirting","lifestyle","dog","long hair"],"info":{"@context":"http://schema.org","@type":"Article","name":"Download sad little boy for free","description":"Download sad little boy stock video footage. Choose from thousands of the best stock footage video clips to download.","url":"https://www.vecteezy.com/video/1272639-sad-little-boy","datePublished":"2020-09-07T09:36:44-05:00","author":"derege","headline":"Download sad little boy stock video footage. Choose from thousands of the best stock footage video clips to d…","image":"https://static.vecteezy.com/system/resources/thumbnails/001/272/639/small_2x/sad-little-boy.jpg","publisher":{"@type":"Organization","name":"vecteezy","logo":{"@type":"ImageObject","url":"https://www.vecteezy.com//images/vecteezy-logo--orange.jpg"}},"mainEntityOfPage":"https://static.vecteezy.com/system/resources/thumbnails/001/272/639/small_2x/sad-little-boy.jpg","dateModified":"2020-09-07T09:36:44-05:00"},"root_dl":"https://static.vecteezy.com/system/protected/files/001/272/639/vecteezy_sad-little-boy-on-a-swing-steadicam-shoot_1272639.mov","infoVideo":{"Resolution:":"HD 1920x1080","File Type:":"QuickTime","Codec:":"Photo-JPEG","Frame Rate:":"30 FPS","Aspect Ratio:":"16:9","Duration:":"00:11","vtype":".mov"}}