{"t1":"panoramma of ripe raspberry bush, sunny summer day","t2":"ripe raspberry bush - Free HD Video Clips &amp; Stock Video Footage","tags":["backgrounds","cardboard","cake","agriculture","food","summer","dessert","ice cream","bush","illustration","design","packing","nature","drink","liquid","packaging","fruit","organic","restaurant","chef","meal","farm","table","outdoors","decoration","flour","chocolate","bartender","food and drink","leaf"],"info":{"@context":"http://schema.org","@type":"Article","name":"Download ripe raspberry bush for free","description":"Download ripe raspberry bush stock video footage. Choose from thousands of the best stock footage video clips to download.","url":"https://www.vecteezy.com/video/1272487-ripe-raspberry-bush","datePublished":"2020-09-07T08:45:20-05:00","author":"navigatorstudio","headline":"Download ripe raspberry bush stock video footage. Choose from thousands of the best stock footage video clips…","image":"https://static.vecteezy.com/system/resources/thumbnails/001/272/487/small_2x/ripe-raspberry-bush.jpg","publisher":{"@type":"Organization","name":"vecteezy","logo":{"@type":"ImageObject","url":"https://www.vecteezy.com//images/vecteezy-logo--orange.jpg"}},"mainEntityOfPage":"https://static.vecteezy.com/system/resources/thumbnails/001/272/487/small_2x/ripe-raspberry-bush.jpg","dateModified":"2020-09-07T08:45:20-05:00"},"root_dl":"https://static.vecteezy.com/system/protected/files/001/272/487/vecteezy_panoramma-of-ripe-raspberry-bush-sunny-summer-day_1272487.mov","infoVideo":{"Resolution:":"HD 1920x1080","File Type:":"QuickTime","Codec:":"Photo-JPEG","Frame Rate:":"25 FPS","Aspect Ratio:":"16:9","Duration:":"00:10","vtype":".mov"}}