{"t1":"Slow motion close up raw footage of a two bee keepers checking on the bees in the wooden local beehive.","t2":"Couple of bee keepers checking on the bees - Free HD Video Clips &amp; Stock Video Footage","tags":["people","outdoors","animal","honey","beehive","farm","food","truck","organic","honey bee","bee","island","picture frame","nature","healthy lifestyle"],"info":{"@context":"http://schema.org","@type":"Article","name":"Download Couple of bee keepers checking on the bees for free","description":"Download Couple of bee keepers checking on the bees stock video footage. Choose from thousands of the best stock footage video clips to download.","url":"https://www.vecteezy.com/video/1272473-couple-of-bee-keepers-checking-on-the-bees","datePublished":"2020-09-07T08:41:39-05:00","author":"probakster","headline":"Download Couple of bee keepers checking on the bees stock video footage. Choose from thousands of the best st…","image":"https://static.vecteezy.com/system/resources/thumbnails/001/272/473/small_2x/couple-of-bee-keepers-checking-on-the-bees.jpg","publisher":{"@type":"Organization","name":"vecteezy","logo":{"@type":"ImageObject","url":"https://www.vecteezy.com//images/vecteezy-logo--orange.jpg"}},"mainEntityOfPage":"https://static.vecteezy.com/system/resources/thumbnails/001/272/473/small_2x/couple-of-bee-keepers-checking-on-the-bees.jpg","dateModified":"2020-09-07T08:41:39-05:00"},"root_dl":"https://static.vecteezy.com/system/protected/files/001/272/473/vecteezy_slow-motion-close-up-raw-footage-of-a-two-bee-keepers-checking-on-the-bees-in-the-wooden-local-beehive_1272473.mov","infoVideo":{"Resolution:":"HD 1920x1080","File Type:":"QuickTime","Codec:":"Photo-JPEG","Frame Rate:":"25 FPS","Aspect Ratio:":"16:9","Duration:":"00:07","vtype":".mov"}}