{"t1":"Two pound rescue puppies waiting for adoption.","t2":"Rescue Puppies at Pound - Free HD Video Clips &amp; Stock Video Footage","tags":["animal","puppy","cage","cute","dog","pets","outdoors","canine","nature","mammals","people","grass","lifestyle","playing","video","sadness","golden retriever","buying","sleeping","selling","looking","shopping","street","day","meadow","fun","summer","portrait","fear","customer"],"info":{"@context":"http://schema.org","@type":"Article","name":"Download Rescue Puppies at Pound for free","description":"Download Rescue Puppies at Pound stock video footage. Choose from thousands of the best stock footage video clips to download.","url":"https://www.vecteezy.com/video/1272833-rescue-puppies-at-pound","datePublished":"2020-09-07T09:49:07-05:00","author":"jamesbenet","headline":"Download Rescue Puppies at Pound stock video footage. Choose from thousands of the best stock footage video c…","image":"https://static.vecteezy.com/system/resources/thumbnails/001/272/833/small_2x/rescue-puppies-at-pound.jpg","publisher":{"@type":"Organization","name":"vecteezy","logo":{"@type":"ImageObject","url":"https://www.vecteezy.com//images/vecteezy-logo--orange.jpg"}},"mainEntityOfPage":"https://static.vecteezy.com/system/resources/thumbnails/001/272/833/small_2x/rescue-puppies-at-pound.jpg","dateModified":"2020-09-07T09:49:07-05:00"},"root_dl":"https://static.vecteezy.com/system/protected/files/001/272/833/vecteezy_two-pound-rescue-puppies-waiting-for-adoption_1272833.mov","infoVideo":{"Resolution:":"HD 1920x1080","File Type:":"QuickTime","Codec:":"Photo-JPEG","Frame Rate:":"24 FPS","Aspect Ratio:":"16:9","Duration:":"00:14","vtype":".mov"}}