{"t1":"HD1920x1080: High quality produced HD Stock Footage Clip of the bird in the tree house","t2":"Bird on the tree house - Free HD Video Clips &amp; Stock Video Footage","tags":["air pollution","home interior","outdoors","animal","sunlight","video","sky","food","summer","sun","bird","autumn","forest","environment","filming","old","close","nature","tree","pollution"],"info":{"@context":"http://schema.org","@type":"Article","name":"Download Bird on the tree house for free","description":"Download Bird on the tree house stock video footage. Choose from thousands of the best stock footage video clips to download.","url":"https://www.vecteezy.com/video/1272508-bird-on-the-tree-house","datePublished":"2020-09-07T08:49:25-05:00","author":"probakster","headline":"Download Bird on the tree house stock video footage. Choose from thousands of the best stock footage video cl…","image":"https://static.vecteezy.com/system/resources/thumbnails/001/272/508/small_2x/bird-on-the-tree-house.jpg","publisher":{"@type":"Organization","name":"vecteezy","logo":{"@type":"ImageObject","url":"https://www.vecteezy.com//images/vecteezy-logo--orange.jpg"}},"mainEntityOfPage":"https://static.vecteezy.com/system/resources/thumbnails/001/272/508/small_2x/bird-on-the-tree-house.jpg","dateModified":"2020-09-07T08:49:25-05:00"},"root_dl":"https://static.vecteezy.com/system/protected/files/001/272/508/vecteezy_hd1920x1080-high-quality-produced-hd-stock-footage-clip-of-the-bird-in-the-tree-house_1272508.mov","infoVideo":{"Resolution:":"HD 1920x1080","File Type:":"QuickTime","Codec:":"Photo-JPEG","Frame Rate:":"25 FPS","Aspect Ratio:":"16:9","Duration:":"00:29","vtype":".mov"}}