{"t1":"Elephant herd and new born baby in silhouette at waters edge,Okavango Delta,Botswana","t2":"Elephant herd and new born baby,Okavango Delta,Botswana - Free HD Video Clips &amp; Stock Video Footage","tags":["outdoors","animal","water","tourist","elephant","sunset","playing","river"],"info":{"@context":"http://schema.org","@type":"Article","name":"Download Elephant herd and new born baby,Okavango Delta,Botswana for free","description":"Download Elephant herd and new born baby,Okavango Delta,Botswana stock video footage. Choose from thousands of the best stock footage video clips to download.","url":"https://www.vecteezy.com/video/1272517-elephant-herd-and-new-born-baby-okavango-delta-botswana","datePublished":"2020-09-07T08:50:55-05:00","author":"martinharvey","headline":"Download Elephant herd and new born baby,Okavango Delta,Botswana stock video footage. Choose from thousands o…","image":"https://static.vecteezy.com/system/resources/thumbnails/001/272/517/small_2x/elephant-herd-and-new-born-baby-okavango-delta-botswana.jpg","publisher":{"@type":"Organization","name":"vecteezy","logo":{"@type":"ImageObject","url":"https://www.vecteezy.com//images/vecteezy-logo--orange.jpg"}},"mainEntityOfPage":"https://static.vecteezy.com/system/resources/thumbnails/001/272/517/small_2x/elephant-herd-and-new-born-baby-okavango-delta-botswana.jpg","dateModified":"2020-09-07T08:50:55-05:00"},"root_dl":"https://static.vecteezy.com/system/protected/files/001/272/517/vecteezy_elephant-herd-and-new-born-baby-in-silhouette-at-waters-edgeokavango-deltabotswana_1272517.mov","infoVideo":{"Resolution:":"HD 1920x1080","File Type:":"QuickTime","Codec:":"Photo-JPEG","Frame Rate:":"25 FPS","Aspect Ratio:":"16:9","Duration:":"00:11","vtype":".mov"}}