{"t1":"Amazing aerial scenery of beautiful Sognefjorden fjord in Norway on sunny summer day. Aerial 4k Ultra HD.","t2":"Aerial view of beautiful fjord in Norway - Free HD Video Clips &amp; Stock Video Footage","tags":["outdoors","sunlight","summer","water","mountain range","travel","sea","reflection","sunny","nature","flying","underwater","fish","animal","red sea","fishing","reef","island","transportation","beach","people","sky","food","fisherman","ship","river","swimming","backgrounds","industry","sand"],"info":{"@context":"http://schema.org","@type":"Article","name":"Download Aerial view of beautiful fjord in Norway for free","description":"Download Aerial view of beautiful fjord in Norway stock video footage. Choose from thousands of the best stock footage video clips to download.","url":"https://www.vecteezy.com/video/1272804-aerial-view-of-beautiful-fjord-in-norway","datePublished":"2020-09-07T09:47:00-05:00","author":"harvepino","headline":"Download Aerial view of beautiful fjord in Norway stock video footage. Choose from thousands of the best stoc…","image":"https://static.vecteezy.com/system/resources/thumbnails/001/272/804/small_2x/aerial-view-of-beautiful-fjord-in-norway.jpg","publisher":{"@type":"Organization","name":"vecteezy","logo":{"@type":"ImageObject","url":"https://www.vecteezy.com//images/vecteezy-logo--orange.jpg"}},"mainEntityOfPage":"https://static.vecteezy.com/system/resources/thumbnails/001/272/804/small_2x/aerial-view-of-beautiful-fjord-in-norway.jpg","dateModified":"2020-09-07T09:47:00-05:00"},"root_dl":"https://static.vecteezy.com/system/protected/files/001/272/804/vecteezy_amazing-aerial-scenery-of-beautiful-sognefjorden-fjord-in-norway-on-sunny-summer-day-aerial-4k-ultra-hd_1272804.mov","infoVideo":{"Resolution:":"4K 3840x2160","File Type:":"QuickTime","Codec:":"ProRes 422 Standard","Frame Rate:":"30 FPS","Aspect Ratio:":"16:9","Duration:":"00:30","vtype":".mov"}}