{"t1":"Woman trains her dog in a beautiful park.","t2":"Playful dog - Free HD Video Clips &amp; Stock Video Footage","tags":["pets","grass","people","outdoors","animal","fun","farm","flower","activity","playing","dog","nature","tree","canine","puppy","running","happiness","cute","summer","german shepherd","mammals","lifestyle","beauty","portrait","day","sport","joy","looking","meadow","jumping"],"info":{"@context":"http://schema.org","@type":"Article","name":"Download Playful dog for free","description":"Download Playful dog stock video footage. Choose from thousands of the best stock footage video clips to download.","url":"https://www.vecteezy.com/video/1272943-playful-dog","datePublished":"2020-09-07T09:57:31-05:00","author":"milax","headline":"Download Playful dog stock video footage. Choose from thousands of the best stock footage video clips to down…","image":"https://static.vecteezy.com/system/resources/thumbnails/001/272/943/small_2x/playful-dog.jpg","publisher":{"@type":"Organization","name":"vecteezy","logo":{"@type":"ImageObject","url":"https://www.vecteezy.com//images/vecteezy-logo--orange.jpg"}},"mainEntityOfPage":"https://static.vecteezy.com/system/resources/thumbnails/001/272/943/small_2x/playful-dog.jpg","dateModified":"2020-09-07T09:57:31-05:00"},"root_dl":"https://static.vecteezy.com/system/protected/files/001/272/943/vecteezy_woman-trains-her-dog-in-a-beautiful-park_1272943.mov","infoVideo":{"Resolution:":"HD 1280x720","File Type:":"QuickTime","Codec:":"Photo-JPEG","Frame Rate:":"30 FPS","Aspect Ratio:":"16:9","Duration:":"00:28","vtype":".mov"}}