{"t1":"Happy mother playing with her baby being at the nature.","t2":"Happy Mother - Free HD Video Clips &amp; Stock Video Footage","tags":["people","outdoors","lifestyle","son","fun","family","mother","cute","happiness","playing","beauty","nature","healthy lifestyle","parent","daughter","father","indoors","joy","autumn","walking","beautiful people","sunlight","forest","home interior","activity","house","pets","printing press","hiking","food"],"info":{"@context":"http://schema.org","@type":"Article","name":"Download Happy Mother for free","description":"Download Happy Mother stock video footage. Choose from thousands of the best stock footage video clips to download.","url":"https://www.vecteezy.com/video/1272656-happy-mother","datePublished":"2020-09-07T09:36:49-05:00","author":"vik2010","headline":"Download Happy Mother stock video footage. Choose from thousands of the best stock footage video clips to dow…","image":"https://static.vecteezy.com/system/resources/thumbnails/001/272/656/small_2x/happy-mother.jpg","publisher":{"@type":"Organization","name":"vecteezy","logo":{"@type":"ImageObject","url":"https://www.vecteezy.com//images/vecteezy-logo--orange.jpg"}},"mainEntityOfPage":"https://static.vecteezy.com/system/resources/thumbnails/001/272/656/small_2x/happy-mother.jpg","dateModified":"2020-09-07T09:36:49-05:00"},"root_dl":"https://static.vecteezy.com/system/protected/files/001/272/656/vecteezy_happy-mother-playing-with-her-baby-being-at-the-nature_1272656.mov","infoVideo":{"Resolution:":"HD 1920x1080","File Type:":"QuickTime","Codec:":"Photo-JPEG","Frame Rate:":"30 FPS","Aspect Ratio:":"16:9","Duration:":"00:16","vtype":".mov"}}