{"t1":"Bee flying in front of a beehive close-up","t2":"Bee flying in front of a beehive - Free HD Video Clips &amp; Stock Video Footage","tags":["grass","people","insect","home interior","outdoors","animal","lifestyle","sunlight","honey","beehive","farm","house","agriculture","food","summer","sun","modern","hobby","pollen","sunny","bee","meadow","nature","flying","pollution"],"info":{"@context":"http://schema.org","@type":"Article","name":"Download Bee flying in front of a beehive for free","description":"Download Bee flying in front of a beehive stock video footage. Choose from thousands of the best stock footage video clips to download.","url":"https://www.vecteezy.com/video/1272498-bee-flying-in-front-of-a-beehive","datePublished":"2020-09-07T08:47:58-05:00","author":"snksnksnksnksnk","headline":"Download Bee flying in front of a beehive stock video footage. Choose from thousands of the best stock footag…","image":"https://static.vecteezy.com/system/resources/thumbnails/001/272/498/small_2x/bee-flying-in-front-of-a-beehive.jpg","publisher":{"@type":"Organization","name":"vecteezy","logo":{"@type":"ImageObject","url":"https://www.vecteezy.com//images/vecteezy-logo--orange.jpg"}},"mainEntityOfPage":"https://static.vecteezy.com/system/resources/thumbnails/001/272/498/small_2x/bee-flying-in-front-of-a-beehive.jpg","dateModified":"2020-09-07T08:47:58-05:00"},"root_dl":"https://static.vecteezy.com/system/protected/files/001/272/498/vecteezy_bee-flying-in-front-of-a-beehive-close-up_1272498.mov","infoVideo":{"Resolution:":"HD 1920x1080","File Type:":"QuickTime","Codec:":"Photo-JPEG","Frame Rate:":"25 FPS","Aspect Ratio:":"16:9","Duration:":"00:30","vtype":".mov"}}