{"t1":"Australian native Kookaburra bird close up in the wild","t2":"Kookaburra - Free HD Video Clips &amp; Stock Video Footage","tags":["outdoors","animal","video","feather","bird","nature","tree","kangaroo","jumping","grass","bush","sun","sunset","running","mammals","looking","zoo","day","cute","sea","beach","surf","moving up","tail","elephant","beauty","sky","travel","food","flying"],"info":{"@context":"http://schema.org","@type":"Article","name":"Download Kookaburra for free","description":"Download Kookaburra stock video footage. Choose from thousands of the best stock footage video clips to download.","url":"https://www.vecteezy.com/video/1272398-kookaburra","datePublished":"2020-09-07T08:32:32-05:00","author":"thpstock","headline":"Download Kookaburra stock video footage. Choose from thousands of the best stock footage video clips to downl…","image":"https://static.vecteezy.com/system/resources/thumbnails/001/272/398/small_2x/kookaburra.jpg","publisher":{"@type":"Organization","name":"vecteezy","logo":{"@type":"ImageObject","url":"https://www.vecteezy.com//images/vecteezy-logo--orange.jpg"}},"mainEntityOfPage":"https://static.vecteezy.com/system/resources/thumbnails/001/272/398/small_2x/kookaburra.jpg","dateModified":"2020-09-07T08:32:32-05:00"},"root_dl":"https://static.vecteezy.com/system/protected/files/001/272/398/vecteezy_australian-native-kookaburra-bird-close-up-in-the-wild_1272398.mov","infoVideo":{"Resolution:":"HD 1920x1080","File Type:":"QuickTime","Codec:":"Photo-JPEG","Frame Rate:":"30 FPS","Aspect Ratio:":"16:9","Duration:":"00:23","vtype":".mov"}}