{"t1":"Close up RAW footage of a bee-keepers checking the panels from the beehive in the wooden beehive.","t2":"Ritual check on the bees - Free HD Video Clips &amp; Stock Video Footage","tags":["people","outdoors","animal","honey","beehive","farm","food","truck","organic","honey bee","bee","island","picture frame","nature","healthy lifestyle"],"info":{"@context":"http://schema.org","@type":"Article","name":"Download Ritual check on the bees for free","description":"Download Ritual check on the bees stock video footage. Choose from thousands of the best stock footage video clips to download.","url":"https://www.vecteezy.com/video/1272492-ritual-check-on-the-bees","datePublished":"2020-09-07T08:46:30-05:00","author":"probakster","headline":"Download Ritual check on the bees stock video footage. Choose from thousands of the best stock footage video …","image":"https://static.vecteezy.com/system/resources/thumbnails/001/272/492/small_2x/ritual-check-on-the-bees.jpg","publisher":{"@type":"Organization","name":"vecteezy","logo":{"@type":"ImageObject","url":"https://www.vecteezy.com//images/vecteezy-logo--orange.jpg"}},"mainEntityOfPage":"https://static.vecteezy.com/system/resources/thumbnails/001/272/492/small_2x/ritual-check-on-the-bees.jpg","dateModified":"2020-09-07T08:46:30-05:00"},"root_dl":"https://static.vecteezy.com/system/protected/files/001/272/492/vecteezy_close-up-raw-footage-of-a-bee-keepers-checking-the-panels-from-the-beehive-in-the-wooden-beehive_1272492.mov","infoVideo":{"Resolution:":"HD 1920x1080","File Type:":"QuickTime","Codec:":"Photo-JPEG","Frame Rate:":"25 FPS","Aspect Ratio:":"16:9","Duration:":"00:09","vtype":".mov"}}