{"t1":"Close up footage of a bee keeper looking for a fresh honey in the beehive on the sunny summer day.","t2":"Beekeeper looking for honey - Free HD Video Clips &amp; Stock Video Footage","tags":["people","outdoors","animal","honey","beehive","farm","food","truck","organic","honey bee","bee","island","picture frame","nature","healthy lifestyle"],"info":{"@context":"http://schema.org","@type":"Article","name":"Download Beekeeper looking for honey for free","description":"Download Beekeeper looking for honey stock video footage. Choose from thousands of the best stock footage video clips to download.","url":"https://www.vecteezy.com/video/1272463-beekeeper-looking-for-honey","datePublished":"2020-09-07T08:38:24-05:00","author":"probakster","headline":"Download Beekeeper looking for honey stock video footage. Choose from thousands of the best stock footage vid…","image":"https://static.vecteezy.com/system/resources/thumbnails/001/272/463/small_2x/beekeeper-looking-for-honey.jpg","publisher":{"@type":"Organization","name":"vecteezy","logo":{"@type":"ImageObject","url":"https://www.vecteezy.com//images/vecteezy-logo--orange.jpg"}},"mainEntityOfPage":"https://static.vecteezy.com/system/resources/thumbnails/001/272/463/small_2x/beekeeper-looking-for-honey.jpg","dateModified":"2020-09-07T08:38:24-05:00"},"root_dl":"https://static.vecteezy.com/system/protected/files/001/272/463/vecteezy_close-up-footage-of-a-bee-keeper-looking-for-a-fresh-honey-in-the-beehive-on-the-sunny-summer-day_1272463.mov","infoVideo":{"Resolution:":"HD 1920x1080","File Type:":"QuickTime","Codec:":"Photo-JPEG","Frame Rate:":"25 FPS","Aspect Ratio:":"16:9","Duration:":"00:17","vtype":".mov"}}