{"t1":"Chickens in the cage with eggs","t2":"Chickens in the cage with eggs - Free HD Video Clips &amp; Stock Video Footage","tags":["breakfast","people","hen","animal","package","egg","clean","cardboard","farm","food and drink","agriculture","food","meal","bird","carton","paper","organic","container","protein","nature","meat","bowl"],"info":{"@context":"http://schema.org","@type":"Article","name":"Download Chickens in the cage with eggs for free","description":"Download Chickens in the cage with eggs stock video footage. Choose from thousands of the best stock footage video clips to download.","url":"https://www.vecteezy.com/video/1272505-chickens-in-the-cage-with-eggs","datePublished":"2020-09-07T08:48:48-05:00","author":"alivealivea","headline":"Download Chickens in the cage with eggs stock video footage. Choose from thousands of the best stock footage …","image":"https://static.vecteezy.com/system/resources/thumbnails/001/272/505/small_2x/chickens-in-the-cage-with-eggs.jpg","publisher":{"@type":"Organization","name":"vecteezy","logo":{"@type":"ImageObject","url":"https://www.vecteezy.com//images/vecteezy-logo--orange.jpg"}},"mainEntityOfPage":"https://static.vecteezy.com/system/resources/thumbnails/001/272/505/small_2x/chickens-in-the-cage-with-eggs.jpg","dateModified":"2020-09-07T08:48:48-05:00"},"root_dl":"https://static.vecteezy.com/system/protected/files/001/272/505/vecteezy_chickens-in-the-cage-with-eggs_1272505.mov","infoVideo":{"Resolution:":"HD 1920x1080","File Type:":"QuickTime","Codec:":"Photo-JPEG","Frame Rate:":"30 FPS","Aspect Ratio:":"16:9","Duration:":"00:11","vtype":".mov"}}