{"t1":"Beautiful city of Parnu in aerial view. The beauty of the city on a fine weather with the bridge","t2":"Beautiful city of Parnu in aerial view - Free HD Video Clips &amp; Stock Video Footage","tags":["home interior","sky","farm","house","architecture","agriculture","summer","city","cultures","road","meadow","old","village","nature","tractor"],"info":{"@context":"http://schema.org","@type":"Article","name":"Download Beautiful city of Parnu in aerial view for free","description":"Download Beautiful city of Parnu in aerial view stock video footage. Choose from thousands of the best stock footage video clips to download.","url":"https://www.vecteezy.com/video/1272802-beautiful-city-of-parnu-in-aerial-view","datePublished":"2020-09-07T09:46:58-05:00","author":"nordicmoonlight","headline":"Download Beautiful city of Parnu in aerial view stock video footage. Choose from thousands of the best stock …","image":"https://static.vecteezy.com/system/resources/thumbnails/001/272/802/small_2x/beautiful-city-of-parnu-in-aerial-view.jpg","publisher":{"@type":"Organization","name":"vecteezy","logo":{"@type":"ImageObject","url":"https://www.vecteezy.com//images/vecteezy-logo--orange.jpg"}},"mainEntityOfPage":"https://static.vecteezy.com/system/resources/thumbnails/001/272/802/small_2x/beautiful-city-of-parnu-in-aerial-view.jpg","dateModified":"2020-09-07T09:46:58-05:00"},"root_dl":"https://static.vecteezy.com/system/protected/files/001/272/802/vecteezy_beautiful-city-of-parnu-in-aerial-view-the-beauty-of-the-city-on-a-fine-weather-with-the-bridge_1272802.mov","infoVideo":{"Resolution:":"HD 1920x1080","File Type:":"QuickTime","Codec:":"Photo-JPEG","Frame Rate:":"25 FPS","Aspect Ratio:":"16:9","Duration:":"00:19","vtype":".mov"}}