{"t1":"SLOW MOTION: Snowboarder rides a rainbow box","t2":"SLOW MOTION: Snowboarder rides a rainbow box - Free HD Video Clips &amp; Stock Video Footage","tags":["people","snow","outdoors","lifestyle","lens flare","sunlight","fun","sport","extreme sports","sky","activity","sun","mountain","winter","sunny","snowboard","snowboarding","flying","jumping"],"info":{"@context":"http://schema.org","@type":"Article","name":"Download SLOW MOTION: Snowboarder rides a rainbow box for free","description":"Download SLOW MOTION: Snowboarder rides a rainbow box stock video footage. Choose from thousands of the best stock footage video clips to download.","url":"https://www.vecteezy.com/video/1272478-slow-motion-snowboarder-rides-a-rainbow-box","datePublished":"2020-09-07T08:43:35-05:00","author":"helivideo","headline":"Download SLOW MOTION: Snowboarder rides a rainbow box stock video footage. Choose from thousands of the best …","image":"https://static.vecteezy.com/system/resources/thumbnails/001/272/478/small_2x/slow-motion-snowboarder-rides-a-rainbow-box.jpg","publisher":{"@type":"Organization","name":"vecteezy","logo":{"@type":"ImageObject","url":"https://www.vecteezy.com//images/vecteezy-logo--orange.jpg"}},"mainEntityOfPage":"https://static.vecteezy.com/system/resources/thumbnails/001/272/478/small_2x/slow-motion-snowboarder-rides-a-rainbow-box.jpg","dateModified":"2020-09-07T08:43:35-05:00"},"root_dl":"https://static.vecteezy.com/system/protected/files/001/272/478/vecteezy_slow-motion-snowboarder-rides-a-rainbow-box_1272478.mov","infoVideo":{"Resolution:":"HD 1920x1080","File Type:":"QuickTime","Codec:":"Photo-JPEG","Frame Rate:":"24 FPS","Aspect Ratio:":"16:9","Duration:":"00:15","vtype":".mov"}}