{"t1":"The beautiful girl.","t2":"Music - Free HD Video Clips &amp; Stock Video Footage","tags":["people","music","beautiful woman","lifestyle","fun","activity","beauty","nature","beautiful people","fashion","backgrounds","joy","cute","shiny","outdoors","walking","collection","human body part","street","flirting","happiness","looking","moving up","portrait","long","waiting","night","travel","beach","boho"],"info":{"@context":"http://schema.org","@type":"Article","name":"Download Music for free","description":"Download Music stock video footage. Choose from thousands of the best stock footage video clips to download.","url":"https://www.vecteezy.com/video/1272714-music","datePublished":"2020-09-07T09:39:59-05:00","author":"vik2010","headline":"Download Music stock video footage. Choose from thousands of the best stock footage video clips to download.","image":"https://static.vecteezy.com/system/resources/thumbnails/001/272/714/small_2x/music.jpg","publisher":{"@type":"Organization","name":"vecteezy","logo":{"@type":"ImageObject","url":"https://www.vecteezy.com//images/vecteezy-logo--orange.jpg"}},"mainEntityOfPage":"https://static.vecteezy.com/system/resources/thumbnails/001/272/714/small_2x/music.jpg","dateModified":"2020-09-07T09:39:59-05:00"},"root_dl":"https://static.vecteezy.com/system/protected/files/001/272/714/vecteezy_the-beautiful-girl_1272714.mov","infoVideo":{"Resolution:":"HD 1920x1080","File Type:":"QuickTime","Codec:":"Photo-JPEG","Frame Rate:":"25 FPS","Aspect Ratio:":"16:9","Duration:":"00:22","vtype":".mov"}}