{"t1":"Eggs on packaging line eggs production poultry farm","t2":"Eggs on packaging line eggs production - Free HD Video Clips &amp; Stock Video Footage","tags":["breakfast","bunch","animal","egg","feather","farm","barn","house","activity","agriculture","food","modern","factory","conveyor belt","bird","flock of birds","dairy products","container","business","flying"],"info":{"@context":"http://schema.org","@type":"Article","name":"Download Eggs on packaging line eggs production for free","description":"Download Eggs on packaging line eggs production stock video footage. Choose from thousands of the best stock footage video clips to download.","url":"https://www.vecteezy.com/video/1272533-eggs-on-packaging-line-eggs-production","datePublished":"2020-09-07T08:59:03-05:00","author":"spocktv","headline":"Download Eggs on packaging line eggs production stock video footage. Choose from thousands of the best stock …","image":"https://static.vecteezy.com/system/resources/thumbnails/001/272/533/small_2x/eggs-on-packaging-line-eggs-production.jpg","publisher":{"@type":"Organization","name":"vecteezy","logo":{"@type":"ImageObject","url":"https://www.vecteezy.com//images/vecteezy-logo--orange.jpg"}},"mainEntityOfPage":"https://static.vecteezy.com/system/resources/thumbnails/001/272/533/small_2x/eggs-on-packaging-line-eggs-production.jpg","dateModified":"2020-09-07T08:59:03-05:00"},"root_dl":"https://static.vecteezy.com/system/protected/files/001/272/533/vecteezy_eggs-on-packaging-line-eggs-production-poultry-farm_1272533.mov","infoVideo":{"Resolution:":"HD 1920x1080","File Type:":"QuickTime","Codec:":"Photo-JPEG","Frame Rate:":"25 FPS","Aspect Ratio:":"16:9","Duration:":"00:21","vtype":".mov"}}