{"t1":"Newly born elephant baby struggling to its feet and attempting to suckle from mother, Botswana","t2":"Newly born elephant baby struggling to its feet,Botswana - Free HD Video Clips &amp; Stock Video Footage","tags":["outdoors","animal","tourist","cute","elephant","river","water","animal family","sunset","playing","dust","swimming","walking","wet","shaking head","mammals","drink"],"info":{"@context":"http://schema.org","@type":"Article","name":"Download Newly born elephant baby struggling to its feet,Botswana for free","description":"Download Newly born elephant baby struggling to its feet,Botswana stock video footage. Choose from thousands of the best stock footage video clips to download.","url":"https://www.vecteezy.com/video/1272520-newly-born-elephant-baby-struggling-to-its-feet-botswana","datePublished":"2020-09-07T08:52:09-05:00","author":"martinharvey","headline":"Download Newly born elephant baby struggling to its feet,Botswana stock video footage. Choose from thousands …","image":"https://static.vecteezy.com/system/resources/thumbnails/001/272/520/small_2x/newly-born-elephant-baby-struggling-to-its-feet-botswana.jpg","publisher":{"@type":"Organization","name":"vecteezy","logo":{"@type":"ImageObject","url":"https://www.vecteezy.com//images/vecteezy-logo--orange.jpg"}},"mainEntityOfPage":"https://static.vecteezy.com/system/resources/thumbnails/001/272/520/small_2x/newly-born-elephant-baby-struggling-to-its-feet-botswana.jpg","dateModified":"2020-09-07T08:52:09-05:00"},"root_dl":"https://static.vecteezy.com/system/protected/files/001/272/520/vecteezy_newly-born-elephant-baby-struggling-to-its-feet-and-attempting-to-suckle-from-mother-botswana_1272520.mov","infoVideo":{"Resolution:":"HD 1920x1080","File Type:":"QuickTime","Codec:":"Photo-JPEG","Frame Rate:":"25 FPS","Aspect Ratio:":"16:9","Duration:":"00:12","vtype":".mov"}}