{"t1":"Close up RAW footage of a bee-keeper putting back the panel full of bees back in to the beehive.","t2":"Sliding back the wooden panel in the beehive - Free HD Video Clips &amp; Stock Video Footage","tags":["people","outdoors","animal","honey","beehive","farm","food","truck","organic","honey bee","bee","island","picture frame","nature","healthy lifestyle"],"info":{"@context":"http://schema.org","@type":"Article","name":"Download Sliding back the wooden panel in the beehive for free","description":"Download Sliding back the wooden panel in the beehive stock video footage. Choose from thousands of the best stock footage video clips to download.","url":"https://www.vecteezy.com/video/1272472-sliding-back-the-wooden-panel-in-the-beehive","datePublished":"2020-09-07T08:41:39-05:00","author":"probakster","headline":"Download Sliding back the wooden panel in the beehive stock video footage. Choose from thousands of the best …","image":"https://static.vecteezy.com/system/resources/thumbnails/001/272/472/small_2x/sliding-back-the-wooden-panel-in-the-beehive.jpg","publisher":{"@type":"Organization","name":"vecteezy","logo":{"@type":"ImageObject","url":"https://www.vecteezy.com//images/vecteezy-logo--orange.jpg"}},"mainEntityOfPage":"https://static.vecteezy.com/system/resources/thumbnails/001/272/472/small_2x/sliding-back-the-wooden-panel-in-the-beehive.jpg","dateModified":"2020-09-07T08:41:39-05:00"},"root_dl":"https://static.vecteezy.com/system/protected/files/001/272/472/vecteezy_close-up-raw-footage-of-a-bee-keeper-putting-back-the-panel-full-of-bees-back-in-to-the-beehive_1272472.mov","infoVideo":{"Resolution:":"HD 1920x1080","File Type:":"QuickTime","Codec:":"Photo-JPEG","Frame Rate:":"25 FPS","Aspect Ratio:":"16:9","Duration:":"00:18","vtype":".mov"}}