{"t1":"golden retriever puppies playing and biting each other on a bed","t2":"golden retriever puppies playing - Free HD Video Clips &amp; Stock Video Footage","tags":["pets","canine","animal","fun","puppy","golden retriever","playing","dog","nature","cute","outdoors","mammals","people","grass","activity","tree","looking","farm","beauty","portrait","flower","summer","gold","lifestyle","indoors","home interior","sleeping","running","meadow","eyes closed"],"info":{"@context":"http://schema.org","@type":"Article","name":"Download golden retriever puppies playing for free","description":"Download golden retriever puppies playing stock video footage. Choose from thousands of the best stock footage video clips to download.","url":"https://www.vecteezy.com/video/1272849-golden-retriever-puppies-playing","datePublished":"2020-09-07T09:50:37-05:00","author":"jinglebee","headline":"Download golden retriever puppies playing stock video footage. Choose from thousands of the best stock footag…","image":"https://static.vecteezy.com/system/resources/thumbnails/001/272/849/small_2x/golden-retriever-puppies-playing.jpg","publisher":{"@type":"Organization","name":"vecteezy","logo":{"@type":"ImageObject","url":"https://www.vecteezy.com//images/vecteezy-logo--orange.jpg"}},"mainEntityOfPage":"https://static.vecteezy.com/system/resources/thumbnails/001/272/849/small_2x/golden-retriever-puppies-playing.jpg","dateModified":"2020-09-07T09:50:37-05:00"},"root_dl":"https://static.vecteezy.com/system/protected/files/001/272/849/vecteezy_golden-retriever-puppies-playing-and-biting-each-other-on-a-bed_1272849.mov","infoVideo":{"Resolution:":"HD 1280x720","File Type:":"QuickTime","Codec:":"Photo-JPEG","Frame Rate:":"30 FPS","Aspect Ratio:":"16:9","Duration:":"00:13","vtype":".mov"}}