{"t1":"The Group of Bees in The Hive. Work in The Apiary Beekeeper. Preparations Before Rocking Honey","t2":"The Group of Bees in The Hive. Preparations Before Rocking Honey - Free HD Video Clips &amp; Stock Video Footage","tags":["people","insect","moving up","outdoors","animal","honey","hexagon","beehive","farm","house","flower","agriculture","food","summer","pollen","biology","bee","fog","nature","gold","closed"],"info":{"@context":"http://schema.org","@type":"Article","name":"Download The Group of Bees in The Hive. Preparations Before Rocking Honey for free","description":"Download The Group of Bees in The Hive. Preparations Before Rocking Honey stock video footage. Choose from thousands of the best stock footage video clips to download.","url":"https://www.vecteezy.com/video/1272464-the-group-of-bees-in-the-hive-preparations-before-rocking-honey","datePublished":"2020-09-07T08:38:26-05:00","author":"ruslanye","headline":"Download The Group of Bees in The Hive. Preparations Before Rocking Honey stock video footage. Choose from th…","image":"https://static.vecteezy.com/system/resources/thumbnails/001/272/464/small_2x/the-group-of-bees-in-the-hive-preparations-before-rocking-honey.jpg","publisher":{"@type":"Organization","name":"vecteezy","logo":{"@type":"ImageObject","url":"https://www.vecteezy.com//images/vecteezy-logo--orange.jpg"}},"mainEntityOfPage":"https://static.vecteezy.com/system/resources/thumbnails/001/272/464/small_2x/the-group-of-bees-in-the-hive-preparations-before-rocking-honey.jpg","dateModified":"2020-09-07T08:38:26-05:00"},"root_dl":"https://static.vecteezy.com/system/protected/files/001/272/464/vecteezy_the-group-of-bees-in-the-hive-work-in-the-apiary-beekeeper-preparations-before-rocking-honey_1272464.mov","infoVideo":{"Resolution:":"HD 1920x1080","File Type:":"QuickTime","Codec:":"Photo-JPEG","Frame Rate:":"25 FPS","Aspect Ratio:":"16:9","Duration:":"00:08","vtype":".mov"}}