{"t1":"Golfer takes practice swings then hits his ball","t2":"Man takes practice swings - Free HD Video Clips &amp; Stock Video Footage","tags":["grass","people","outdoors","lifestyle","fun","sport","video","backgrounds","summer","golf","hobby","happiness","playing","beauty","golf club","beautiful people","day","healthy lifestyle","joy"],"info":{"@context":"http://schema.org","@type":"Article","name":"Download Man takes practice swings for free","description":"Download Man takes practice swings stock video footage. Choose from thousands of the best stock footage video clips to download.","url":"https://www.vecteezy.com/video/1272457-man-takes-practice-swings","datePublished":"2020-09-07T08:37:23-05:00","author":"stcck","headline":"Download Man takes practice swings stock video footage. Choose from thousands of the best stock footage video…","image":"https://static.vecteezy.com/system/resources/thumbnails/001/272/457/small_2x/man-takes-practice-swings.jpg","publisher":{"@type":"Organization","name":"vecteezy","logo":{"@type":"ImageObject","url":"https://www.vecteezy.com//images/vecteezy-logo--orange.jpg"}},"mainEntityOfPage":"https://static.vecteezy.com/system/resources/thumbnails/001/272/457/small_2x/man-takes-practice-swings.jpg","dateModified":"2020-09-07T08:37:23-05:00"},"root_dl":"https://static.vecteezy.com/system/protected/files/001/272/457/vecteezy_golfer-takes-practice-swings-then-hits-his-ball_1272457.mov","infoVideo":{"Resolution:":"4K 3840x2160","File Type:":"QuickTime","Codec:":"ProRes 422 (HQ)","Frame Rate:":"24 FPS","Aspect Ratio:":"16:9","Duration:":"00:28","vtype":".mov"}}