{"t1":"Business people working on financial data on a report and checking numbers, desktop with documents and laptop on background, top view","t2":"Business people teamwork - Free HD Video Clips &amp; Stock Video Footage","tags":["working","corporate business","people","computer","desk","technology","finance","laptop","file","human body part","pen","data","table","businessman","document","ceo","business person","business","banking","manager"],"info":{"@context":"http://schema.org","@type":"Article","name":"Download Business people teamwork for free","description":"Download Business people teamwork stock video footage. Choose from thousands of the best stock footage video clips to download.","url":"https://www.vecteezy.com/video/1272577-business-people-teamwork","datePublished":"2020-09-07T09:28:16-05:00","author":"cyano66","headline":"Download Business people teamwork stock video footage. Choose from thousands of the best stock footage video …","image":"https://static.vecteezy.com/system/resources/thumbnails/001/272/577/small_2x/business-people-teamwork.jpg","publisher":{"@type":"Organization","name":"vecteezy","logo":{"@type":"ImageObject","url":"https://www.vecteezy.com//images/vecteezy-logo--orange.jpg"}},"mainEntityOfPage":"https://static.vecteezy.com/system/resources/thumbnails/001/272/577/small_2x/business-people-teamwork.jpg","dateModified":"2020-09-07T09:28:16-05:00"},"root_dl":"https://static.vecteezy.com/system/protected/files/001/272/577/vecteezy_business-people-working-on-financial-data-on-a-report-and-checking-numbers-desktop-with-documents-and-laptop-on-background-top-view_1272577.mov","infoVideo":{"Resolution:":"HD 1920x1080","File Type:":"QuickTime","Codec:":"Photo-JPEG","Frame Rate:":"25 FPS","Aspect Ratio:":"16:9","Duration:":"00:19","vtype":".mov"}}