{"t1":"Drawing of design using a henna tattoo from one of the holiday festival in Estonia","t2":"Drawing of design using a henna tattoo - Free HD Video Clips &amp; Stock Video Footage","tags":["art","piano","people","music","craft","street","activity","city","cultures","city street","key","musician","design","playing","old","crowded"],"info":{"@context":"http://schema.org","@type":"Article","name":"Download Drawing of design using a henna tattoo for free","description":"Download Drawing of design using a henna tattoo stock video footage. Choose from thousands of the best stock footage video clips to download.","url":"https://www.vecteezy.com/video/1272503-drawing-of-design-using-a-henna-tattoo","datePublished":"2020-09-07T08:48:37-05:00","author":"nordicmoonlight","headline":"Download Drawing of design using a henna tattoo stock video footage. Choose from thousands of the best stock …","image":"https://static.vecteezy.com/system/resources/thumbnails/001/272/503/small_2x/drawing-of-design-using-a-henna-tattoo.jpg","publisher":{"@type":"Organization","name":"vecteezy","logo":{"@type":"ImageObject","url":"https://www.vecteezy.com//images/vecteezy-logo--orange.jpg"}},"mainEntityOfPage":"https://static.vecteezy.com/system/resources/thumbnails/001/272/503/small_2x/drawing-of-design-using-a-henna-tattoo.jpg","dateModified":"2020-09-07T08:48:37-05:00"},"root_dl":"https://static.vecteezy.com/system/protected/files/001/272/503/vecteezy_drawing-of-design-using-a-henna-tattoo-from-one-of-the-holiday-festival-in-estonia_1272503.mov","infoVideo":{"Resolution:":"HD 1920x1080","File Type:":"QuickTime","Codec:":"Photo-JPEG","Frame Rate:":"25 FPS","Aspect Ratio:":"16:9","Duration:":"00:09","vtype":".mov"}}