{"t1":"Slow motion close up RAW footage of a elderly bee keeper showing the young bee keeper the penal from the beehive.","t2":"Elderly bee-keeper showing the penal from the behive - Free HD Video Clips &amp; Stock Video Footage","tags":["people","outdoors","animal","honey","beehive","farm","food","truck","organic","honey bee","bee","island","picture frame","nature","healthy lifestyle"],"info":{"@context":"http://schema.org","@type":"Article","name":"Download Elderly bee-keeper showing the penal from the behive for free","description":"Download Elderly bee-keeper showing the penal from the behive stock video footage. Choose from thousands of the best stock footage video clips to download.","url":"https://www.vecteezy.com/video/1272468-elderly-bee-keeper-showing-the-penal-from-the-behive","datePublished":"2020-09-07T08:39:25-05:00","author":"probakster","headline":"Download Elderly bee-keeper showing the penal from the behive stock video footage. Choose from thousands of t…","image":"https://static.vecteezy.com/system/resources/thumbnails/001/272/468/small_2x/elderly-bee-keeper-showing-the-penal-from-the-behive.jpg","publisher":{"@type":"Organization","name":"vecteezy","logo":{"@type":"ImageObject","url":"https://www.vecteezy.com//images/vecteezy-logo--orange.jpg"}},"mainEntityOfPage":"https://static.vecteezy.com/system/resources/thumbnails/001/272/468/small_2x/elderly-bee-keeper-showing-the-penal-from-the-behive.jpg","dateModified":"2020-09-07T08:39:25-05:00"},"root_dl":"https://static.vecteezy.com/system/protected/files/001/272/468/vecteezy_slow-motion-close-up-raw-footage-of-a-elderly-bee-keeper-showing-the-young-bee-keeper-the-penal-from-the-beehive_1272468.mov","infoVideo":{"Resolution:":"HD 1920x1080","File Type:":"QuickTime","Codec:":"Photo-JPEG","Frame Rate:":"25 FPS","Aspect Ratio:":"16:9","Duration:":"00:14","vtype":".mov"}}