{"t1":"Crossbreed dog eating","t2":"Crossbreed dog eating - Free HD Video Clips &amp; Stock Video Footage","tags":["pets","looking","animal","video","food","mammals","dog","hungry","canine","cute","outdoors","puppy","indoors","nature","meal","grass","walking","waiting","beauty","activity","sadness","portrait","day","street","dog bone","golden retriever","running","pug","snack","home interior"],"info":{"@context":"http://schema.org","@type":"Article","name":"Download Crossbreed dog eating for free","description":"Download Crossbreed dog eating stock video footage. Choose from thousands of the best stock footage video clips to download.","url":"https://www.vecteezy.com/video/1272902-crossbreed-dog-eating","datePublished":"2020-09-07T09:54:29-05:00","author":"globalp","headline":"Download Crossbreed dog eating stock video footage. Choose from thousands of the best stock footage video cli…","image":"https://static.vecteezy.com/system/resources/thumbnails/001/272/902/small_2x/crossbreed-dog-eating.jpg","publisher":{"@type":"Organization","name":"vecteezy","logo":{"@type":"ImageObject","url":"https://www.vecteezy.com//images/vecteezy-logo--orange.jpg"}},"mainEntityOfPage":"https://static.vecteezy.com/system/resources/thumbnails/001/272/902/small_2x/crossbreed-dog-eating.jpg","dateModified":"2020-09-07T09:54:29-05:00"},"root_dl":"https://static.vecteezy.com/system/protected/files/001/272/902/vecteezy_crossbreed-dog-eating_1272902.mov","infoVideo":{"Resolution:":"HD 1920x1080","File Type:":"QuickTime","Codec:":"Photo-JPEG","Frame Rate:":"25 FPS","Aspect Ratio:":"16:9","Duration:":"00:25","vtype":".mov"}}