{"t1":"Close-up of African elephants (Loxodonta africana) interacting at a waterhole, Addo Elephant National Park, South Africa","t2":"African elephants interacting - Free HD Video Clips &amp; Stock Video Footage","tags":["outdoors","animal","video","mammals","elephant","communication","nature","day","water","environment","travel","river","tourist","animal family","cute","walking","swimming","playing","grass","egret","wet","bush"],"info":{"@context":"http://schema.org","@type":"Article","name":"Download African elephants interacting for free","description":"Download African elephants interacting stock video footage. Choose from thousands of the best stock footage video clips to download.","url":"https://www.vecteezy.com/video/1272525-african-elephants-interacting","datePublished":"2020-09-07T08:53:07-05:00","author":"ecopic","headline":"Download African elephants interacting stock video footage. Choose from thousands of the best stock footage v…","image":"https://static.vecteezy.com/system/resources/thumbnails/001/272/525/small_2x/african-elephants-interacting.jpg","publisher":{"@type":"Organization","name":"vecteezy","logo":{"@type":"ImageObject","url":"https://www.vecteezy.com//images/vecteezy-logo--orange.jpg"}},"mainEntityOfPage":"https://static.vecteezy.com/system/resources/thumbnails/001/272/525/small_2x/african-elephants-interacting.jpg","dateModified":"2020-09-07T08:53:07-05:00"},"root_dl":"https://static.vecteezy.com/system/protected/files/001/272/525/vecteezy_close-up-of-african-elephants-(loxodonta-africana)-interacting-at-a-waterhole-addo-elephant-national-park-south-africa_1272525.mov","infoVideo":{"Resolution:":"HD 1920x1080","File Type:":"QuickTime","Codec:":"Photo-JPEG","Frame Rate:":"30 FPS","Aspect Ratio:":"16:9","Duration:":"00:21","vtype":".mov"}}