{"t1":"Aerial nature shot of Banff, Lake Louise in summer","t2":"Beautiful Aerial Nature Flythroughs - Free HD Video Clips &amp; Stock Video Footage","tags":["people","outdoors","canoe","drinking water","lake","summer","mountain","water","mountain range","travel","forest","beauty","nature","tree","flying"],"info":{"@context":"http://schema.org","@type":"Article","name":"Download Beautiful Aerial Nature Flythroughs for free","description":"Download Beautiful Aerial Nature Flythroughs stock video footage. Choose from thousands of the best stock footage video clips to download.","url":"https://www.vecteezy.com/video/1272794-beautiful-aerial-nature-flythroughs","datePublished":"2020-09-07T09:45:59-05:00","author":"joelnberg","headline":"Download Beautiful Aerial Nature Flythroughs stock video footage. Choose from thousands of the best stock foo…","image":"https://static.vecteezy.com/system/resources/thumbnails/001/272/794/small_2x/beautiful-aerial-nature-flythroughs.jpg","publisher":{"@type":"Organization","name":"vecteezy","logo":{"@type":"ImageObject","url":"https://www.vecteezy.com//images/vecteezy-logo--orange.jpg"}},"mainEntityOfPage":"https://static.vecteezy.com/system/resources/thumbnails/001/272/794/small_2x/beautiful-aerial-nature-flythroughs.jpg","dateModified":"2020-09-07T09:45:59-05:00"},"root_dl":"https://static.vecteezy.com/system/protected/files/001/272/794/vecteezy_aerial-nature-shot-of-banff-lake-louise-in-summer_1272794.mov","infoVideo":{"Resolution:":"HD 1920x1080","File Type:":"QuickTime","Codec:":"Photo-JPEG","Frame Rate:":"30 FPS","Aspect Ratio:":"16:9","Duration:":"00:07","vtype":".mov"}}