{"t1":"Huka Falls and Waikato River in New Zealand","t2":"Huka Falls and Waikato River - Free HD Video Clips &amp; Stock Video Footage","tags":["outdoors","leaf","summer","mountain","water","travel","wet","rain","rainforest","forest","falling","river","waterfall","nature","liquid","tree"],"info":{"@context":"http://schema.org","@type":"Article","name":"Download Huka Falls and Waikato River for free","description":"Download Huka Falls and Waikato River stock video footage. Choose from thousands of the best stock footage video clips to download.","url":"https://www.vecteezy.com/video/1272396-huka-falls-and-waikato-river","datePublished":"2020-09-07T08:32:32-05:00","author":"surpasspro","headline":"Download Huka Falls and Waikato River stock video footage. Choose from thousands of the best stock footage vi…","image":"https://static.vecteezy.com/system/resources/thumbnails/001/272/396/small_2x/huka-falls-and-waikato-river-video.jpg","publisher":{"@type":"Organization","name":"vecteezy","logo":{"@type":"ImageObject","url":"https://www.vecteezy.com//images/vecteezy-logo--orange.jpg"}},"mainEntityOfPage":"https://static.vecteezy.com/system/resources/thumbnails/001/272/396/small_2x/huka-falls-and-waikato-river-video.jpg","dateModified":"2020-09-07T08:32:32-05:00"},"root_dl":"https://static.vecteezy.com/system/protected/files/001/272/396/vecteezy_huka-falls-and-waikato-river-in-new-zealand_1272396.mov","infoVideo":{"Resolution:":"HD 1440x1080","File Type:":"QuickTime","Codec:":"Photo-JPEG","Frame Rate:":"30 FPS","Aspect Ratio:":"4:3","Duration:":"00:15","vtype":".mov"}}