{"t1":"Close-up of a Crossbreed dog eating","t2":"Close-up of a Crossbreed dog eating - Free HD Video Clips &amp; Stock Video Footage","tags":["pets","animal","video","food","mammals","dog","hungry","canine","cute","outdoors","puppy","looking","indoors","nature","meal","grass","beauty","walking","waiting","activity","sadness","portrait","dog bone","day","golden retriever","running","street","pug","snack","water"],"info":{"@context":"http://schema.org","@type":"Article","name":"Download Close-up of a Crossbreed dog eating for free","description":"Download Close-up of a Crossbreed dog eating stock video footage. Choose from thousands of the best stock footage video clips to download.","url":"https://www.vecteezy.com/video/1272824-close-up-of-a-crossbreed-dog-eating","datePublished":"2020-09-07T09:48:04-05:00","author":"globalp","headline":"Download Close-up of a Crossbreed dog eating stock video footage. Choose from thousands of the best stock foo…","image":"https://static.vecteezy.com/system/resources/thumbnails/001/272/824/small_2x/close-up-of-a-crossbreed-dog-eating.jpg","publisher":{"@type":"Organization","name":"vecteezy","logo":{"@type":"ImageObject","url":"https://www.vecteezy.com//images/vecteezy-logo--orange.jpg"}},"mainEntityOfPage":"https://static.vecteezy.com/system/resources/thumbnails/001/272/824/small_2x/close-up-of-a-crossbreed-dog-eating.jpg","dateModified":"2020-09-07T09:48:04-05:00"},"root_dl":"https://static.vecteezy.com/system/protected/files/001/272/824/vecteezy_close-up-of-a-crossbreed-dog-eating_1272824.mov","infoVideo":{"Resolution:":"HD 1920x1080","File Type:":"QuickTime","Codec:":"Photo-JPEG","Frame Rate:":"25 FPS","Aspect Ratio:":"16:9","Duration:":"00:24","vtype":".mov"}}