{"t1":"Close up RAW footage of a child fogging up the bees for the beekeeper can check on them in the beehive.","t2":"Fogging up the panel full of bees - Free HD Video Clips &amp; Stock Video Footage","tags":["people","outdoors","animal","honey","beehive","farm","food","truck","organic","honey bee","bee","island","picture frame","nature","healthy lifestyle"],"info":{"@context":"http://schema.org","@type":"Article","name":"Download Fogging up the panel full of bees for free","description":"Download Fogging up the panel full of bees stock video footage. Choose from thousands of the best stock footage video clips to download.","url":"https://www.vecteezy.com/video/1272469-fogging-up-the-panel-full-of-bees","datePublished":"2020-09-07T08:40:08-05:00","author":"probakster","headline":"Download Fogging up the panel full of bees stock video footage. Choose from thousands of the best stock foota…","image":"https://static.vecteezy.com/system/resources/thumbnails/001/272/469/small_2x/fogging-up-the-panel-full-of-bees.jpg","publisher":{"@type":"Organization","name":"vecteezy","logo":{"@type":"ImageObject","url":"https://www.vecteezy.com//images/vecteezy-logo--orange.jpg"}},"mainEntityOfPage":"https://static.vecteezy.com/system/resources/thumbnails/001/272/469/small_2x/fogging-up-the-panel-full-of-bees.jpg","dateModified":"2020-09-07T08:40:08-05:00"},"root_dl":"https://static.vecteezy.com/system/protected/files/001/272/469/vecteezy_close-up-raw-footage-of-a-child-fogging-up-the-bees-for-the-beekeeper-can-check-on-them-in-the-beehive_1272469.mov","infoVideo":{"Resolution:":"HD 1920x1080","File Type:":"QuickTime","Codec:":"Photo-JPEG","Frame Rate:":"25 FPS","Aspect Ratio:":"16:9","Duration:":"00:21","vtype":".mov"}}