{"t1":"Elephants in the Kruger National Park, South Africa","t2":"Elephant - Free HD Video Clips &amp; Stock Video Footage","tags":["outdoors","animal","water","elephant","nature","mammals","environment","day","video","walking","grass","travel","bush","cute","human body part","people","closed","portrait","egret","summer","river","beauty","ear","looking","human head","listening","playing","tree","backgrounds","zebra"],"info":{"@context":"http://schema.org","@type":"Article","name":"Download Elephant for free","description":"Download Elephant stock video footage. Choose from thousands of the best stock footage video clips to download.","url":"https://www.vecteezy.com/video/1272514-elephant","datePublished":"2020-09-07T08:50:42-05:00","author":"jandrielombard","headline":"Download Elephant stock video footage. Choose from thousands of the best stock footage video clips to downloa…","image":"https://static.vecteezy.com/system/resources/thumbnails/001/272/514/small_2x/elephant.jpg","publisher":{"@type":"Organization","name":"vecteezy","logo":{"@type":"ImageObject","url":"https://www.vecteezy.com//images/vecteezy-logo--orange.jpg"}},"mainEntityOfPage":"https://static.vecteezy.com/system/resources/thumbnails/001/272/514/small_2x/elephant.jpg","dateModified":"2020-09-07T08:50:42-05:00"},"root_dl":"https://static.vecteezy.com/system/protected/files/001/272/514/vecteezy_elephants-in-the-kruger-national-park-south-africa_1272514.mov","infoVideo":{"Resolution:":"HD 1920x1080","File Type:":"QuickTime","Codec:":"Photo-JPEG","Frame Rate:":"30 FPS","Aspect Ratio:":"16:9","Duration:":"00:09","vtype":".mov"}}