{"t1":"A large group of elephants at a waterhole in the african national park Tsavo East","t2":"Group of elephants at a waterhole - Free HD Video Clips &amp; Stock Video Footage","tags":["outdoors","animal","summer","mammals","water","elephant","environment","nature"],"info":{"@context":"http://schema.org","@type":"Article","name":"Download Group of elephants at a waterhole for free","description":"Download Group of elephants at a waterhole stock video footage. Choose from thousands of the best stock footage video clips to download.","url":"https://www.vecteezy.com/video/1272527-group-of-elephants-at-a-waterhole","datePublished":"2020-09-07T08:53:07-05:00","author":"handmadepictures","headline":"Download Group of elephants at a waterhole stock video footage. Choose from thousands of the best stock foota…","image":"https://static.vecteezy.com/system/resources/thumbnails/001/272/527/small_2x/group-of-elephants-at-a-waterhole.jpg","publisher":{"@type":"Organization","name":"vecteezy","logo":{"@type":"ImageObject","url":"https://www.vecteezy.com//images/vecteezy-logo--orange.jpg"}},"mainEntityOfPage":"https://static.vecteezy.com/system/resources/thumbnails/001/272/527/small_2x/group-of-elephants-at-a-waterhole.jpg","dateModified":"2020-09-07T08:53:07-05:00"},"root_dl":"https://static.vecteezy.com/system/protected/files/001/272/527/vecteezy_a-large-group-of-elephants-at-a-waterhole-in-the-african-national-park-tsavo-east_1272527.mov","infoVideo":{"Resolution:":"HD 1920x1080","File Type:":"QuickTime","Codec:":"Motion-JPEG A","Frame Rate:":"25 FPS","Aspect Ratio:":"16:9","Duration:":"00:19","vtype":".mov"}}