{"t1":"Three puppies in a pen. One sleeping while the other two are playing. One puppy crying maybe hurt due to playing with the other puppy.","t2":"Three puppies in a Pen - Free HD Video Clips &amp; Stock Video Footage","tags":["pets","paw","looking","canine","animal","puppy","cute","dog","mammals","outdoors","nature","street","sadness","hungry","day","activity","summer","dog walking","food","grass","indoors","video","fun","german shepherd","walking","autumn","portrait","searching","beauty","currency"],"info":{"@context":"http://schema.org","@type":"Article","name":"Download Three puppies in a Pen for free","description":"Download Three puppies in a Pen stock video footage. Choose from thousands of the best stock footage video clips to download.","url":"https://www.vecteezy.com/video/1272989-three-puppies-in-a-pen","datePublished":"2020-09-07T10:01:52-05:00","author":"nordicmoonlight","headline":"Download Three puppies in a Pen stock video footage. Choose from thousands of the best stock footage video cl…","image":"https://static.vecteezy.com/system/resources/thumbnails/001/272/989/small_2x/three-puppies-in-a-pen.jpg","publisher":{"@type":"Organization","name":"vecteezy","logo":{"@type":"ImageObject","url":"https://www.vecteezy.com//images/vecteezy-logo--orange.jpg"}},"mainEntityOfPage":"https://static.vecteezy.com/system/resources/thumbnails/001/272/989/small_2x/three-puppies-in-a-pen.jpg","dateModified":"2020-09-07T10:01:52-05:00"},"root_dl":"https://static.vecteezy.com/system/protected/files/001/272/989/vecteezy_three-puppies-in-a-pen-one-sleeping-while-the-other-two-are-playing-one-puppy-crying-maybe-hurt-due-to-playing-with-the-other-puppy_1272989.mov","infoVideo":{"Resolution:":"HD 1920x1080","File Type:":"QuickTime","Codec:":"Photo-JPEG","Frame Rate:":"25 FPS","Aspect Ratio:":"16:9","Duration:":"00:11","vtype":".mov"}}