{"t1":"Bees at the entrance to the hive closeup. . Bee hive in the springtime. Active movement of bees near the old hive. Bees flying around their beehive.","t2":"Bees at the entrance to the hive closeup - Free HD Video Clips &amp; Stock Video Footage","tags":["working","people","insect","mobile phone","home interior","honey","beehive","house","bright","summer","sun","hobby","pollen","bee","nature","flying"],"info":{"@context":"http://schema.org","@type":"Article","name":"Download Bees at the entrance to the hive closeup for free","description":"Download Bees at the entrance to the hive closeup stock video footage. Choose from thousands of the best stock footage video clips to download.","url":"https://www.vecteezy.com/video/1272474-bees-at-the-entrance-to-the-hive-closeup","datePublished":"2020-09-07T08:42:09-05:00","author":"istock oles","headline":"Download Bees at the entrance to the hive closeup stock video footage. Choose from thousands of the best stoc…","image":"https://static.vecteezy.com/system/resources/thumbnails/001/272/474/small_2x/bees-at-the-entrance-to-the-hive-closeup.jpg","publisher":{"@type":"Organization","name":"vecteezy","logo":{"@type":"ImageObject","url":"https://www.vecteezy.com//images/vecteezy-logo--orange.jpg"}},"mainEntityOfPage":"https://static.vecteezy.com/system/resources/thumbnails/001/272/474/small_2x/bees-at-the-entrance-to-the-hive-closeup.jpg","dateModified":"2020-09-07T08:42:09-05:00"},"root_dl":"https://static.vecteezy.com/system/protected/files/001/272/474/vecteezy_bees-at-the-entrance-to-the-hive-closeup-bee-hive-in-the-springtime-active-movement-of-bees-near-the-old-hive-bees-flying-around-their-beehive_1272474.mov","infoVideo":{"Resolution:":"HD 1920x1080","File Type:":"QuickTime","Codec:":"Photo-JPEG","Frame Rate:":"30 FPS","Aspect Ratio:":"16:9","Duration:":"00:15","vtype":".mov"}}