{"t1":"Baby elephants covered in mud surrounded by protective herd of adults,Botswana","t2":"Baby elephants surrounded by protective herd of adults,Botswana - Free HD Video Clips &amp; Stock Video Footage","tags":["outdoors","animal","tourist","cute","elephant","river","water","animal family","sunset","swimming","playing","travel","dust","day","walking","mammals","drink","wet"],"info":{"@context":"http://schema.org","@type":"Article","name":"Download Baby elephants surrounded by protective herd of adults,Botswana for free","description":"Download Baby elephants surrounded by protective herd of adults,Botswana stock video footage. Choose from thousands of the best stock footage video clips to download.","url":"https://www.vecteezy.com/video/1272522-baby-elephants-surrounded-by-protective-herd-of-adults-botswana","datePublished":"2020-09-07T08:52:09-05:00","author":"martinharvey","headline":"Download Baby elephants surrounded by protective herd of adults,Botswana stock video footage. Choose from tho…","image":"https://static.vecteezy.com/system/resources/thumbnails/001/272/522/small_2x/baby-elephants-surrounded-by-protective-herd-of-adults-botswana.jpg","publisher":{"@type":"Organization","name":"vecteezy","logo":{"@type":"ImageObject","url":"https://www.vecteezy.com//images/vecteezy-logo--orange.jpg"}},"mainEntityOfPage":"https://static.vecteezy.com/system/resources/thumbnails/001/272/522/small_2x/baby-elephants-surrounded-by-protective-herd-of-adults-botswana.jpg","dateModified":"2020-09-07T08:52:09-05:00"},"root_dl":"https://static.vecteezy.com/system/protected/files/001/272/522/vecteezy_baby-elephants-covered-in-mud-surrounded-by-protective-herd-of-adultsbotswana_1272522.mov","infoVideo":{"Resolution:":"HD 1920x1080","File Type:":"QuickTime","Codec:":"Photo-JPEG","Frame Rate:":"24 FPS","Aspect Ratio:":"16:9","Duration:":"00:10","vtype":".mov"}}