{"t1":"Close up footage of a bee keeper open the wooden lid to start checking on the bees in the beehive.","t2":"Bee-keeper opening the lid of beehive - Free HD Video Clips &amp; Stock Video Footage","tags":["people","outdoors","animal","honey","beehive","farm","food","truck","organic","honey bee","bee","island","picture frame","nature","healthy lifestyle"],"info":{"@context":"http://schema.org","@type":"Article","name":"Download Bee-keeper opening the lid of beehive for free","description":"Download Bee-keeper opening the lid of beehive stock video footage. Choose from thousands of the best stock footage video clips to download.","url":"https://www.vecteezy.com/video/1272493-bee-keeper-opening-the-lid-of-beehive","datePublished":"2020-09-07T08:47:06-05:00","author":"probakster","headline":"Download Bee-keeper opening the lid of beehive stock video footage. Choose from thousands of the best stock f…","image":"https://static.vecteezy.com/system/resources/thumbnails/001/272/493/small_2x/bee-keeper-opening-the-lid-of-beehive.jpg","publisher":{"@type":"Organization","name":"vecteezy","logo":{"@type":"ImageObject","url":"https://www.vecteezy.com//images/vecteezy-logo--orange.jpg"}},"mainEntityOfPage":"https://static.vecteezy.com/system/resources/thumbnails/001/272/493/small_2x/bee-keeper-opening-the-lid-of-beehive.jpg","dateModified":"2020-09-07T08:47:06-05:00"},"root_dl":"https://static.vecteezy.com/system/protected/files/001/272/493/vecteezy_close-up-footage-of-a-bee-keeper-open-the-wooden-lid-to-start-checking-on-the-bees-in-the-beehive_1272493.mov","infoVideo":{"Resolution:":"HD 1920x1080","File Type:":"QuickTime","Codec:":"Photo-JPEG","Frame Rate:":"25 FPS","Aspect Ratio:":"16:9","Duration:":"00:22","vtype":".mov"}}