{"t1":"Close up footage of a child bee-keeper checking on the bees with looking the panel from the beehive weary  closely.","t2":"Child bee-keeper having in the hand a panel from the beehive - Free HD Video Clips &amp; Stock Video Footage","tags":["people","outdoors","animal","honey","beehive","farm","food","truck","organic","honey bee","bee","island","picture frame","nature","healthy lifestyle"],"info":{"@context":"http://schema.org","@type":"Article","name":"Download Child bee-keeper having in the hand a panel from the beehive for free","description":"Download Child bee-keeper having in the hand a panel from the beehive stock video footage. Choose from thousands of the best stock footage video clips to download.","url":"https://www.vecteezy.com/video/1272470-child-bee-keeper-having-in-the-hand-a-panel-from-the-beehive","datePublished":"2020-09-07T08:40:08-05:00","author":"probakster","headline":"Download Child bee-keeper having in the hand a panel from the beehive stock video footage. Choose from thousa…","image":"https://static.vecteezy.com/system/resources/thumbnails/001/272/470/small_2x/child-bee-keeper-having-in-the-hand-a-panel-from-the-beehive.jpg","publisher":{"@type":"Organization","name":"vecteezy","logo":{"@type":"ImageObject","url":"https://www.vecteezy.com//images/vecteezy-logo--orange.jpg"}},"mainEntityOfPage":"https://static.vecteezy.com/system/resources/thumbnails/001/272/470/small_2x/child-bee-keeper-having-in-the-hand-a-panel-from-the-beehive.jpg","dateModified":"2020-09-07T08:40:08-05:00"},"root_dl":"https://static.vecteezy.com/system/protected/files/001/272/470/vecteezy_close-up-footage-of-a-child-bee-keeper-checking-on-the-bees-with-looking-the-panel-from-the-beehive-weary-closely_1272470.mov","infoVideo":{"Resolution:":"HD 1920x1080","File Type:":"QuickTime","Codec:":"Photo-JPEG","Frame Rate:":"25 FPS","Aspect Ratio:":"16:9","Duration:":"00:08","vtype":".mov"}}