{"t1":"Steadicam slow motion shot of family members lighting Bengal fires. Parents and grandparents of a little boy hunker down around him.","t2":"Family Celebration - Free HD Video Clips &amp; Stock Video Footage","tags":["fireworks display","people","outdoors","sky","human body part","bright","night","family","summer","mother","father","parent","cute","animal","pets","dog","beauty","nature","happiness","fun","backgrounds","video","christmas","beautiful people","lifestyle","activity","animal family","portrait","fish","indoors"],"info":{"@context":"http://schema.org","@type":"Article","name":"Download Family Celebration for free","description":"Download Family Celebration stock video footage. Choose from thousands of the best stock footage video clips to download.","url":"https://www.vecteezy.com/video/1272792-family-celebration","datePublished":"2020-09-07T09:45:59-05:00","author":"danr13","headline":"Download Family Celebration stock video footage. Choose from thousands of the best stock footage video clips …","image":"https://static.vecteezy.com/system/resources/thumbnails/001/272/792/small_2x/family-celebration.jpg","publisher":{"@type":"Organization","name":"vecteezy","logo":{"@type":"ImageObject","url":"https://www.vecteezy.com//images/vecteezy-logo--orange.jpg"}},"mainEntityOfPage":"https://static.vecteezy.com/system/resources/thumbnails/001/272/792/small_2x/family-celebration.jpg","dateModified":"2020-09-07T09:45:59-05:00"},"root_dl":"https://static.vecteezy.com/system/protected/files/001/272/792/vecteezy_steadicam-slow-motion-shot-of-family-members-lighting-bengal-fires-parents-and-grandparents-of-a-little-boy-hunker-down-around-him_1272792.mov","infoVideo":{"Resolution:":"HD 1920x1080","File Type:":"QuickTime","Codec:":"Photo-JPEG","Frame Rate:":"24 FPS","Aspect Ratio:":"16:9","Duration:":"00:27","vtype":".mov"}}