{"t1":"Fishing boats in the sea, seagulls flying and laughing, sound, HD","t2":"Fishing boats - Free HD Video Clips &amp; Stock Video Footage","tags":["outdoors","pond","sky","lake","fishing","water","hobby","bird","flock of birds","travel","beach","sea","beauty","nature","transportation","flying","industry"],"info":{"@context":"http://schema.org","@type":"Article","name":"Download Fishing boats for free","description":"Download Fishing boats stock video footage. Choose from thousands of the best stock footage video clips to download.","url":"https://www.vecteezy.com/video/1273836-fishing-boats","datePublished":"2020-09-07T11:58:27-05:00","author":"devuchka","headline":"Download Fishing boats stock video footage. Choose from thousands of the best stock footage video clips to do…","image":"https://static.vecteezy.com/system/resources/thumbnails/001/273/836/small_2x/fishing-boats.jpg","publisher":{"@type":"Organization","name":"vecteezy","logo":{"@type":"ImageObject","url":"https://www.vecteezy.com//images/vecteezy-logo--orange.jpg"}},"mainEntityOfPage":"https://static.vecteezy.com/system/resources/thumbnails/001/273/836/small_2x/fishing-boats.jpg","dateModified":"2020-09-07T11:58:27-05:00"},"root_dl":"https://static.vecteezy.com/system/protected/files/001/273/836/vecteezy_fishing-boats-in-the-sea-seagulls-flying-and-laughing-sound-hd_1273836.mov","infoVideo":{"Resolution:":"HD 1920x1080","File Type:":"QuickTime","Codec:":"Photo-JPEG","Frame Rate:":"30 FPS","Aspect Ratio:":"16:9","Duration:":"00:14","vtype":".mov"}}