{"t1":"This high definition video was taken in Kerala, India.","t2":"Fishermen in Fort Kochi Kerala, India. - Free HD Video Clips &amp; Stock Video Footage","tags":["fisherman","outdoors","video","fishing","travel","fish","fishing net","water","nature","lake","river","pond","sea","people","transportation","industry","food","human body part","business","seafood","sky","morning","cultures","working","beach","rope","casting","summer","harvesting","old"],"info":{"@context":"http://schema.org","@type":"Article","name":"Download Fishermen in Fort Kochi Kerala, India. for free","description":"Download Fishermen in Fort Kochi Kerala, India. stock video footage. Choose from thousands of the best stock footage video clips to download.","url":"https://www.vecteezy.com/video/1273382-fishermen-in-fort-kochi-kerala-india","datePublished":"2020-09-07T10:42:27-05:00","author":"arviest","headline":"Download Fishermen in Fort Kochi Kerala, India. stock video footage. Choose from thousands of the best stock …","image":"https://static.vecteezy.com/system/resources/thumbnails/001/273/382/small_2x/fishermen-in-fort-kochi-kerala-india.jpg","publisher":{"@type":"Organization","name":"vecteezy","logo":{"@type":"ImageObject","url":"https://www.vecteezy.com//images/vecteezy-logo--orange.jpg"}},"mainEntityOfPage":"https://static.vecteezy.com/system/resources/thumbnails/001/273/382/small_2x/fishermen-in-fort-kochi-kerala-india.jpg","dateModified":"2020-09-07T10:42:27-05:00"},"root_dl":"https://static.vecteezy.com/system/protected/files/001/273/382/vecteezy_this-high-definition-video-was-taken-in-kerala-india_1273382.mov","infoVideo":{"Resolution:":"HD 1920x1080","File Type:":"QuickTime","Codec:":"Photo-JPEG","Frame Rate:":"30 FPS","Aspect Ratio:":"16:9","Duration:":"00:20","vtype":".mov"}}