{"t1":"disabled dog in a wheelchair stand and run on ground","t2":"disabled dog in a wheelchair stand and run on ground - Free HD Video Clips &amp; Stock Video Footage","tags":["pets","canine","animal","disability","mammals","running","dog","wheelchair","cute","puppy","indoors","looking","nature","outdoors","people","exhibition","fun","table","grass","beauty","video","summer","new","sleeping","portrait","activity","german shepherd","lifestyle","food","playing"],"info":{"@context":"http://schema.org","@type":"Article","name":"Download disabled dog in a wheelchair stand and run on ground for free","description":"Download disabled dog in a wheelchair stand and run on ground stock video footage. Choose from thousands of the best stock footage video clips to download.","url":"https://www.vecteezy.com/video/1273521-disabled-dog-in-a-wheelchair-stand-and-run-on-ground","datePublished":"2020-09-07T10:59:41-05:00","author":"mindklongdan","headline":"Download disabled dog in a wheelchair stand and run on ground stock video footage. Choose from thousands of t…","image":"https://static.vecteezy.com/system/resources/thumbnails/001/273/521/small_2x/disabled-dog-in-a-wheelchair-stand-and-run-on-ground.jpg","publisher":{"@type":"Organization","name":"vecteezy","logo":{"@type":"ImageObject","url":"https://www.vecteezy.com//images/vecteezy-logo--orange.jpg"}},"mainEntityOfPage":"https://static.vecteezy.com/system/resources/thumbnails/001/273/521/small_2x/disabled-dog-in-a-wheelchair-stand-and-run-on-ground.jpg","dateModified":"2020-09-07T10:59:41-05:00"},"root_dl":"https://static.vecteezy.com/system/protected/files/001/273/521/vecteezy_disabled-dog-in-a-wheelchair-stand-and-run-on-ground_1273521.mov","infoVideo":{"Resolution:":"HD 1920x1080","File Type:":"QuickTime","Codec:":"Photo-JPEG","Frame Rate:":"30 FPS","Aspect Ratio:":"16:9","Duration:":"00:15","vtype":".mov"}}