{"t1":"Saltwater jelly fish","t2":"Jelly fish - Free HD Video Clips &amp; Stock Video Footage","tags":["underwater","animal","transparent","backgrounds","seafood","aquarium","water","translucent","bubble","sea","fish","symbol","biology","beauty","swimming","nature","flying","jellyfish"],"info":{"@context":"http://schema.org","@type":"Article","name":"Download Jelly fish for free","description":"Download Jelly fish stock video footage. Choose from thousands of the best stock footage video clips to download.","url":"https://www.vecteezy.com/video/1273751-jelly-fish","datePublished":"2020-09-07T11:48:35-05:00","author":"2trailhikers","headline":"Download Jelly fish stock video footage. Choose from thousands of the best stock footage video clips to downl…","image":"https://static.vecteezy.com/system/resources/thumbnails/001/273/751/small_2x/jelly-fish.jpg","publisher":{"@type":"Organization","name":"vecteezy","logo":{"@type":"ImageObject","url":"https://www.vecteezy.com//images/vecteezy-logo--orange.jpg"}},"mainEntityOfPage":"https://static.vecteezy.com/system/resources/thumbnails/001/273/751/small_2x/jelly-fish.jpg","dateModified":"2020-09-07T11:48:35-05:00"},"root_dl":"https://static.vecteezy.com/system/protected/files/001/273/751/vecteezy_saltwater-jelly-fish_1273751.mov","infoVideo":{"Resolution:":"HD 1920x1080","File Type:":"QuickTime","Codec:":"Photo-JPEG","Frame Rate:":"30 FPS","Aspect Ratio:":"16:9","Duration:":"00:16","vtype":".mov"}}