{"t1":"Fish spa beauty treatment.Fish spa pedicure,Rufa Garra pedicure treatment.","t2":"Fish therapy - Free HD Video Clips &amp; Stock Video Footage","tags":["pedicure","human body part","aquarium","water","fish","beauty","cleaning","healthy lifestyle"],"info":{"@context":"http://schema.org","@type":"Article","name":"Download Fish therapy for free","description":"Download Fish therapy stock video footage. Choose from thousands of the best stock footage video clips to download.","url":"https://www.vecteezy.com/video/1273687-fish-therapy","datePublished":"2020-09-07T11:42:55-05:00","author":"dimijana","headline":"Download Fish therapy stock video footage. Choose from thousands of the best stock footage video clips to dow…","image":"https://static.vecteezy.com/system/resources/thumbnails/001/273/687/small_2x/fish-therapy.jpg","publisher":{"@type":"Organization","name":"vecteezy","logo":{"@type":"ImageObject","url":"https://www.vecteezy.com//images/vecteezy-logo--orange.jpg"}},"mainEntityOfPage":"https://static.vecteezy.com/system/resources/thumbnails/001/273/687/small_2x/fish-therapy.jpg","dateModified":"2020-09-07T11:42:55-05:00"},"root_dl":"https://static.vecteezy.com/system/protected/files/001/273/687/vecteezy_fish-spa-beauty-treatmentfish-spa-pedicurerufa-garra-pedicure-treatment_1273687.mov","infoVideo":{"Resolution:":"HD 1920x1080","File Type:":"QuickTime","Codec:":"Photo-JPEG","Frame Rate:":"25 FPS","Aspect Ratio:":"16:9","Duration:":"00:12","vtype":".mov"}}