{"t1":"HD1920x1080: High quality produced HD Stock Footage Clip of a  fish tank","t2":"Fish tank - Free HD Video Clips &amp; Stock Video Footage","tags":["pets","transparent","plant","aquarium","water","bubble","fish","indoors","swimming","outdoors","animal","day","video","nature","cute","environment","technology","sand","transportation","computer","sea","architecture","road","traffic","tower","car","skyscraper","driving","night","backgrounds"],"info":{"@context":"http://schema.org","@type":"Article","name":"Download Fish tank for free","description":"Download Fish tank stock video footage. Choose from thousands of the best stock footage video clips to download.","url":"https://www.vecteezy.com/video/1273879-fish-tank","datePublished":"2020-09-07T12:02:46-05:00","author":"probakster","headline":"Download Fish tank stock video footage. Choose from thousands of the best stock footage video clips to downlo…","image":"https://static.vecteezy.com/system/resources/thumbnails/001/273/879/small_2x/fish-tank.jpg","publisher":{"@type":"Organization","name":"vecteezy","logo":{"@type":"ImageObject","url":"https://www.vecteezy.com//images/vecteezy-logo--orange.jpg"}},"mainEntityOfPage":"https://static.vecteezy.com/system/resources/thumbnails/001/273/879/small_2x/fish-tank.jpg","dateModified":"2020-09-07T12:02:46-05:00"},"root_dl":"https://static.vecteezy.com/system/protected/files/001/273/879/vecteezy_hd1920x1080-high-quality-produced-hd-stock-footage-clip-of-a-fish-tank_1273879.mov","infoVideo":{"Resolution:":"HD 1920x1080","File Type:":"QuickTime","Codec:":"ProRes 422 (HQ)","Frame Rate:":"24 FPS","Aspect Ratio:":"16:9","Duration:":"00:26","vtype":".mov"}}