{"t1":"Cooked fish on a frying pan.","t2":"Fish. - Free HD Video Clips &amp; Stock Video Footage","tags":["seafood","cooking","food and drink","dinner","food","meal","fish","cooking pan","cooking oil","kitchen","meat","outdoors","flame","wok","lunch","people","human body part","home interior","insect","steak","chef","vegetable","lifestyle","restaurant","spice","smelling","fashion","herb","rosemary","looking"],"info":{"@context":"http://schema.org","@type":"Article","name":"Download Fish. for free","description":"Download Fish. stock video footage. Choose from thousands of the best stock footage video clips to download.","url":"https://www.vecteezy.com/video/1273182-fish","datePublished":"2020-09-07T10:20:09-05:00","author":"straitel","headline":"Download Fish. stock video footage. Choose from thousands of the best stock footage video clips to download.","image":"https://static.vecteezy.com/system/resources/thumbnails/001/273/182/small_2x/fish.jpg","publisher":{"@type":"Organization","name":"vecteezy","logo":{"@type":"ImageObject","url":"https://www.vecteezy.com//images/vecteezy-logo--orange.jpg"}},"mainEntityOfPage":"https://static.vecteezy.com/system/resources/thumbnails/001/273/182/small_2x/fish.jpg","dateModified":"2020-09-07T10:20:09-05:00"},"root_dl":"https://static.vecteezy.com/system/protected/files/001/273/182/vecteezy_cooked-fish-on-a-frying-pan_1273182.mov","infoVideo":{"Resolution:":"HD 1920x1080","File Type:":"QuickTime","Codec:":"Photo-JPEG","Frame Rate:":"25 FPS","Aspect Ratio:":"16:9","Duration:":"00:12","vtype":".mov"}}