{"t1":"Harvesting and transport of fish using mechanical arm with a bucket, crane shoot video clip","t2":"Harvesting fish in fish farm - Free HD Video Clips &amp; Stock Video Footage","tags":["bucket","fisherman","outdoors","animal","pond","farm","harvesting","fishing","agriculture","food","water","fish","loading","business","robotic arm","transportation"],"info":{"@context":"http://schema.org","@type":"Article","name":"Download Harvesting fish in fish farm for free","description":"Download Harvesting fish in fish farm stock video footage. Choose from thousands of the best stock footage video clips to download.","url":"https://www.vecteezy.com/video/1273094-harvesting-fish-in-fish-farm","datePublished":"2020-09-07T10:09:31-05:00","author":"overcrew","headline":"Download Harvesting fish in fish farm stock video footage. Choose from thousands of the best stock footage vi…","image":"https://static.vecteezy.com/system/resources/thumbnails/001/273/094/small_2x/harvesting-fish-in-fish-farm.jpg","publisher":{"@type":"Organization","name":"vecteezy","logo":{"@type":"ImageObject","url":"https://www.vecteezy.com//images/vecteezy-logo--orange.jpg"}},"mainEntityOfPage":"https://static.vecteezy.com/system/resources/thumbnails/001/273/094/small_2x/harvesting-fish-in-fish-farm.jpg","dateModified":"2020-09-07T10:09:31-05:00"},"root_dl":"https://static.vecteezy.com/system/protected/files/001/273/094/vecteezy_harvesting-and-transport-of-fish-using-mechanical-arm-with-a-bucket-crane-shoot-video-clip_1273094.mov","infoVideo":{"Resolution:":"HD 1920x1080","File Type:":"QuickTime","Codec:":"Photo-JPEG","Frame Rate:":"30 FPS","Aspect Ratio:":"16:9","Duration:":"00:19","vtype":".mov"}}