{"t1":"Three dogs (mother, adult son and a small puppy) playing in the yard on the green grass","t2":"Three dogs (mother, adult son and a small puppy) playing in the yard on the green grass - Free HD Video Clips &amp; Stock Video Footage","tags":["pets","grass","canine","outdoors","animal","fun","puppy","summer","mammals","cute","dog","nature","joy","looking","sleeping","beauty","new","hungry","animal family","lifestyle","terrier","people","day","activity","portrait","street","dog walking","breastfeeding","drink","meadow"],"info":{"@context":"http://schema.org","@type":"Article","name":"Download Three dogs (mother, adult son and a small puppy) playing in the yard on the green grass for free","description":"Download Three dogs (mother, adult son and a small puppy) playing in the yard on the green grass stock video footage. Choose from thousands of the best stock footage video clips to download.","url":"https://www.vecteezy.com/video/1273527-three-dogs-mother-adult-son-and-a-small-puppy-playing-in-the-yard-on-the-green-grass","datePublished":"2020-09-07T11:01:06-05:00","author":"master ace","headline":"Download Three dogs (mother, adult son and a small puppy) playing in the yard on the green grass stock video …","image":"https://static.vecteezy.com/system/resources/thumbnails/001/273/527/small_2x/three-dogs-mother-adult-son-and-a-small-puppy-playing-in-the-yard-on-the-green-grass.jpg","publisher":{"@type":"Organization","name":"vecteezy","logo":{"@type":"ImageObject","url":"https://www.vecteezy.com//images/vecteezy-logo--orange.jpg"}},"mainEntityOfPage":"https://static.vecteezy.com/system/resources/thumbnails/001/273/527/small_2x/three-dogs-mother-adult-son-and-a-small-puppy-playing-in-the-yard-on-the-green-grass.jpg","dateModified":"2020-09-07T11:01:06-05:00"},"root_dl":"https://static.vecteezy.com/system/protected/files/001/273/527/vecteezy_three-dogs-(mother-adult-son-and-a-small-puppy)-playing-in-the-yard-on-the-green-grass_1273527.mov","infoVideo":{"Resolution:":"HD 1920x1080","File Type:":"QuickTime","Codec:":"Photo-JPEG","Frame Rate:":"30 FPS","Aspect Ratio:":"16:9","Duration:":"00:39","vtype":".mov"}}