{"t1":"fishing boats at the pier. pitching","t2":"fishing boats - Free HD Video Clips &amp; Stock Video Footage","tags":["fisherman","yacht","backgrounds","travel","beach","sea","island","morning","waiting","nature","fishing","outdoors","fish","water","sunny","river","fishing net","lake","fishing rod","transportation","working","sport","summer","reflection","activity","sunlight","casting","spool","sunset","beauty"],"info":{"@context":"http://schema.org","@type":"Article","name":"Download fishing boats for free","description":"Download fishing boats stock video footage. Choose from thousands of the best stock footage video clips to download.","url":"https://www.vecteezy.com/video/1273943-fishing-boats","datePublished":"2020-09-07T12:10:48-05:00","author":"nl67","headline":"Download fishing boats stock video footage. Choose from thousands of the best stock footage video clips to do…","image":"https://static.vecteezy.com/system/resources/thumbnails/001/273/943/small_2x/fishing-boats.jpg","publisher":{"@type":"Organization","name":"vecteezy","logo":{"@type":"ImageObject","url":"https://www.vecteezy.com//images/vecteezy-logo--orange.jpg"}},"mainEntityOfPage":"https://static.vecteezy.com/system/resources/thumbnails/001/273/943/small_2x/fishing-boats.jpg","dateModified":"2020-09-07T12:10:48-05:00"},"root_dl":"https://static.vecteezy.com/system/protected/files/001/273/943/vecteezy_fishing-boats-at-the-pier-pitching_1273943.mov","infoVideo":{"Resolution:":"HD 1920x1080","File Type:":"QuickTime","Codec:":"Photo-JPEG","Frame Rate:":"25 FPS","Aspect Ratio:":"16:9","Duration:":"00:10","vtype":".mov"}}