{"t1":"Fish with a lemon","t2":"Fish - Free HD Video Clips &amp; Stock Video Footage","tags":["spice","animal","backgrounds","seafood","cooking","food and drink","dinner","food","meal","lunch","sea","fish","meat","steak","chef","restaurant","protein","kitchen","organic","table","pork","nature","fresh","human body part","outdoors","cut","raw","butcher","board","barbecue"],"info":{"@context":"http://schema.org","@type":"Article","name":"Download Fish for free","description":"Download Fish stock video footage. Choose from thousands of the best stock footage video clips to download.","url":"https://www.vecteezy.com/video/1273148-fish","datePublished":"2020-09-07T10:15:11-05:00","author":"gravicapa","headline":"Download Fish stock video footage. Choose from thousands of the best stock footage video clips to download.","image":"https://static.vecteezy.com/system/resources/thumbnails/001/273/148/small_2x/fish.jpg","publisher":{"@type":"Organization","name":"vecteezy","logo":{"@type":"ImageObject","url":"https://www.vecteezy.com//images/vecteezy-logo--orange.jpg"}},"mainEntityOfPage":"https://static.vecteezy.com/system/resources/thumbnails/001/273/148/small_2x/fish.jpg","dateModified":"2020-09-07T10:15:11-05:00"},"root_dl":"https://static.vecteezy.com/system/protected/files/001/273/148/vecteezy_fish-with-a-lemon_1273148.mov","infoVideo":{"Resolution:":"HD 1920x1080","File Type:":"QuickTime","Codec:":"Photo-JPEG","Frame Rate:":"30 FPS","Aspect Ratio:":"16:9","Duration:":"00:09","vtype":".mov"}}