{"t1":"The video shows fried river fish","t2":"fried fish - Free HD Video Clips &amp; Stock Video Footage","tags":["seafood","cooking","food","meal","trout","fish","river","outdoors","water","fishing","nature","lake","fisherman","summer","fishing rod","sport","human body part","dinner","people","meat","lifestyle","steak","animal","lunch","activity","casting","kitchen","sunset","environment","pond"],"info":{"@context":"http://schema.org","@type":"Article","name":"Download fried fish for free","description":"Download fried fish stock video footage. Choose from thousands of the best stock footage video clips to download.","url":"https://www.vecteezy.com/video/1273875-fried-fish","datePublished":"2020-09-07T12:02:13-05:00","author":"nikolos","headline":"Download fried fish stock video footage. Choose from thousands of the best stock footage video clips to downl…","image":"https://static.vecteezy.com/system/resources/thumbnails/001/273/875/small_2x/fried-fish.jpg","publisher":{"@type":"Organization","name":"vecteezy","logo":{"@type":"ImageObject","url":"https://www.vecteezy.com//images/vecteezy-logo--orange.jpg"}},"mainEntityOfPage":"https://static.vecteezy.com/system/resources/thumbnails/001/273/875/small_2x/fried-fish.jpg","dateModified":"2020-09-07T12:02:13-05:00"},"root_dl":"https://static.vecteezy.com/system/protected/files/001/273/875/vecteezy_the-video-shows-fried-river-fish_1273875.mov","infoVideo":{"Resolution:":"HD 1920x1080","File Type:":"QuickTime","Codec:":"Photo-JPEG","Frame Rate:":"30 FPS","Aspect Ratio:":"16:9","Duration:":"00:30","vtype":".mov"}}