{"t1":"Just fished fish ready to sell","t2":"Just fished fish - Free HD Video Clips &amp; Stock Video Footage","tags":["outdoors","seafood","cooking","food and drink","fishing","food","fish","selling","business","sale","fisherman","water","animal","pond","farm","harvesting","agriculture","nature","loading","transportation","lake","bucket","people","river","sea","healthy lifestyle","swimming","liquid","fishing net","industry"],"info":{"@context":"http://schema.org","@type":"Article","name":"Download Just fished fish for free","description":"Download Just fished fish stock video footage. Choose from thousands of the best stock footage video clips to download.","url":"https://www.vecteezy.com/video/1273068-just-fished-fish","datePublished":"2020-09-07T10:07:47-05:00","author":"idizimage","headline":"Download Just fished fish stock video footage. Choose from thousands of the best stock footage video clips to…","image":"https://static.vecteezy.com/system/resources/thumbnails/001/273/068/small_2x/just-fished-fish-video.jpg","publisher":{"@type":"Organization","name":"vecteezy","logo":{"@type":"ImageObject","url":"https://www.vecteezy.com//images/vecteezy-logo--orange.jpg"}},"mainEntityOfPage":"https://static.vecteezy.com/system/resources/thumbnails/001/273/068/small_2x/just-fished-fish-video.jpg","dateModified":"2020-09-07T10:07:47-05:00"},"root_dl":"https://static.vecteezy.com/system/protected/files/001/273/068/vecteezy_just-fished-fish-ready-to-sell_1273068.mov","infoVideo":{"Resolution:":"SD 720x576","File Type:":"QuickTime","Codec:":"Motion-JPEG A","Frame Rate:":"25 FPS","Aspect Ratio:":"5:4","Duration:":"00:14","vtype":".mov"}}