{"t1":"Distance view of fishermen on small boat  pulling a fishing net through the water behind","t2":"fishermen on boat pulling a fishing net through the water behind - Free HD Video Clips &amp; Stock Video Footage","tags":["working","fisherman","outdoors","fishing net","fishing","water","fish","river","nature","transportation","lake","sunny","reflection","human body part","pond","food","seafood","animal","casting","beach","tree","catfish","basket","people","morning","selling","wind","sand","town","old"],"info":{"@context":"http://schema.org","@type":"Article","name":"Download fishermen on boat pulling a fishing net through the water behind for free","description":"Download fishermen on boat pulling a fishing net through the water behind stock video footage. Choose from thousands of the best stock footage video clips to download.","url":"https://www.vecteezy.com/video/1273453-fishermen-on-boat-pulling-a-fishing-net-through-the-water-behind","datePublished":"2020-09-07T10:50:52-05:00","author":"worldpicture","headline":"Download fishermen on boat pulling a fishing net through the water behind stock video footage. Choose from th…","image":"https://static.vecteezy.com/system/resources/thumbnails/001/273/453/small_2x/fishermen-on-boat-pulling-a-fishing-net-through-the-water-behind.jpg","publisher":{"@type":"Organization","name":"vecteezy","logo":{"@type":"ImageObject","url":"https://www.vecteezy.com//images/vecteezy-logo--orange.jpg"}},"mainEntityOfPage":"https://static.vecteezy.com/system/resources/thumbnails/001/273/453/small_2x/fishermen-on-boat-pulling-a-fishing-net-through-the-water-behind.jpg","dateModified":"2020-09-07T10:50:52-05:00"},"root_dl":"https://static.vecteezy.com/system/protected/files/001/273/453/vecteezy_distance-view-of-fishermen-on-small-boat-pulling-a-fishing-net-through-the-water-behind_1273453.mov","infoVideo":{"Resolution:":"4K 3840x2160","File Type:":"QuickTime","Codec:":"ProRes 422 (HQ)","Frame Rate:":"30 FPS","Aspect Ratio:":"16:9","Duration:":"00:17","vtype":".mov"}}