{"t1":"Border Collie dog sitting outdoors in nature guarding the property","t2":"Beautiful dog - Free HD Video Clips &amp; Stock Video Footage","tags":["pets","looking","canine","outdoors","animal","dog","nature","portrait","day","grass","playing","fun","people","cute","tree","happiness","summer","puppy","mammals","activity","running","walking","farm","joy","lifestyle","meadow","beauty","flower","autumn","leaf"],"info":{"@context":"http://schema.org","@type":"Article","name":"Download Beautiful dog for free","description":"Download Beautiful dog stock video footage. Choose from thousands of the best stock footage video clips to download.","url":"https://www.vecteezy.com/video/1273981-beautiful-dog","datePublished":"2020-09-07T12:14:30-05:00","author":"lordivanhoe","headline":"Download Beautiful dog stock video footage. Choose from thousands of the best stock footage video clips to do…","image":"https://static.vecteezy.com/system/resources/thumbnails/001/273/981/small_2x/beautiful-dog.jpg","publisher":{"@type":"Organization","name":"vecteezy","logo":{"@type":"ImageObject","url":"https://www.vecteezy.com//images/vecteezy-logo--orange.jpg"}},"mainEntityOfPage":"https://static.vecteezy.com/system/resources/thumbnails/001/273/981/small_2x/beautiful-dog.jpg","dateModified":"2020-09-07T12:14:30-05:00"},"root_dl":"https://static.vecteezy.com/system/protected/files/001/273/981/vecteezy_border-collie-dog-sitting-outdoors-in-nature-guarding-the-property_1273981.mov","infoVideo":{"Resolution:":"HD 1920x1080","File Type:":"QuickTime","Codec:":"Photo-JPEG","Frame Rate:":"30 FPS","Aspect Ratio:":"16:9","Duration:":"00:15","vtype":".mov"}}