{"t1":"Aquarium fish, close-up","t2":"parrot fish - Free HD Video Clips &amp; Stock Video Footage","tags":["underwater","animal","lifestyle","pond","transparent","goldfish","backgrounds","water","sea","fish","swimming","nature","reef","aquarium","beauty","island","travel","bright","beach","jellyfish","pets","plant","bubble","video","sand","biology","environment","climate","pollution","activity"],"info":{"@context":"http://schema.org","@type":"Article","name":"Download parrot fish for free","description":"Download parrot fish stock video footage. Choose from thousands of the best stock footage video clips to download.","url":"https://www.vecteezy.com/video/1273720-parrot-fish","datePublished":"2020-09-07T11:45:53-05:00","author":"iv-serg","headline":"Download parrot fish stock video footage. Choose from thousands of the best stock footage video clips to down…","image":"https://static.vecteezy.com/system/resources/thumbnails/001/273/720/small_2x/parrot-fish.jpg","publisher":{"@type":"Organization","name":"vecteezy","logo":{"@type":"ImageObject","url":"https://www.vecteezy.com//images/vecteezy-logo--orange.jpg"}},"mainEntityOfPage":"https://static.vecteezy.com/system/resources/thumbnails/001/273/720/small_2x/parrot-fish.jpg","dateModified":"2020-09-07T11:45:53-05:00"},"root_dl":"https://static.vecteezy.com/system/protected/files/001/273/720/vecteezy_aquarium-fish-close-up_1273720.mov","infoVideo":{"Resolution:":"HD 1920x1080","File Type:":"QuickTime","Codec:":"Motion-JPEG A","Frame Rate:":"25 FPS","Aspect Ratio:":"16:9","Duration:":"00:22","vtype":".mov"}}