{"t1":"Swimming Dog","t2":"Swimming Dog - Free HD Video Clips &amp; Stock Video Footage","tags":["pets","people","outdoors","animal","fun","summer","water","happiness","wet","beach","sea","playing","beauty","dog","swimming","nature","gold","beautiful people","canine","cute","running","activity","puppy","tree","mammals","looking","sand","shaking","joy","human body part"],"info":{"@context":"http://schema.org","@type":"Article","name":"Download Swimming Dog for free","description":"Download Swimming Dog stock video footage. Choose from thousands of the best stock footage video clips to download.","url":"https://www.vecteezy.com/video/1273996-swimming-dog","datePublished":"2020-09-07T12:16:09-05:00","author":"sorranop","headline":"Download Swimming Dog stock video footage. Choose from thousands of the best stock footage video clips to dow…","image":"https://static.vecteezy.com/system/resources/thumbnails/001/273/996/small_2x/swimming-dog.jpg","publisher":{"@type":"Organization","name":"vecteezy","logo":{"@type":"ImageObject","url":"https://www.vecteezy.com//images/vecteezy-logo--orange.jpg"}},"mainEntityOfPage":"https://static.vecteezy.com/system/resources/thumbnails/001/273/996/small_2x/swimming-dog.jpg","dateModified":"2020-09-07T12:16:09-05:00"},"root_dl":"https://static.vecteezy.com/system/protected/files/001/273/996/vecteezy_swimming-dog_1273996.mov","infoVideo":{"Resolution:":"HD 1920x1080","File Type:":"QuickTime","Codec:":"Photo-JPEG","Frame Rate:":"30 FPS","Aspect Ratio:":"16:9","Duration:":"00:18","vtype":".mov"}}