{"t1":"close up of prawn fisherman baiting net, dropping it deeper into a river and rowing boat for a new catch","t2":"close up of prawn fisherman baiting net, dropping it deeper into a river and rowing boat for a new catch - Free HD Video Clips &amp; Stock Video Footage","tags":["moving up","fisherman","outdoors","pond","seafood","lake","food and drink","fishing","food","water","fish","falling","river","nature","fishing net"],"info":{"@context":"http://schema.org","@type":"Article","name":"Download close up of prawn fisherman baiting net, dropping it deeper into a river and rowing boat for a new catch for free","description":"Download close up of prawn fisherman baiting net, dropping it deeper into a river and rowing boat for a new catch stock video footage. Choose from thousands of the best stock footage video clips to download.","url":"https://www.vecteezy.com/video/1273599-close-up-of-prawn-fisherman-baiting-net-dropping-it-deeper-into-a-river-and-rowing-boat-for-a-new-catch","datePublished":"2020-09-07T11:08:21-05:00","author":"worldpicture","headline":"Download close up of prawn fisherman baiting net, dropping it deeper into a river and rowing boat for a new c…","image":"https://static.vecteezy.com/system/resources/thumbnails/001/273/599/small_2x/close-up-of-prawn-fisherman-baiting-net-dropping-it-deeper-into-a-river-and-rowing-boat-for-a-new-catch.jpg","publisher":{"@type":"Organization","name":"vecteezy","logo":{"@type":"ImageObject","url":"https://www.vecteezy.com//images/vecteezy-logo--orange.jpg"}},"mainEntityOfPage":"https://static.vecteezy.com/system/resources/thumbnails/001/273/599/small_2x/close-up-of-prawn-fisherman-baiting-net-dropping-it-deeper-into-a-river-and-rowing-boat-for-a-new-catch.jpg","dateModified":"2020-09-07T11:08:21-05:00"},"root_dl":"https://static.vecteezy.com/system/protected/files/001/273/599/vecteezy_close-up-of-prawn-fisherman-baiting-net-dropping-it-deeper-into-a-river-and-rowing-boat-for-a-new-catch_1273599.mov","infoVideo":{"Resolution:":"HD 1920x1080","File Type:":"QuickTime","Codec:":"Photo-JPEG","Frame Rate:":"25 FPS","Aspect Ratio:":"16:9","Duration:":"00:28","vtype":".mov"}}