{"t1":"Two crucian fried in a pan","t2":"Fish - Free HD Video Clips &amp; Stock Video Footage","tags":["kitchen","seafood","cooking oil","cooking","dinner","food","meal","lunch","fish","cooking pan","indoors","steam","food and drink","home interior","meat","people","lifestyle","steak","vegetable","tomato","human body part","rosemary","snack","spice","looking","chef","table","organic","fashion","herb"],"info":{"@context":"http://schema.org","@type":"Article","name":"Download Fish for free","description":"Download Fish stock video footage. Choose from thousands of the best stock footage video clips to download.","url":"https://www.vecteezy.com/video/1273176-fish","datePublished":"2020-09-07T10:18:53-05:00","author":"ohotnik","headline":"Download Fish stock video footage. Choose from thousands of the best stock footage video clips to download.","image":"https://static.vecteezy.com/system/resources/thumbnails/001/273/176/small_2x/fish.jpg","publisher":{"@type":"Organization","name":"vecteezy","logo":{"@type":"ImageObject","url":"https://www.vecteezy.com//images/vecteezy-logo--orange.jpg"}},"mainEntityOfPage":"https://static.vecteezy.com/system/resources/thumbnails/001/273/176/small_2x/fish.jpg","dateModified":"2020-09-07T10:18:53-05:00"},"root_dl":"https://static.vecteezy.com/system/protected/files/001/273/176/vecteezy_two-crucian-fried-in-a-pan_1273176.mov","infoVideo":{"Resolution:":"HD 1920x1080","File Type:":"QuickTime","Codec:":"Photo-JPEG","Frame Rate:":"24 FPS","Aspect Ratio:":"16:9","Duration:":"00:12","vtype":".mov"}}