{"t1":"Fish Peeling female hand","t2":"Fish peeling hands. Fish in an aquarium - Free HD Video Clips &amp; Stock Video Footage","tags":["people","lifestyle","clean","water","indoors","beauty","outdoors","nature","sea","summer","transparent","travel","beach","beautiful people","cleaning","human body part","house","swimming pool","cityscape","sun","island","healthy lifestyle","backgrounds","fish","sunlight","sky","environment","liquid","tree","sport"],"info":{"@context":"http://schema.org","@type":"Article","name":"Download Fish peeling hands. Fish in an aquarium for free","description":"Download Fish peeling hands. Fish in an aquarium stock video footage. Choose from thousands of the best stock footage video clips to download.","url":"https://www.vecteezy.com/video/1273304-fish-peeling-hands-fish-in-an-aquarium","datePublished":"2020-09-07T10:32:50-05:00","author":"popcio","headline":"Download Fish peeling hands. Fish in an aquarium stock video footage. Choose from thousands of the best stock…","image":"https://static.vecteezy.com/system/resources/thumbnails/001/273/304/small_2x/fish-peeling-hands-fish-in-an-aquarium.jpg","publisher":{"@type":"Organization","name":"vecteezy","logo":{"@type":"ImageObject","url":"https://www.vecteezy.com//images/vecteezy-logo--orange.jpg"}},"mainEntityOfPage":"https://static.vecteezy.com/system/resources/thumbnails/001/273/304/small_2x/fish-peeling-hands-fish-in-an-aquarium.jpg","dateModified":"2020-09-07T10:32:50-05:00"},"root_dl":"https://static.vecteezy.com/system/protected/files/001/273/304/vecteezy_fish-peeling-female-hand_1273304.mov","infoVideo":{"Resolution:":"HD 1920x1080","File Type:":"QuickTime","Codec:":"Photo-JPEG","Frame Rate:":"25 FPS","Aspect Ratio:":"16:9","Duration:":"00:16","vtype":".mov"}}