{"t1":"closeup cute pug dog on the floor","t2":"closeup cute pug dog on the floor - Free HD Video Clips &amp; Stock Video Footage","tags":["pets","looking","canine","animal","pug","toy","puppy","activity","summer","cute","happiness","beauty","meadow","dog","mammals","indoors","portrait","outdoors","people","nature","exhibition","table","grass","home interior","fun","terrier","backgrounds","gold","mascot","video"],"info":{"@context":"http://schema.org","@type":"Article","name":"Download closeup cute pug dog on the floor for free","description":"Download closeup cute pug dog on the floor stock video footage. Choose from thousands of the best stock footage video clips to download.","url":"https://www.vecteezy.com/video/1273043-closeup-cute-pug-dog-on-the-floor","datePublished":"2020-09-07T10:05:49-05:00","author":"powerbeephoto","headline":"Download closeup cute pug dog on the floor stock video footage. Choose from thousands of the best stock foota…","image":"https://static.vecteezy.com/system/resources/thumbnails/001/273/043/small_2x/closeup-cute-pug-dog-on-the-floor.jpg","publisher":{"@type":"Organization","name":"vecteezy","logo":{"@type":"ImageObject","url":"https://www.vecteezy.com//images/vecteezy-logo--orange.jpg"}},"mainEntityOfPage":"https://static.vecteezy.com/system/resources/thumbnails/001/273/043/small_2x/closeup-cute-pug-dog-on-the-floor.jpg","dateModified":"2020-09-07T10:05:49-05:00"},"root_dl":"https://static.vecteezy.com/system/protected/files/001/273/043/vecteezy_closeup-cute-pug-dog-on-the-floor_1273043.mov","infoVideo":{"Resolution:":"HD 1920x1080","File Type:":"QuickTime","Codec:":"Photo-JPEG","Frame Rate:":"30 FPS","Aspect Ratio:":"16:9","Duration:":"00:16","vtype":".mov"}}