{"t1":"Fish Peeling female feet","t2":"Fish Peeling female feet. Fish in an aquarium - Free HD Video Clips &amp; Stock Video Footage","tags":["people","lifestyle","clean","water","indoors","nature","outdoors","beauty","human body part","cleaning","animal","environment","dog","pets","sea","home interior","sun","summer","backgrounds","fish","transparent","healthy lifestyle","canine","medicine","sunlight","beautiful people","swimming pool","cityscape","day","weather"],"info":{"@context":"http://schema.org","@type":"Article","name":"Download Fish Peeling female feet. Fish in an aquarium for free","description":"Download Fish Peeling female feet. Fish in an aquarium stock video footage. Choose from thousands of the best stock footage video clips to download.","url":"https://www.vecteezy.com/video/1273826-fish-peeling-female-feet-fish-in-an-aquarium","datePublished":"2020-09-07T11:57:05-05:00","author":"popcio","headline":"Download Fish Peeling female feet. Fish in an aquarium stock video footage. Choose from thousands of the best…","image":"https://static.vecteezy.com/system/resources/thumbnails/001/273/826/small_2x/fish-peeling-female-feet-fish-in-an-aquarium.jpg","publisher":{"@type":"Organization","name":"vecteezy","logo":{"@type":"ImageObject","url":"https://www.vecteezy.com//images/vecteezy-logo--orange.jpg"}},"mainEntityOfPage":"https://static.vecteezy.com/system/resources/thumbnails/001/273/826/small_2x/fish-peeling-female-feet-fish-in-an-aquarium.jpg","dateModified":"2020-09-07T11:57:05-05:00"},"root_dl":"https://static.vecteezy.com/system/protected/files/001/273/826/vecteezy_fish-peeling-female-feet_1273826.mov","infoVideo":{"Resolution:":"HD 1920x1080","File Type:":"QuickTime","Codec:":"Photo-JPEG","Frame Rate:":"25 FPS","Aspect Ratio:":"16:9","Duration:":"00:12","vtype":".mov"}}