{"t1":"Delicious grilled fishes in Istanbul Street","t2":"Grilled Fishes - Free HD Video Clips &amp; Stock Video Footage","tags":["people","spice","outdoors","lifestyle","seafood","cooking","onion","street","food","city","cultures","city street","travel","fish","paper","snack","bread","tomato"],"info":{"@context":"http://schema.org","@type":"Article","name":"Download Grilled Fishes for free","description":"Download Grilled Fishes stock video footage. Choose from thousands of the best stock footage video clips to download.","url":"https://www.vecteezy.com/video/1273731-grilled-fishes","datePublished":"2020-09-07T11:46:58-05:00","author":"yavuzsariyildiz","headline":"Download Grilled Fishes stock video footage. Choose from thousands of the best stock footage video clips to d…","image":"https://static.vecteezy.com/system/resources/thumbnails/001/273/731/small_2x/grilled-fishes.jpg","publisher":{"@type":"Organization","name":"vecteezy","logo":{"@type":"ImageObject","url":"https://www.vecteezy.com//images/vecteezy-logo--orange.jpg"}},"mainEntityOfPage":"https://static.vecteezy.com/system/resources/thumbnails/001/273/731/small_2x/grilled-fishes.jpg","dateModified":"2020-09-07T11:46:58-05:00"},"root_dl":"https://static.vecteezy.com/system/protected/files/001/273/731/vecteezy_delicious-grilled-fishes-in-istanbul-street_1273731.mov","infoVideo":{"Resolution:":"HD 1920x1080","File Type:":"QuickTime","Codec:":"Photo-JPEG","Frame Rate:":"25 FPS","Aspect Ratio:":"16:9","Duration:":"00:29","vtype":".mov"}}