{"t1":"Cute shih tzu pups playing inside a cage on display for sale","t2":"Cute shih tzu pups playing inside a cage - Free HD Video Clips &amp; Stock Video Footage","tags":["pets","shih tzu","animal","puppy","cage","cute","customer","buying","shopping","selling","dog","mammals","nature","farm","agriculture","looking","outdoors","sadness","beauty","canine","easter","summer","zoo","beautiful people","people","portrait","food","video","backgrounds","closed"],"info":{"@context":"http://schema.org","@type":"Article","name":"Download Cute shih tzu pups playing inside a cage for free","description":"Download Cute shih tzu pups playing inside a cage stock video footage. Choose from thousands of the best stock footage video clips to download.","url":"https://www.vecteezy.com/video/1273036-cute-shih-tzu-pups-playing-inside-a-cage","datePublished":"2020-09-07T10:05:21-05:00","author":"iamwayclick","headline":"Download Cute shih tzu pups playing inside a cage stock video footage. Choose from thousands of the best stoc…","image":"https://static.vecteezy.com/system/resources/thumbnails/001/273/036/small_2x/cute-shih-tzu-pups-playing-inside-a-cage.jpg","publisher":{"@type":"Organization","name":"vecteezy","logo":{"@type":"ImageObject","url":"https://www.vecteezy.com//images/vecteezy-logo--orange.jpg"}},"mainEntityOfPage":"https://static.vecteezy.com/system/resources/thumbnails/001/273/036/small_2x/cute-shih-tzu-pups-playing-inside-a-cage.jpg","dateModified":"2020-09-07T10:05:21-05:00"},"root_dl":"https://static.vecteezy.com/system/protected/files/001/273/036/vecteezy_cute-shih-tzu-pups-playing-inside-a-cage-on-display-for-sale_1273036.mov","infoVideo":{"Resolution:":"HD 1920x1080","File Type:":"QuickTime","Codec:":"Photo-JPEG","Frame Rate:":"25 FPS","Aspect Ratio:":"16:9","Duration:":"00:13","vtype":".mov"}}