{"t1":"Close-up on a prawn fisherman pulling drop net out of the river and catching prawns","t2":"Close-up on a prawn fisherman pulling drop net out of the river and catching prawns - Free HD Video Clips &amp; Stock Video Footage","tags":["moving up","fisherman","outdoors","pond","human body part","seafood","lake","food and drink","fishing","food","water","fish","falling","river","nature","fishing net"],"info":{"@context":"http://schema.org","@type":"Article","name":"Download Close-up on a prawn fisherman pulling drop net out of the river and catching prawns for free","description":"Download Close-up on a prawn fisherman pulling drop net out of the river and catching prawns stock video footage. Choose from thousands of the best stock footage video clips to download.","url":"https://www.vecteezy.com/video/1273785-close-up-on-a-prawn-fisherman-pulling-drop-net-out-of-the-river-and-catching-prawns","datePublished":"2020-09-07T11:51:13-05:00","author":"worldpicture","headline":"Download Close-up on a prawn fisherman pulling drop net out of the river and catching prawns stock video foot…","image":"https://static.vecteezy.com/system/resources/thumbnails/001/273/785/small_2x/close-up-on-a-prawn-fisherman-pulling-drop-net-out-of-the-river-and-catching-prawns.jpg","publisher":{"@type":"Organization","name":"vecteezy","logo":{"@type":"ImageObject","url":"https://www.vecteezy.com//images/vecteezy-logo--orange.jpg"}},"mainEntityOfPage":"https://static.vecteezy.com/system/resources/thumbnails/001/273/785/small_2x/close-up-on-a-prawn-fisherman-pulling-drop-net-out-of-the-river-and-catching-prawns.jpg","dateModified":"2020-09-07T11:51:13-05:00"},"root_dl":"https://static.vecteezy.com/system/protected/files/001/273/785/vecteezy_close-up-on-a-prawn-fisherman-pulling-drop-net-out-of-the-river-and-catching-prawns_1273785.mov","infoVideo":{"Resolution:":"HD 1920x1080","File Type:":"QuickTime","Codec:":"Photo-JPEG","Frame Rate:":"25 FPS","Aspect Ratio:":"16:9","Duration:":"00:28","vtype":".mov"}}