{"t1":"Fried fish","t2":"Fried fish - Free HD Video Clips &amp; Stock Video Footage","tags":["outdoors","kitchen","seafood","cooking","dinner","food","meal","lunch","fish","chef","nature","gold","restaurant","organic","human body part","part","table","spice","meat","food and drink","backgrounds","bowl","sushi","vegetable","cooking pan","cooking oil","fruit","herb","steak","breakfast"],"info":{"@context":"http://schema.org","@type":"Article","name":"Download Fried fish for free","description":"Download Fried fish stock video footage. Choose from thousands of the best stock footage video clips to download.","url":"https://www.vecteezy.com/video/1273873-fried-fish","datePublished":"2020-09-07T12:01:56-05:00","author":"siraphol","headline":"Download Fried fish stock video footage. Choose from thousands of the best stock footage video clips to downl…","image":"https://static.vecteezy.com/system/resources/thumbnails/001/273/873/small_2x/fried-fish.jpg","publisher":{"@type":"Organization","name":"vecteezy","logo":{"@type":"ImageObject","url":"https://www.vecteezy.com//images/vecteezy-logo--orange.jpg"}},"mainEntityOfPage":"https://static.vecteezy.com/system/resources/thumbnails/001/273/873/small_2x/fried-fish.jpg","dateModified":"2020-09-07T12:01:56-05:00"},"root_dl":"https://static.vecteezy.com/system/protected/files/001/273/873/vecteezy_fried-fish_1273873.mov","infoVideo":{"Resolution:":"4K 3840x2160","File Type:":"QuickTime","Codec:":"ProRes 4444","Frame Rate:":"30 FPS","Aspect Ratio:":"16:9","Duration:":"00:13","vtype":".mov"}}