{"t1":"Unidentified woman stroking Yorkshire terrier, green grass in background","t2":"Unidentified woman stroking Yorkshire terrier - Free HD Video Clips &amp; Stock Video Footage","tags":["pets","grass","outdoors","animal","lifestyle","puppy","summer","dog","nature","cute","canine","mammals","looking","indoors","people","portrait","table","exhibition","terrier","video","beauty","backgrounds","pomeranian","sleeping","human body part","playing","pug","food","fun","hair dryer"],"info":{"@context":"http://schema.org","@type":"Article","name":"Download Unidentified woman stroking Yorkshire terrier for free","description":"Download Unidentified woman stroking Yorkshire terrier stock video footage. Choose from thousands of the best stock footage video clips to download.","url":"https://www.vecteezy.com/video/1273026-unidentified-woman-stroking-yorkshire-terrier","datePublished":"2020-09-07T10:04:37-05:00","author":"paha l","headline":"Download Unidentified woman stroking Yorkshire terrier stock video footage. Choose from thousands of the best…","image":"https://static.vecteezy.com/system/resources/thumbnails/001/273/026/small_2x/unidentified-woman-stroking-yorkshire-terrier.jpg","publisher":{"@type":"Organization","name":"vecteezy","logo":{"@type":"ImageObject","url":"https://www.vecteezy.com//images/vecteezy-logo--orange.jpg"}},"mainEntityOfPage":"https://static.vecteezy.com/system/resources/thumbnails/001/273/026/small_2x/unidentified-woman-stroking-yorkshire-terrier.jpg","dateModified":"2020-09-07T10:04:37-05:00"},"root_dl":"https://static.vecteezy.com/system/protected/files/001/273/026/vecteezy_unidentified-woman-stroking-yorkshire-terrier-green-grass-in-background_1273026.mov","infoVideo":{"Resolution:":"HD 1920x1080","File Type:":"QuickTime","Codec:":"Photo-JPEG","Frame Rate:":"30 FPS","Aspect Ratio:":"16:9","Duration:":"00:14","vtype":".mov"}}