{"t1":"Stop motion gold fish eating money","t2":"Gold fish - Free HD Video Clips &amp; Stock Video Footage","tags":["pets","fun","goldfish","finance","activity","water","bubble","fish","waiting","currency","liquid","business","cartoon","art","craft","science","spiral","blood","horror","paint","fog","drop","pollution","smooth","backgrounds","technology","nature","moving","circle","shape"],"info":{"@context":"http://schema.org","@type":"Article","name":"Download Gold fish for free","description":"Download Gold fish stock video footage. Choose from thousands of the best stock footage video clips to download.","url":"https://www.vecteezy.com/video/1273754-gold-fish","datePublished":"2020-09-07T11:48:55-05:00","author":"salmanstudio","headline":"Download Gold fish stock video footage. Choose from thousands of the best stock footage video clips to downlo…","image":"https://static.vecteezy.com/system/resources/thumbnails/001/273/754/small_2x/gold-fish.jpg","publisher":{"@type":"Organization","name":"vecteezy","logo":{"@type":"ImageObject","url":"https://www.vecteezy.com//images/vecteezy-logo--orange.jpg"}},"mainEntityOfPage":"https://static.vecteezy.com/system/resources/thumbnails/001/273/754/small_2x/gold-fish.jpg","dateModified":"2020-09-07T11:48:55-05:00"},"root_dl":"https://static.vecteezy.com/system/protected/files/001/273/754/vecteezy_stop-motion-gold-fish-eating-money_1273754.mov","infoVideo":{"Resolution:":"HD 1920x1080","File Type:":"QuickTime","Codec:":"Photo-JPEG","Frame Rate:":"24 FPS","Aspect Ratio:":"16:9","Duration:":"00:10","vtype":".mov"}}