{"t1":"Fried fish","t2":"Fried fish - Free HD Video Clips &amp; Stock Video Footage","tags":["kitchen","seafood","cooking oil","cooking","food","lunch","bubble","fish","chef","meat","meal","dinner","restaurant","cooking pan","food and drink","vegetable","nature","indoors","cuisine","kitchen utensils","organic","fresh","dish","pork","human body part","steak","spice","healthy","protein","part"],"info":{"@context":"http://schema.org","@type":"Article","name":"Download Fried fish for free","description":"Download Fried fish stock video footage. Choose from thousands of the best stock footage video clips to download.","url":"https://www.vecteezy.com/video/1273907-fried-fish","datePublished":"2020-09-07T12:05:54-05:00","author":"mingman-srilakorn","headline":"Download Fried fish stock video footage. Choose from thousands of the best stock footage video clips to downl…","image":"https://static.vecteezy.com/system/resources/thumbnails/001/273/907/small_2x/fried-fish.jpg","publisher":{"@type":"Organization","name":"vecteezy","logo":{"@type":"ImageObject","url":"https://www.vecteezy.com//images/vecteezy-logo--orange.jpg"}},"mainEntityOfPage":"https://static.vecteezy.com/system/resources/thumbnails/001/273/907/small_2x/fried-fish.jpg","dateModified":"2020-09-07T12:05:54-05:00"},"root_dl":"https://static.vecteezy.com/system/protected/files/001/273/907/vecteezy_fried-fish_1273907.mov","infoVideo":{"Resolution:":"HD 1920x1080","File Type:":"QuickTime","Codec:":"Photo-JPEG","Frame Rate:":"30 FPS","Aspect Ratio:":"16:9","Duration:":"00:20","vtype":".mov"}}