{"t1":"Children hiking with Boxer dog in the woods","t2":"Children Hiking With Dog - Free HD Video Clips &amp; Stock Video Footage","tags":["pets","outdoors","hiking","family","autumn","cute","falling","dog","nature","tree","animal","forest","walking","people","lifestyle","grass","canine","winter","summer","activity","puppy","playing","mammals","golden retriever","happiness","beauty","sport","dog walking","mountain","fun"],"info":{"@context":"http://schema.org","@type":"Article","name":"Download Children Hiking With Dog for free","description":"Download Children Hiking With Dog stock video footage. Choose from thousands of the best stock footage video clips to download.","url":"https://www.vecteezy.com/video/1273015-children-hiking-with-dog","datePublished":"2020-09-07T10:03:33-05:00","author":"jjneff","headline":"Download Children Hiking With Dog stock video footage. Choose from thousands of the best stock footage video …","image":"https://static.vecteezy.com/system/resources/thumbnails/001/273/015/small_2x/children-hiking-with-dog.jpg","publisher":{"@type":"Organization","name":"vecteezy","logo":{"@type":"ImageObject","url":"https://www.vecteezy.com//images/vecteezy-logo--orange.jpg"}},"mainEntityOfPage":"https://static.vecteezy.com/system/resources/thumbnails/001/273/015/small_2x/children-hiking-with-dog.jpg","dateModified":"2020-09-07T10:03:33-05:00"},"root_dl":"https://static.vecteezy.com/system/protected/files/001/273/015/vecteezy_children-hiking-with-boxer-dog-in-the-woods_1273015.mov","infoVideo":{"Resolution:":"HD 1920x1080","File Type:":"QuickTime","Codec:":"Photo-JPEG","Frame Rate:":"30 FPS","Aspect Ratio:":"16:9","Duration:":"00:23","vtype":".mov"}}