{"t1":"chef pouring butter over two lightly fried fish fillets on a plate","t2":"fish dish - Free HD Video Clips &amp; Stock Video Footage","tags":["seafood","cooking","dinner","fish","butter","food","chef","restaurant","kitchen","meal","food and drink","human body part","part","table","organic","nature","hotel","working","spice","bowl","sushi","people","window","beauty","meat","vegetable","lunch","salad","beautiful people","lifestyle"],"info":{"@context":"http://schema.org","@type":"Article","name":"Download fish dish for free","description":"Download fish dish stock video footage. Choose from thousands of the best stock footage video clips to download.","url":"https://www.vecteezy.com/video/1273952-fish-dish","datePublished":"2020-09-07T12:11:56-05:00","author":"marcluppa","headline":"Download fish dish stock video footage. Choose from thousands of the best stock footage video clips to downlo…","image":"https://static.vecteezy.com/system/resources/thumbnails/001/273/952/small_2x/fish-dish.jpg","publisher":{"@type":"Organization","name":"vecteezy","logo":{"@type":"ImageObject","url":"https://www.vecteezy.com//images/vecteezy-logo--orange.jpg"}},"mainEntityOfPage":"https://static.vecteezy.com/system/resources/thumbnails/001/273/952/small_2x/fish-dish.jpg","dateModified":"2020-09-07T12:11:56-05:00"},"root_dl":"https://static.vecteezy.com/system/protected/files/001/273/952/vecteezy_chef-pouring-butter-over-two-lightly-fried-fish-fillets-on-a-plate_1273952.mov","infoVideo":{"Resolution:":"HD 1920x1080","File Type:":"QuickTime","Codec:":"Photo-JPEG","Frame Rate:":"25 FPS","Aspect Ratio:":"16:9","Duration:":"00:15","vtype":".mov"}}