{"t1":"The dog kept watch on the mountain","t2":"Mountain dog - Free HD Video Clips &amp; Stock Video Footage","tags":["looking","animal","sky","mountain","symbol","loyalty","dog","watching","village","nature","pets","canine","mammals","outdoors","cute","puppy","grass","video","playing","fun","beauty","running","happiness","lifestyle","day","meadow","people","activity","indoors","summer"],"info":{"@context":"http://schema.org","@type":"Article","name":"Download Mountain dog for free","description":"Download Mountain dog stock video footage. Choose from thousands of the best stock footage video clips to download.","url":"https://www.vecteezy.com/video/1273991-mountain-dog","datePublished":"2020-09-07T12:15:41-05:00","author":"rivstock","headline":"Download Mountain dog stock video footage. Choose from thousands of the best stock footage video clips to dow…","image":"https://static.vecteezy.com/system/resources/thumbnails/001/273/991/small_2x/mountain-dog.jpg","publisher":{"@type":"Organization","name":"vecteezy","logo":{"@type":"ImageObject","url":"https://www.vecteezy.com//images/vecteezy-logo--orange.jpg"}},"mainEntityOfPage":"https://static.vecteezy.com/system/resources/thumbnails/001/273/991/small_2x/mountain-dog.jpg","dateModified":"2020-09-07T12:15:41-05:00"},"root_dl":"https://static.vecteezy.com/system/protected/files/001/273/991/vecteezy_the-dog-kept-watch-on-the-mountain_1273991.mov","infoVideo":{"Resolution:":"HD 1920x1080","File Type:":"QuickTime","Codec:":"Photo-JPEG","Frame Rate:":"25 FPS","Aspect Ratio:":"16:9","Duration:":"00:16","vtype":".mov"}}