{"t1":"Neon Tetra Fish - Large School, Black Background. Macro lens - shallow depth of field.","t2":"Neon Tetra Fish - Large School, Black Background. - Free HD Video Clips &amp; Stock Video Footage","tags":["pets","animal","bright","aquarium","fish","nature","water","swimming","sea","underwater","lifestyle","people","reef","fishing","lake","plant","red sea","river","backgrounds","outdoors","leaf","pond","transparent","video","climate","seafood","shark","food","sport","beauty"],"info":{"@context":"http://schema.org","@type":"Article","name":"Download Neon Tetra Fish - Large School, Black Background. for free","description":"Download Neon Tetra Fish - Large School, Black Background. stock video footage. Choose from thousands of the best stock footage video clips to download.","url":"https://www.vecteezy.com/video/1273678-neon-tetra-fish-large-school-black-background","datePublished":"2020-09-07T11:41:26-05:00","author":"aandromeda","headline":"Download Neon Tetra Fish - Large School, Black Background. stock video footage. Choose from thousands of the …","image":"https://static.vecteezy.com/system/resources/thumbnails/001/273/678/small_2x/neon-tetra-fish-large-school-black-background.jpg","publisher":{"@type":"Organization","name":"vecteezy","logo":{"@type":"ImageObject","url":"https://www.vecteezy.com//images/vecteezy-logo--orange.jpg"}},"mainEntityOfPage":"https://static.vecteezy.com/system/resources/thumbnails/001/273/678/small_2x/neon-tetra-fish-large-school-black-background.jpg","dateModified":"2020-09-07T11:41:26-05:00"},"root_dl":"https://static.vecteezy.com/system/protected/files/001/273/678/vecteezy_neon-tetra-fish---large-school-black-background-macro-lens---shallow-depth-of-field_1273678.mov","infoVideo":{"Resolution:":"HD 1920x1080","File Type:":"QuickTime","Codec:":"Photo-JPEG","Frame Rate:":"30 FPS","Aspect Ratio:":"16:9","Duration:":"00:24","vtype":".mov"}}