{"t1":"Red fish in aquarium","t2":"Red fish - Free HD Video Clips &amp; Stock Video Footage","tags":["pets","underwater","submarine","animal","farm","zoo","aquarium","mammals","water","sea","fish","beauty","museum","nature","reef","red sea","swimming","island","lifestyle","plant","people","backgrounds","travel","indoors","reflection","video","bright","river","fishing","agriculture"],"info":{"@context":"http://schema.org","@type":"Article","name":"Download Red fish for free","description":"Download Red fish stock video footage. Choose from thousands of the best stock footage video clips to download.","url":"https://www.vecteezy.com/video/1273934-red-fish","datePublished":"2020-09-07T12:09:35-05:00","author":"ddcoral","headline":"Download Red fish stock video footage. Choose from thousands of the best stock footage video clips to downloa…","image":"https://static.vecteezy.com/system/resources/thumbnails/001/273/934/small_2x/red-fish.jpg","publisher":{"@type":"Organization","name":"vecteezy","logo":{"@type":"ImageObject","url":"https://www.vecteezy.com//images/vecteezy-logo--orange.jpg"}},"mainEntityOfPage":"https://static.vecteezy.com/system/resources/thumbnails/001/273/934/small_2x/red-fish.jpg","dateModified":"2020-09-07T12:09:35-05:00"},"root_dl":"https://static.vecteezy.com/system/protected/files/001/273/934/vecteezy_red-fish-in-aquarium_1273934.mov","infoVideo":{"Resolution:":"HD 1280x720","File Type:":"QuickTime","Codec:":"Photo-JPEG","Frame Rate:":"30 FPS","Aspect Ratio:":"16:9","Duration:":"00:18","vtype":".mov"}}