{"t1":"Wide shot of frisbee in foreground and a border collie dog in the background sitting.","t2":"border Collie Dog with Frisbee - Free HD Video Clips &amp; Stock Video Footage","tags":["animal","puppy","playing","dog","healthy lifestyle","pets","cute","mammals","canine","outdoors","looking","people","nature","indoors","grass","exhibition","toy","table","lifestyle","fun","beauty","meadow","summer","running","video","home interior","activity","sleeping","backgrounds","snow"],"info":{"@context":"http://schema.org","@type":"Article","name":"Download border Collie Dog with Frisbee for free","description":"Download border Collie Dog with Frisbee stock video footage. Choose from thousands of the best stock footage video clips to download.","url":"https://www.vecteezy.com/video/1273044-border-collie-dog-with-frisbee","datePublished":"2020-09-07T10:05:49-05:00","author":"damianwohrer","headline":"Download border Collie Dog with Frisbee stock video footage. Choose from thousands of the best stock footage …","image":"https://static.vecteezy.com/system/resources/thumbnails/001/273/044/small_2x/border-collie-dog-with-frisbee.jpg","publisher":{"@type":"Organization","name":"vecteezy","logo":{"@type":"ImageObject","url":"https://www.vecteezy.com//images/vecteezy-logo--orange.jpg"}},"mainEntityOfPage":"https://static.vecteezy.com/system/resources/thumbnails/001/273/044/small_2x/border-collie-dog-with-frisbee.jpg","dateModified":"2020-09-07T10:05:49-05:00"},"root_dl":"https://static.vecteezy.com/system/protected/files/001/273/044/vecteezy_wide-shot-of-frisbee-in-foreground-and-a-border-collie-dog-in-the-background-sitting_1273044.mov","infoVideo":{"Resolution:":"HD 1280x720","File Type:":"QuickTime","Codec:":"Photo-JPEG","Frame Rate:":"24 FPS","Aspect Ratio:":"16:9","Duration:":"00:28","vtype":".mov"}}