{"t1":"lb","t2":"dogs running in the forest - Free HD Video Clips &amp; Stock Video Footage","tags":["outdoors","forest","dog","nature","animal","pets","canine","winter","snow","activity","sport","mammals","sleigh","cute","people","puppy","summer","lifestyle","ice","looking","beach","sunset","grass","frost","fun","sand","mountain","jogging","sea","backgrounds"],"info":{"@context":"http://schema.org","@type":"Article","name":"Download dogs running in the forest for free","description":"Download dogs running in the forest stock video footage. Choose from thousands of the best stock footage video clips to download.","url":"https://www.vecteezy.com/video/1273524-dogs-running-in-the-forest","datePublished":"2020-09-07T10:59:55-05:00","author":"creativeballs","headline":"Download dogs running in the forest stock video footage. Choose from thousands of the best stock footage vide…","image":"https://static.vecteezy.com/system/resources/thumbnails/001/273/524/small_2x/dogs-running-in-the-forest.jpg","publisher":{"@type":"Organization","name":"vecteezy","logo":{"@type":"ImageObject","url":"https://www.vecteezy.com//images/vecteezy-logo--orange.jpg"}},"mainEntityOfPage":"https://static.vecteezy.com/system/resources/thumbnails/001/273/524/small_2x/dogs-running-in-the-forest.jpg","dateModified":"2020-09-07T10:59:55-05:00"},"root_dl":"https://static.vecteezy.com/system/protected/files/001/273/524/vecteezy_lb_1273524.mov","infoVideo":{"Resolution:":"HD 1920x1080","File Type:":"QuickTime","Codec:":"Photo-JPEG","Frame Rate:":"30 FPS","Aspect Ratio:":"16:9","Duration:":"00:15","vtype":".mov"}}