{"t1":"Preparing Fish in Frying Pan","t2":"Preparing Fish - Free HD Video Clips &amp; Stock Video Footage","tags":["kitchen","seafood","cooking oil","cooking","food and drink","food","kitchen utensils","fish","cooking pan","indoors","home interior","meal","lifestyle","people","dinner","vegetable","table","meat","lunch","steak","house","looking","tomato","chef","snack","spice","smelling","fashion","breakfast","herb"],"info":{"@context":"http://schema.org","@type":"Article","name":"Download Preparing Fish for free","description":"Download Preparing Fish stock video footage. Choose from thousands of the best stock footage video clips to download.","url":"https://www.vecteezy.com/video/1273949-preparing-fish","datePublished":"2020-09-07T12:11:36-05:00","author":"iurii","headline":"Download Preparing Fish stock video footage. Choose from thousands of the best stock footage video clips to d…","image":"https://static.vecteezy.com/system/resources/thumbnails/001/273/949/small_2x/preparing-fish.jpg","publisher":{"@type":"Organization","name":"vecteezy","logo":{"@type":"ImageObject","url":"https://www.vecteezy.com//images/vecteezy-logo--orange.jpg"}},"mainEntityOfPage":"https://static.vecteezy.com/system/resources/thumbnails/001/273/949/small_2x/preparing-fish.jpg","dateModified":"2020-09-07T12:11:36-05:00"},"root_dl":"https://static.vecteezy.com/system/protected/files/001/273/949/vecteezy_preparing-fish-in-frying-pan_1273949.mov","infoVideo":{"Resolution:":"HD 1920x1080","File Type:":"QuickTime","Codec:":"Photo-JPEG","Frame Rate:":"30 FPS","Aspect Ratio:":"16:9","Duration:":"00:09","vtype":".mov"}}