{"t1":"Dog drathaar. Close-up. Hunting dog cop, among meadow vegetation in the fresh air. Hunting","t2":"Dog drathaar. Close-up. Hunting dog - Free HD Video Clips &amp; Stock Video Footage","tags":["pets","grass","paw","looking","outdoors","animal","fun","walking","mammals","bird","cute","forest","river","dog","nature","tree","day","puppy","canine","tired","portrait","golden retriever","sleeping","meadow","beauty","sport","indoors","gun","backgrounds","playing"],"info":{"@context":"http://schema.org","@type":"Article","name":"Download Dog drathaar. Close-up. Hunting dog for free","description":"Download Dog drathaar. Close-up. Hunting dog stock video footage. Choose from thousands of the best stock footage video clips to download.","url":"https://www.vecteezy.com/video/1273483-dog-drathaar-close-up-hunting-dog","datePublished":"2020-09-07T10:54:49-05:00","author":"hasky2","headline":"Download Dog drathaar. Close-up. Hunting dog stock video footage. Choose from thousands of the best stock foo…","image":"https://static.vecteezy.com/system/resources/thumbnails/001/273/483/small_2x/dog-drathaar-close-up-hunting-dog.jpg","publisher":{"@type":"Organization","name":"vecteezy","logo":{"@type":"ImageObject","url":"https://www.vecteezy.com//images/vecteezy-logo--orange.jpg"}},"mainEntityOfPage":"https://static.vecteezy.com/system/resources/thumbnails/001/273/483/small_2x/dog-drathaar-close-up-hunting-dog.jpg","dateModified":"2020-09-07T10:54:49-05:00"},"root_dl":"https://static.vecteezy.com/system/protected/files/001/273/483/vecteezy_dog-drathaar-close-up-hunting-dog-cop-among-meadow-vegetation-in-the-fresh-air-hunting_1273483.mov","infoVideo":{"Resolution:":"HD 1920x1080","File Type:":"QuickTime","Codec:":"Photo-JPEG","Frame Rate:":"30 FPS","Aspect Ratio:":"16:9","Duration:":"00:14","vtype":".mov"}}