{"t1":"Man Reeling in a Fish from a River","t2":"Man Reeling in a Fish from a River - Free HD Video Clips &amp; Stock Video Footage","tags":["outdoors","sport","fishing","fish","river","nature","water","fisherman","fishing rod","lake","summer","casting","sunset","activity","spool","hobby","sunlight","people","sunny","beauty","beautiful people","fun","animal","sea","lifestyle","cultures","pond","travel","reflection","trout"],"info":{"@context":"http://schema.org","@type":"Article","name":"Download Man Reeling in a Fish from a River for free","description":"Download Man Reeling in a Fish from a River stock video footage. Choose from thousands of the best stock footage video clips to download.","url":"https://www.vecteezy.com/video/1273668-man-reeling-in-a-fish-from-a-river","datePublished":"2020-09-07T11:39:17-05:00","author":"uberstock","headline":"Download Man Reeling in a Fish from a River stock video footage. Choose from thousands of the best stock foot…","image":"https://static.vecteezy.com/system/resources/thumbnails/001/273/668/small_2x/man-reeling-in-a-fish-from-a-river.jpg","publisher":{"@type":"Organization","name":"vecteezy","logo":{"@type":"ImageObject","url":"https://www.vecteezy.com//images/vecteezy-logo--orange.jpg"}},"mainEntityOfPage":"https://static.vecteezy.com/system/resources/thumbnails/001/273/668/small_2x/man-reeling-in-a-fish-from-a-river.jpg","dateModified":"2020-09-07T11:39:17-05:00"},"root_dl":"https://static.vecteezy.com/system/protected/files/001/273/668/vecteezy_man-reeling-in-a-fish-from-a-river_1273668.mov","infoVideo":{"Resolution:":"4K 3840x2160","File Type:":"QuickTime","Codec:":"ProRes 422 Standard","Frame Rate:":"30 FPS","Aspect Ratio:":"16:9","Duration:":"00:29","vtype":".mov"}}