{"t1":"A macro shot of an anemone fish sitting in a soft coral","t2":"Anemone Fish - Free HD Video Clips &amp; Stock Video Footage","tags":["underwater","animal","sport","house","water","sea","fish","reef","nature","red sea","aquarium","swimming","beauty","travel","beach","backgrounds","jellyfish","bright","island","insect","lifestyle","outdoors"],"info":{"@context":"http://schema.org","@type":"Article","name":"Download Anemone Fish for free","description":"Download Anemone Fish stock video footage. Choose from thousands of the best stock footage video clips to download.","url":"https://www.vecteezy.com/video/1273842-anemone-fish","datePublished":"2020-09-07T11:59:04-05:00","author":"ginclearfilm","headline":"Download Anemone Fish stock video footage. Choose from thousands of the best stock footage video clips to dow…","image":"https://static.vecteezy.com/system/resources/thumbnails/001/273/842/small_2x/anemone-fish.jpg","publisher":{"@type":"Organization","name":"vecteezy","logo":{"@type":"ImageObject","url":"https://www.vecteezy.com//images/vecteezy-logo--orange.jpg"}},"mainEntityOfPage":"https://static.vecteezy.com/system/resources/thumbnails/001/273/842/small_2x/anemone-fish.jpg","dateModified":"2020-09-07T11:59:04-05:00"},"root_dl":"https://static.vecteezy.com/system/protected/files/001/273/842/vecteezy_a-macro-shot-of-an-anemone-fish-sitting-in-a-soft-coral_1273842.mov","infoVideo":{"Resolution:":"HD 1920x1080","File Type:":"QuickTime","Codec:":"Motion-JPEG B","Frame Rate:":"25 FPS","Aspect Ratio:":"16:9","Duration:":"00:11","vtype":".mov"}}