{"t1":"fishing ship passing under the Bosporus Bridge at sunrise","t2":"fishing ship - Free HD Video Clips &amp; Stock Video Footage","tags":["people","outdoors","bright","fishing","city","travel","sea","glitter","traffic","day","transportation","nature","water","fisherman","fish","river","fishing net","reflection","working","lake","sunset","food","morning","sunny","industry","fishing rod","sky","pond","summer","beach"],"info":{"@context":"http://schema.org","@type":"Article","name":"Download fishing ship for free","description":"Download fishing ship stock video footage. Choose from thousands of the best stock footage video clips to download.","url":"https://www.vecteezy.com/video/1273848-fishing-ship","datePublished":"2020-09-07T11:59:43-05:00","author":"derege","headline":"Download fishing ship stock video footage. Choose from thousands of the best stock footage video clips to dow…","image":"https://static.vecteezy.com/system/resources/thumbnails/001/273/848/small_2x/fishing-ship.jpg","publisher":{"@type":"Organization","name":"vecteezy","logo":{"@type":"ImageObject","url":"https://www.vecteezy.com//images/vecteezy-logo--orange.jpg"}},"mainEntityOfPage":"https://static.vecteezy.com/system/resources/thumbnails/001/273/848/small_2x/fishing-ship.jpg","dateModified":"2020-09-07T11:59:43-05:00"},"root_dl":"https://static.vecteezy.com/system/protected/files/001/273/848/vecteezy_fishing-ship-passing-under-the-bosporus-bridge-at-sunrise_1273848.mov","infoVideo":{"Resolution:":"HD 1920x1080","File Type:":"QuickTime","Codec:":"Photo-JPEG","Frame Rate:":"30 FPS","Aspect Ratio:":"16:9","Duration:":"00:17","vtype":".mov"}}