{"t1":"Fresh live fish out of water at a market.","t2":"Fish - Free HD Video Clips &amp; Stock Video Footage","tags":["animal","video","seafood","food and drink","food","fish","fisherman","water","outdoors","agriculture","business","farm","harvesting","pond","bucket","working","catfish","manufacturing","fishing","jumping","sale","river","nature","fishing net","sea","people","hunter","meal","drop","meat"],"info":{"@context":"http://schema.org","@type":"Article","name":"Download Fish for free","description":"Download Fish stock video footage. Choose from thousands of the best stock footage video clips to download.","url":"https://www.vecteezy.com/video/1273149-fish","datePublished":"2020-09-07T10:15:24-05:00","author":"oneclearvision","headline":"Download Fish stock video footage. Choose from thousands of the best stock footage video clips to download.","image":"https://static.vecteezy.com/system/resources/thumbnails/001/273/149/small_2x/fish.jpg","publisher":{"@type":"Organization","name":"vecteezy","logo":{"@type":"ImageObject","url":"https://www.vecteezy.com//images/vecteezy-logo--orange.jpg"}},"mainEntityOfPage":"https://static.vecteezy.com/system/resources/thumbnails/001/273/149/small_2x/fish.jpg","dateModified":"2020-09-07T10:15:24-05:00"},"root_dl":"https://static.vecteezy.com/system/protected/files/001/273/149/vecteezy_fresh-live-fish-out-of-water-at-a-market_1273149.mov","infoVideo":{"Resolution:":"HD 1280x720","File Type:":"QuickTime","Codec:":"Photo-JPEG","Frame Rate:":"24 FPS","Aspect Ratio:":"16:9","Duration:":"00:10","vtype":".mov"}}