{"t1":"Start fried fish in heat oil","t2":"Fried Fish - Free HD Video Clips &amp; Stock Video Footage","tags":["making","kitchen","seafood","cooking oil","cooking","food and drink","dinner","food","meal","kitchen utensils","lunch","fish","cooking pan","nature","healthy lifestyle","indoors","home interior","vegetable","organic","people","lifestyle","chef","table","meat","snack","spice","steak","cutting","human body part","herb"],"info":{"@context":"http://schema.org","@type":"Article","name":"Download Fried Fish for free","description":"Download Fried Fish stock video footage. Choose from thousands of the best stock footage video clips to download.","url":"https://www.vecteezy.com/video/1273681-fried-fish","datePublished":"2020-09-07T11:42:08-05:00","author":"kongnana","headline":"Download Fried Fish stock video footage. Choose from thousands of the best stock footage video clips to downl…","image":"https://static.vecteezy.com/system/resources/thumbnails/001/273/681/small_2x/fried-fish.jpg","publisher":{"@type":"Organization","name":"vecteezy","logo":{"@type":"ImageObject","url":"https://www.vecteezy.com//images/vecteezy-logo--orange.jpg"}},"mainEntityOfPage":"https://static.vecteezy.com/system/resources/thumbnails/001/273/681/small_2x/fried-fish.jpg","dateModified":"2020-09-07T11:42:08-05:00"},"root_dl":"https://static.vecteezy.com/system/protected/files/001/273/681/vecteezy_start-fried-fish-in-heat-oil_1273681.mov","infoVideo":{"Resolution:":"HD 1280x720","File Type:":"QuickTime","Codec:":"Photo-JPEG","Frame Rate:":"25 FPS","Aspect Ratio:":"16:9","Duration:":"00:29","vtype":".mov"}}