{"t1":"Girl playing with a dog Shiba Inu in Spring Park. A dog on a walk. Fun with a pet.","t2":"Girl playing with dog Shiba Inu - Free HD Video Clips &amp; Stock Video Footage","tags":["pets","people","canine","outdoors","animal","lifestyle","sunlight","shiba inu","walking","summer","sun","cute","happiness","sunny","dog walking","playing","dog","nature","day","joy"],"info":{"@context":"http://schema.org","@type":"Article","name":"Download Girl playing with dog Shiba Inu for free","description":"Download Girl playing with dog Shiba Inu stock video footage. Choose from thousands of the best stock footage video clips to download.","url":"https://www.vecteezy.com/video/1273003-girl-playing-with-dog-shiba-inu","datePublished":"2020-09-07T10:02:48-05:00","author":"vagengeym elena","headline":"Download Girl playing with dog Shiba Inu stock video footage. Choose from thousands of the best stock footage…","image":"https://static.vecteezy.com/system/resources/thumbnails/001/273/003/small_2x/girl-playing-with-dog-shiba-inu.jpg","publisher":{"@type":"Organization","name":"vecteezy","logo":{"@type":"ImageObject","url":"https://www.vecteezy.com//images/vecteezy-logo--orange.jpg"}},"mainEntityOfPage":"https://static.vecteezy.com/system/resources/thumbnails/001/273/003/small_2x/girl-playing-with-dog-shiba-inu.jpg","dateModified":"2020-09-07T10:02:48-05:00"},"root_dl":"https://static.vecteezy.com/system/protected/files/001/273/003/vecteezy_girl-playing-with-a-dog-shiba-inu-in-spring-park-a-dog-on-a-walk-fun-with-a-pet_1273003.mov","infoVideo":{"Resolution:":"HD 1920x1080","File Type:":"QuickTime","Codec:":"Photo-JPEG","Frame Rate:":"25 FPS","Aspect Ratio:":"16:9","Duration:":"00:08","vtype":".mov"}}