{"t1":"A cute Jack-Rat Terrier laying on his pretty owner enjoys her playful attention as she relaxes on the couch.","t2":"girl with her dog - Free HD Video Clips &amp; Stock Video Footage","tags":["pets","people","sofa","canine","animal","tail","terrier","happiness","beauty","dog","beautiful people","cute","mammals","puppy","outdoors","looking","lifestyle","nature","grass","human body part","fun","summer","trust","communication","sleeping","playing","indoors","activity","water","listening"],"info":{"@context":"http://schema.org","@type":"Article","name":"Download girl with her dog for free","description":"Download girl with her dog stock video footage. Choose from thousands of the best stock footage video clips to download.","url":"https://www.vecteezy.com/video/1273962-girl-with-her-dog","datePublished":"2020-09-07T12:13:11-05:00","author":"kk5hy","headline":"Download girl with her dog stock video footage. Choose from thousands of the best stock footage video clips t…","image":"https://static.vecteezy.com/system/resources/thumbnails/001/273/962/small_2x/girl-with-her-dog.jpg","publisher":{"@type":"Organization","name":"vecteezy","logo":{"@type":"ImageObject","url":"https://www.vecteezy.com//images/vecteezy-logo--orange.jpg"}},"mainEntityOfPage":"https://static.vecteezy.com/system/resources/thumbnails/001/273/962/small_2x/girl-with-her-dog.jpg","dateModified":"2020-09-07T12:13:11-05:00"},"root_dl":"https://static.vecteezy.com/system/protected/files/001/273/962/vecteezy_a-cute-jack-rat-terrier-laying-on-his-pretty-owner-enjoys-her-playful-attention-as-she-relaxes-on-the-couch_1273962.mov","infoVideo":{"Resolution:":"HD 1920x1080","File Type:":"QuickTime","Codec:":"Photo-JPEG","Frame Rate:":"30 FPS","Aspect Ratio:":"16:9","Duration:":"00:15","vtype":".mov"}}