{"t1":"Bird fishing fish in the mountain river flapping with wings. HD, green blurred background, rocks in the water","t2":"Black stork fishing fish in the mountain river - Free HD Video Clips &amp; Stock Video Footage","tags":["outdoors","animal","sky","fishing","gambling","mountain","water","bird","fish","river","stork","portrait","flying"],"info":{"@context":"http://schema.org","@type":"Article","name":"Download Black stork fishing fish in the mountain river for free","description":"Download Black stork fishing fish in the mountain river stock video footage. Choose from thousands of the best stock footage video clips to download.","url":"https://www.vecteezy.com/video/1273818-black-stork-fishing-fish-in-the-mountain-river","datePublished":"2020-09-07T11:56:07-05:00","author":"sefoma","headline":"Download Black stork fishing fish in the mountain river stock video footage. Choose from thousands of the bes…","image":"https://static.vecteezy.com/system/resources/thumbnails/001/273/818/small_2x/black-stork-fishing-fish-in-the-mountain-river.jpg","publisher":{"@type":"Organization","name":"vecteezy","logo":{"@type":"ImageObject","url":"https://www.vecteezy.com//images/vecteezy-logo--orange.jpg"}},"mainEntityOfPage":"https://static.vecteezy.com/system/resources/thumbnails/001/273/818/small_2x/black-stork-fishing-fish-in-the-mountain-river.jpg","dateModified":"2020-09-07T11:56:07-05:00"},"root_dl":"https://static.vecteezy.com/system/protected/files/001/273/818/vecteezy_bird-fishing-fish-in-the-mountain-river-flapping-with-wings-hd-green-blurred-background-rocks-in-the-water_1273818.mov","infoVideo":{"Resolution:":"HD 1920x1080","File Type:":"QuickTime","Codec:":"Photo-JPEG","Frame Rate:":"25 FPS","Aspect Ratio:":"16:9","Duration:":"00:20","vtype":".mov"}}