{"t1":"Man and dog playing in the park.","t2":"Playing dog - Free HD Video Clips &amp; Stock Video Footage","tags":["pets","grass","canine","outdoors","animal","fun","puppy","summer","ground","meadow","dog","nature","mammals","cute","looking","people","playing","activity","portrait","hungry","happiness","beauty","day","watching","lifestyle","joy","german shepherd","sleeping","sadness","indoors"],"info":{"@context":"http://schema.org","@type":"Article","name":"Download Playing dog for free","description":"Download Playing dog stock video footage. Choose from thousands of the best stock footage video clips to download.","url":"https://www.vecteezy.com/video/1273998-playing-dog","datePublished":"2020-09-07T12:16:10-05:00","author":"sergey02","headline":"Download Playing dog stock video footage. Choose from thousands of the best stock footage video clips to down…","image":"https://static.vecteezy.com/system/resources/thumbnails/001/273/998/small_2x/playing-dog.jpg","publisher":{"@type":"Organization","name":"vecteezy","logo":{"@type":"ImageObject","url":"https://www.vecteezy.com//images/vecteezy-logo--orange.jpg"}},"mainEntityOfPage":"https://static.vecteezy.com/system/resources/thumbnails/001/273/998/small_2x/playing-dog.jpg","dateModified":"2020-09-07T12:16:10-05:00"},"root_dl":"https://static.vecteezy.com/system/protected/files/001/273/998/vecteezy_man-and-dog-playing-in-the-park_1273998.mov","infoVideo":{"Resolution:":"HD 1280x720","File Type:":"QuickTime","Codec:":"Photo-JPEG","Frame Rate:":"30 FPS","Aspect Ratio:":"16:9","Duration:":"00:07","vtype":".mov"}}