{"t1":"Carpaccio fish","t2":"Carpaccio fish - Free HD Video Clips &amp; Stock Video Footage","tags":["cheese","seafood","dinner","food","meal","fish","snack","salad","meat","lunch","restaurant","nature","chef","vegetable","human body part","table","tomato","cooking","part","food and drink","organic","outdoors","protein","cultures","backgrounds","bread","lifestyle","burger","kitchen","herb"],"info":{"@context":"http://schema.org","@type":"Article","name":"Download Carpaccio fish for free","description":"Download Carpaccio fish stock video footage. Choose from thousands of the best stock footage video clips to download.","url":"https://www.vecteezy.com/video/1273954-carpaccio-fish","datePublished":"2020-09-07T12:12:04-05:00","author":"siraphol","headline":"Download Carpaccio fish stock video footage. Choose from thousands of the best stock footage video clips to d…","image":"https://static.vecteezy.com/system/resources/thumbnails/001/273/954/small_2x/carpaccio-fish.jpg","publisher":{"@type":"Organization","name":"vecteezy","logo":{"@type":"ImageObject","url":"https://www.vecteezy.com//images/vecteezy-logo--orange.jpg"}},"mainEntityOfPage":"https://static.vecteezy.com/system/resources/thumbnails/001/273/954/small_2x/carpaccio-fish.jpg","dateModified":"2020-09-07T12:12:04-05:00"},"root_dl":"https://static.vecteezy.com/system/protected/files/001/273/954/vecteezy_carpaccio-fish_1273954.mov","infoVideo":{"Resolution:":"4K 3840x2160","File Type:":"QuickTime","Codec:":"ProRes 4444","Frame Rate:":"25 FPS","Aspect Ratio:":"16:9","Duration:":"00:07","vtype":".mov"}}