{"t1":"Pedigreed dog with white legs and long feathery ears waiting for contest","t2":"Pedigreed dog waiting for contest II - Free HD Video Clips &amp; Stock Video Footage","tags":["shadow","animal","sport","beauty","dog","mammals","nature","outdoors","horse","farm","grass","agriculture","pets","cute","meadow","summer","canine","food","feline","walking","barn","sadness","sleeping","day","street","activity","running","human body part","looking","video"],"info":{"@context":"http://schema.org","@type":"Article","name":"Download Pedigreed dog waiting for contest II for free","description":"Download Pedigreed dog waiting for contest II stock video footage. Choose from thousands of the best stock footage video clips to download.","url":"https://www.vecteezy.com/video/1273057-pedigreed-dog-waiting-for-contest-ii","datePublished":"2020-09-07T10:06:53-05:00","author":"ilonyte","headline":"Download Pedigreed dog waiting for contest II stock video footage. Choose from thousands of the best stock fo…","image":"https://static.vecteezy.com/system/resources/thumbnails/001/273/057/small_2x/pedigreed-dog-waiting-for-contest-ii-video.jpg","publisher":{"@type":"Organization","name":"vecteezy","logo":{"@type":"ImageObject","url":"https://www.vecteezy.com//images/vecteezy-logo--orange.jpg"}},"mainEntityOfPage":"https://static.vecteezy.com/system/resources/thumbnails/001/273/057/small_2x/pedigreed-dog-waiting-for-contest-ii-video.jpg","dateModified":"2020-09-07T10:06:53-05:00"},"root_dl":"https://static.vecteezy.com/system/protected/files/001/273/057/vecteezy_pedigreed-dog-with-white-legs-and-long-feathery-ears-waiting-for-contest_1273057.mov","infoVideo":{"Resolution:":"SD 720x576","File Type:":"QuickTime","Codec:":"Motion-JPEG B","Frame Rate:":"25 FPS","Aspect Ratio:":"5:4","Duration:":"00:10","vtype":".mov"}}