{"t1":"hooked fish underwater","t2":"Fish Underwater - Free HD Video Clips &amp; Stock Video Footage","tags":["outdoors","animal","fishing","sea","fish","nature","water","underwater","swimming","day","food","lifestyle","seafood","sport","industry","fishing net","reef","fisherman","people","lake","travel","sardine","island","backgrounds","environment","pond","cultures","summer","fog","working"],"info":{"@context":"http://schema.org","@type":"Article","name":"Download Fish Underwater for free","description":"Download Fish Underwater stock video footage. Choose from thousands of the best stock footage video clips to download.","url":"https://www.vecteezy.com/video/1273890-fish-underwater","datePublished":"2020-09-07T12:04:00-05:00","author":"starbirdproductions","headline":"Download Fish Underwater stock video footage. Choose from thousands of the best stock footage video clips to …","image":"https://static.vecteezy.com/system/resources/thumbnails/001/273/890/small_2x/fish-underwater.jpg","publisher":{"@type":"Organization","name":"vecteezy","logo":{"@type":"ImageObject","url":"https://www.vecteezy.com//images/vecteezy-logo--orange.jpg"}},"mainEntityOfPage":"https://static.vecteezy.com/system/resources/thumbnails/001/273/890/small_2x/fish-underwater.jpg","dateModified":"2020-09-07T12:04:00-05:00"},"root_dl":"https://static.vecteezy.com/system/protected/files/001/273/890/vecteezy_hooked-fish-underwater_1273890.mov","infoVideo":{"Resolution:":"HD 1920x1080","File Type:":"QuickTime","Codec:":"Motion-JPEG B","Frame Rate:":"30 FPS","Aspect Ratio:":"16:9","Duration:":"00:08","vtype":".mov"}}