{"t1":"Old sick dog lying on the road in Athens, Greece","t2":"Old dog - Free HD Video Clips &amp; Stock Video Footage","tags":["pets","people","canine","outdoors","animal","sleeping","mammals","sadness","road","dog","old","tree","tired"],"info":{"@context":"http://schema.org","@type":"Article","name":"Download Old dog for free","description":"Download Old dog stock video footage. Choose from thousands of the best stock footage video clips to download.","url":"https://www.vecteezy.com/video/1273581-old-dog","datePublished":"2020-09-07T11:07:00-05:00","author":"ddcoral","headline":"Download Old dog stock video footage. Choose from thousands of the best stock footage video clips to download…","image":"https://static.vecteezy.com/system/resources/thumbnails/001/273/581/small_2x/old-dog.jpg","publisher":{"@type":"Organization","name":"vecteezy","logo":{"@type":"ImageObject","url":"https://www.vecteezy.com//images/vecteezy-logo--orange.jpg"}},"mainEntityOfPage":"https://static.vecteezy.com/system/resources/thumbnails/001/273/581/small_2x/old-dog.jpg","dateModified":"2020-09-07T11:07:00-05:00"},"root_dl":"https://static.vecteezy.com/system/protected/files/001/273/581/vecteezy_old-sick-dog-lying-on-the-road-in-athens-greece_1273581.mov","infoVideo":{"Resolution:":"HD 1920x1080","File Type:":"QuickTime","Codec:":"Photo-JPEG","Frame Rate:":"30 FPS","Aspect Ratio:":"16:9","Duration:":"00:13","vtype":".mov"}}