{"t1":"Fried fish in a frying pan with hot oil.","t2":"Fried fish. - Free HD Video Clips &amp; Stock Video Footage","tags":["video","seafood","cooking oil","cooking","activity","dinner","food","meal","lunch","fish","cooking pan","chef","meat","kitchen","food and drink","outdoors","wok","flame","human body part","restaurant","insect","nature","indoors","steak","snack","animal","hamburger","steam","kitchen utensils","home interior"],"info":{"@context":"http://schema.org","@type":"Article","name":"Download Fried fish. for free","description":"Download Fried fish. stock video footage. Choose from thousands of the best stock footage video clips to download.","url":"https://www.vecteezy.com/video/1273940-fried-fish","datePublished":"2020-09-07T12:10:27-05:00","author":"bennyartist","headline":"Download Fried fish. stock video footage. Choose from thousands of the best stock footage video clips to down…","image":"https://static.vecteezy.com/system/resources/thumbnails/001/273/940/small_2x/fried-fish.jpg","publisher":{"@type":"Organization","name":"vecteezy","logo":{"@type":"ImageObject","url":"https://www.vecteezy.com//images/vecteezy-logo--orange.jpg"}},"mainEntityOfPage":"https://static.vecteezy.com/system/resources/thumbnails/001/273/940/small_2x/fried-fish.jpg","dateModified":"2020-09-07T12:10:27-05:00"},"root_dl":"https://static.vecteezy.com/system/protected/files/001/273/940/vecteezy_fried-fish-in-a-frying-pan-with-hot-oil_1273940.mov","infoVideo":{"Resolution:":"HD 1920x1080","File Type:":"QuickTime","Codec:":"Photo-JPEG","Frame Rate:":"30 FPS","Aspect Ratio:":"16:9","Duration:":"00:28","vtype":".mov"}}