{"t1":"Lone person (male) fishing in the Pacific Ocean.  He wades and casts during a nice sunset.","t2":"Evening Fishing - Free HD Video Clips &amp; Stock Video Footage","tags":["people","outdoors","sport","fishing","sun","water","beach","sea","sunset","fishing rod","nature","fisherman","fish","river","lake","summer","activity","casting","hobby","sunlight","spool","sunny","beauty","beautiful people","fun","cultures","human body part","video","day","morning"],"info":{"@context":"http://schema.org","@type":"Article","name":"Download Evening Fishing for free","description":"Download Evening Fishing stock video footage. Choose from thousands of the best stock footage video clips to download.","url":"https://www.vecteezy.com/video/1273865-evening-fishing","datePublished":"2020-09-07T12:01:11-05:00","author":"turgid-images","headline":"Download Evening Fishing stock video footage. Choose from thousands of the best stock footage video clips to …","image":"https://static.vecteezy.com/system/resources/thumbnails/001/273/865/small_2x/evening-fishing.jpg","publisher":{"@type":"Organization","name":"vecteezy","logo":{"@type":"ImageObject","url":"https://www.vecteezy.com//images/vecteezy-logo--orange.jpg"}},"mainEntityOfPage":"https://static.vecteezy.com/system/resources/thumbnails/001/273/865/small_2x/evening-fishing.jpg","dateModified":"2020-09-07T12:01:11-05:00"},"root_dl":"https://static.vecteezy.com/system/protected/files/001/273/865/vecteezy_lone-person-(male)-fishing-in-the-pacific-ocean-he-wades-and-casts-during-a-nice-sunset_1273865.mov","infoVideo":{"Resolution:":"HD 1920x1080","File Type:":"QuickTime","Codec:":"Photo-JPEG","Frame Rate:":"30 FPS","Aspect Ratio:":"16:9","Duration:":"00:18","vtype":".mov"}}