{"t1":"Motion video of a fishing bridge","t2":"Fishing bridge - Free HD Video Clips &amp; Stock Video Footage","tags":["people","outdoors","video","fishing","road","nature","drone","retirement","high up","beach","water","lifestyle","joy","flying","moving","transportation","workshop","store","technology","sea","travel","sky","fisherman","filming","sand","business","activity","tennis","fish","summer"],"info":{"@context":"http://schema.org","@type":"Article","name":"Download Fishing bridge for free","description":"Download Fishing bridge stock video footage. Choose from thousands of the best stock footage video clips to download.","url":"https://www.vecteezy.com/video/1273925-fishing-bridge","datePublished":"2020-09-07T12:08:44-05:00","author":"felixmizioznikov","headline":"Download Fishing bridge stock video footage. Choose from thousands of the best stock footage video clips to d…","image":"https://static.vecteezy.com/system/resources/thumbnails/001/273/925/small_2x/fishing-bridge.jpg","publisher":{"@type":"Organization","name":"vecteezy","logo":{"@type":"ImageObject","url":"https://www.vecteezy.com//images/vecteezy-logo--orange.jpg"}},"mainEntityOfPage":"https://static.vecteezy.com/system/resources/thumbnails/001/273/925/small_2x/fishing-bridge.jpg","dateModified":"2020-09-07T12:08:44-05:00"},"root_dl":"https://static.vecteezy.com/system/protected/files/001/273/925/vecteezy_motion-video-of-a-fishing-bridge_1273925.mov","infoVideo":{"Resolution:":"4K 3840x2160","File Type:":"QuickTime","Codec:":"ProRes 422 Standard","Frame Rate:":"30 FPS","Aspect Ratio:":"16:9","Duration:":"00:20","vtype":".mov"}}