{"t1":"Curiosity dog looking around","t2":"Watch Dog - Free HD Video Clips &amp; Stock Video Footage","tags":["pets","camping","grass","looking","outdoors","animal","lifestyle","searching","terrier","dog","watching","nature","dachshund","cute","canine","mammals","puppy","video","portrait","day","indoors","summer","human body part","fun","beauty","running","happiness","food","tail","meal"],"info":{"@context":"http://schema.org","@type":"Article","name":"Download Watch Dog for free","description":"Download Watch Dog stock video footage. Choose from thousands of the best stock footage video clips to download.","url":"https://www.vecteezy.com/video/1273982-watch-dog","datePublished":"2020-09-07T12:14:32-05:00","author":"brodtcast","headline":"Download Watch Dog stock video footage. Choose from thousands of the best stock footage video clips to downlo…","image":"https://static.vecteezy.com/system/resources/thumbnails/001/273/982/small_2x/watch-dog.jpg","publisher":{"@type":"Organization","name":"vecteezy","logo":{"@type":"ImageObject","url":"https://www.vecteezy.com//images/vecteezy-logo--orange.jpg"}},"mainEntityOfPage":"https://static.vecteezy.com/system/resources/thumbnails/001/273/982/small_2x/watch-dog.jpg","dateModified":"2020-09-07T12:14:32-05:00"},"root_dl":"https://static.vecteezy.com/system/protected/files/001/273/982/vecteezy_curiosity-dog-looking-around_1273982.mov","infoVideo":{"Resolution:":"HD 1920x1080","File Type:":"QuickTime","Codec:":"Photo-JPEG","Frame Rate:":"25 FPS","Aspect Ratio:":"16:9","Duration:":"00:12","vtype":".mov"}}