{"t1":"Asian lady walking the dog in the park with agility equipment background","t2":"Dog walking in the park - Free HD Video Clips &amp; Stock Video Footage","tags":["pets","people","outdoors","animal","walking","activity","dog walking","dog","nature","day","cute","canine","summer","mammals","lifestyle","street","sunlight","sun","sadness","hungry","puppy","tree","playing","autumn","happiness","running","fun","searching","joy","shiba inu"],"info":{"@context":"http://schema.org","@type":"Article","name":"Download Dog walking in the park for free","description":"Download Dog walking in the park stock video footage. Choose from thousands of the best stock footage video clips to download.","url":"https://www.vecteezy.com/video/1273506-dog-walking-in-the-park","datePublished":"2020-09-07T10:57:05-05:00","author":"augustcindy","headline":"Download Dog walking in the park stock video footage. Choose from thousands of the best stock footage video c…","image":"https://static.vecteezy.com/system/resources/thumbnails/001/273/506/small_2x/dog-walking-in-the-park.jpg","publisher":{"@type":"Organization","name":"vecteezy","logo":{"@type":"ImageObject","url":"https://www.vecteezy.com//images/vecteezy-logo--orange.jpg"}},"mainEntityOfPage":"https://static.vecteezy.com/system/resources/thumbnails/001/273/506/small_2x/dog-walking-in-the-park.jpg","dateModified":"2020-09-07T10:57:05-05:00"},"root_dl":"https://static.vecteezy.com/system/protected/files/001/273/506/vecteezy_asian-lady-walking-the-dog-in-the-park-with-agility-equipment-background_1273506.mov","infoVideo":{"Resolution:":"HD 1920x1080","File Type:":"QuickTime","Codec:":"Photo-JPEG","Frame Rate:":"24 FPS","Aspect Ratio:":"16:9","Duration:":"00:03","vtype":".mov"}}