{"t1":"Harvesting and transport of fish using mechanical arm with a bucket in slow motion, Slow Motion Video Clip","t2":"Harvesting Fish in Fish Farm - Free HD Video Clips &amp; Stock Video Footage","tags":["people","bucket","fisherman","outdoors","animal","pond","seafood","lake","farm","harvesting","fishing","agriculture","food","water","bird","flock of birds","fish","loading","river","nature","fishing net","business","robotic arm","healthy lifestyle","transportation"],"info":{"@context":"http://schema.org","@type":"Article","name":"Download Harvesting Fish in Fish Farm for free","description":"Download Harvesting Fish in Fish Farm stock video footage. Choose from thousands of the best stock footage video clips to download.","url":"https://www.vecteezy.com/video/1273073-harvesting-fish-in-fish-farm","datePublished":"2020-09-07T10:08:01-05:00","author":"arttanja","headline":"Download Harvesting Fish in Fish Farm stock video footage. Choose from thousands of the best stock footage vi…","image":"https://static.vecteezy.com/system/resources/thumbnails/001/273/073/small_2x/harvesting-fish-in-fish-farm.jpg","publisher":{"@type":"Organization","name":"vecteezy","logo":{"@type":"ImageObject","url":"https://www.vecteezy.com//images/vecteezy-logo--orange.jpg"}},"mainEntityOfPage":"https://static.vecteezy.com/system/resources/thumbnails/001/273/073/small_2x/harvesting-fish-in-fish-farm.jpg","dateModified":"2020-09-07T10:08:01-05:00"},"root_dl":"https://static.vecteezy.com/system/protected/files/001/273/073/vecteezy_harvesting-and-transport-of-fish-using-mechanical-arm-with-a-bucket-in-slow-motion-slow-motion-video-clip_1273073.mov","infoVideo":{"Resolution:":"HD 1920x1080","File Type:":"QuickTime","Codec:":"Photo-JPEG","Frame Rate:":"25 FPS","Aspect Ratio:":"16:9","Duration:":"00:15","vtype":".mov"}}