{"t1":"traditional fish barbecue","t2":"fish barbecue - Free HD Video Clips &amp; Stock Video Footage","tags":["outdoors","flame","seafood","cooking","food","meal","cultures","sea","fish","campfire","coal","meat","dinner","hamburger","steak","picnic","lunch","pork","burger","summer","chef","restaurant","human body part","food and drink","sausage","animal","nature","camping","people","kebab"],"info":{"@context":"http://schema.org","@type":"Article","name":"Download fish barbecue for free","description":"Download fish barbecue stock video footage. Choose from thousands of the best stock footage video clips to download.","url":"https://www.vecteezy.com/video/1273942-fish-barbecue","datePublished":"2020-09-07T12:10:41-05:00","author":"targosz","headline":"Download fish barbecue stock video footage. Choose from thousands of the best stock footage video clips to do…","image":"https://static.vecteezy.com/system/resources/thumbnails/001/273/942/small_2x/fish-barbecue.jpg","publisher":{"@type":"Organization","name":"vecteezy","logo":{"@type":"ImageObject","url":"https://www.vecteezy.com//images/vecteezy-logo--orange.jpg"}},"mainEntityOfPage":"https://static.vecteezy.com/system/resources/thumbnails/001/273/942/small_2x/fish-barbecue.jpg","dateModified":"2020-09-07T12:10:41-05:00"},"root_dl":"https://static.vecteezy.com/system/protected/files/001/273/942/vecteezy_traditional-fish-barbecue_1273942.mov","infoVideo":{"Resolution:":"HD 1920x1080","File Type:":"QuickTime","Codec:":"Photo-JPEG","Frame Rate:":"30 FPS","Aspect Ratio:":"16:9","Duration:":"00:29","vtype":".mov"}}