{"t1":"Fishing boat","t2":"Fishing boat - Free HD Video Clips &amp; Stock Video Footage","tags":["working","people","fisherman","outdoors","fishing","water","cultures","travel","beach","sea","fish","nature","transportation","summer","industry","sunlight","river","sky","fishing net","food","sunny","ship","lake","village","sun","sunset","flying","city","town","business"],"info":{"@context":"http://schema.org","@type":"Article","name":"Download Fishing boat for free","description":"Download Fishing boat stock video footage. Choose from thousands of the best stock footage video clips to download.","url":"https://www.vecteezy.com/video/1273918-fishing-boat","datePublished":"2020-09-07T12:07:31-05:00","author":"dpshp","headline":"Download Fishing boat stock video footage. Choose from thousands of the best stock footage video clips to dow…","image":"https://static.vecteezy.com/system/resources/thumbnails/001/273/918/small_2x/fishing-boat.jpg","publisher":{"@type":"Organization","name":"vecteezy","logo":{"@type":"ImageObject","url":"https://www.vecteezy.com//images/vecteezy-logo--orange.jpg"}},"mainEntityOfPage":"https://static.vecteezy.com/system/resources/thumbnails/001/273/918/small_2x/fishing-boat.jpg","dateModified":"2020-09-07T12:07:31-05:00"},"root_dl":"https://static.vecteezy.com/system/protected/files/001/273/918/vecteezy_fishing-boat_1273918.mov","infoVideo":{"Resolution:":"HD 1920x1080","File Type:":"QuickTime","Codec:":"Photo-JPEG","Frame Rate:":"30 FPS","Aspect Ratio:":"16:9","Duration:":"00:12","vtype":".mov"}}