{"t1":"Cutting fish","t2":"Cutting fish - Free HD Video Clips &amp; Stock Video Footage","tags":["kitchen knife","cutting","human body part","seafood","cooking","food","fish","chef","table","kitchen","part","organic","food and drink","meal","nature","restaurant","vegetable","dinner","spice","people","bowl","indoors","sushi","salad","healthy lifestyle","backgrounds","lunch","lifestyle","meat","home interior"],"info":{"@context":"http://schema.org","@type":"Article","name":"Download Cutting fish for free","description":"Download Cutting fish stock video footage. Choose from thousands of the best stock footage video clips to download.","url":"https://www.vecteezy.com/video/1273683-cutting-fish","datePublished":"2020-09-07T11:42:28-05:00","author":"satit srihin","headline":"Download Cutting fish stock video footage. Choose from thousands of the best stock footage video clips to dow…","image":"https://static.vecteezy.com/system/resources/thumbnails/001/273/683/small_2x/cutting-fish.jpg","publisher":{"@type":"Organization","name":"vecteezy","logo":{"@type":"ImageObject","url":"https://www.vecteezy.com//images/vecteezy-logo--orange.jpg"}},"mainEntityOfPage":"https://static.vecteezy.com/system/resources/thumbnails/001/273/683/small_2x/cutting-fish.jpg","dateModified":"2020-09-07T11:42:28-05:00"},"root_dl":"https://static.vecteezy.com/system/protected/files/001/273/683/vecteezy_cutting-fish_1273683.mov","infoVideo":{"Resolution:":"HD 1920x1080","File Type:":"QuickTime","Codec:":"Photo-JPEG","Frame Rate:":"30 FPS","Aspect Ratio:":"16:9","Duration:":"00:11","vtype":".mov"}}