{"t1":"Clown fish playing in a living coral.","t2":"Clown fish - Free HD Video Clips &amp; Stock Video Footage","tags":["underwater","seascape","water","cute","travel","beach","sea","fish","island","swimming","nature","reef","red sea","animal","aquarium","beauty","backgrounds","jellyfish","bright","lifestyle","plant","outdoors","video","fishing","sport","bubble","environment","pollution"],"info":{"@context":"http://schema.org","@type":"Article","name":"Download Clown fish for free","description":"Download Clown fish stock video footage. Choose from thousands of the best stock footage video clips to download.","url":"https://www.vecteezy.com/video/1273898-clown-fish","datePublished":"2020-09-07T12:04:44-05:00","author":"daumiu","headline":"Download Clown fish stock video footage. Choose from thousands of the best stock footage video clips to downl…","image":"https://static.vecteezy.com/system/resources/thumbnails/001/273/898/small_2x/clown-fish.jpg","publisher":{"@type":"Organization","name":"vecteezy","logo":{"@type":"ImageObject","url":"https://www.vecteezy.com//images/vecteezy-logo--orange.jpg"}},"mainEntityOfPage":"https://static.vecteezy.com/system/resources/thumbnails/001/273/898/small_2x/clown-fish.jpg","dateModified":"2020-09-07T12:04:44-05:00"},"root_dl":"https://static.vecteezy.com/system/protected/files/001/273/898/vecteezy_clown-fish-playing-in-a-living-coral_1273898.mov","infoVideo":{"Resolution:":"HD 1920x1080","File Type:":"QuickTime","Codec:":"Photo-JPEG","Frame Rate:":"30 FPS","Aspect Ratio:":"16:9","Duration:":"00:16","vtype":".mov"}}