{"t1":"Prawn fisherman in dugout canoe pulling drop net out of the river, catching shrimps, baiting net and pushing it deeper into a river","t2":"Prawn fisherman in dugout canoe pulling drop net out of the river, catching shrimps, baiting net and pushing it deeper into a river - Free HD Video Clips &amp; Stock Video Footage","tags":["moving up","fisherman","outdoors","pond","seafood","lake","food and drink","fishing","food","water","fish","falling","river","nature","fishing net"],"info":{"@context":"http://schema.org","@type":"Article","name":"Download Prawn fisherman in dugout canoe pulling drop net out of the river, catching shrimps, baiting net and pushing it deeper into a river for free","description":"Download Prawn fisherman in dugout canoe pulling drop net out of the river, catching shrimps, baiting net and pushing it deeper into a river stock video footage. Choose from thousands of the best stock footage video clips to download.","url":"https://www.vecteezy.com/video/1273607-prawn-fisherman-in-dugout-canoe-pulling-drop-net-out-of-the-river-catching-shrimps-baiting-net-and-pushing-it-deeper-into-a-river","datePublished":"2020-09-07T11:11:02-05:00","author":"worldpicture","headline":"Download Prawn fisherman in dugout canoe pulling drop net out of the river, catching shrimps, baiting net and…","image":"https://static.vecteezy.com/system/resources/thumbnails/001/273/607/small_2x/prawn-fisherman-in-dugout-canoe-pulling-drop-net-out-of-the-river-catching-shrimps-baiting-net-and-pushing-it-deeper-into-a-river.jpg","publisher":{"@type":"Organization","name":"vecteezy","logo":{"@type":"ImageObject","url":"https://www.vecteezy.com//images/vecteezy-logo--orange.jpg"}},"mainEntityOfPage":"https://static.vecteezy.com/system/resources/thumbnails/001/273/607/small_2x/prawn-fisherman-in-dugout-canoe-pulling-drop-net-out-of-the-river-catching-shrimps-baiting-net-and-pushing-it-deeper-into-a-river.jpg","dateModified":"2020-09-07T11:11:02-05:00"},"root_dl":"https://static.vecteezy.com/system/protected/files/001/273/607/vecteezy_prawn-fisherman-in-dugout-canoe-pulling-drop-net-out-of-the-river-catching-shrimps-baiting-net-and-pushing-it-deeper-into-a-river_1273607.mov","infoVideo":{"Resolution:":"HD 1920x1080","File Type:":"QuickTime","Codec:":"Photo-JPEG","Frame Rate:":"25 FPS","Aspect Ratio:":"16:9","Duration:":"00:30","vtype":".mov"}}