{"t1":"cute bichon havanese dog on grass with green tennis ball in mouth","t2":"bichon havanese dog - Free HD Video Clips &amp; Stock Video Footage","tags":["pets","grass","animal","video","puppy","mammals","cute","sphere","playing","dog","canine","nature","outdoors","people","fun","happiness","autumn","indoors","human body part","running","tree","leaf","joy","walking","environment","lifestyle","beauty","home interior","food","looking"],"info":{"@context":"http://schema.org","@type":"Article","name":"Download bichon havanese dog for free","description":"Download bichon havanese dog stock video footage. Choose from thousands of the best stock footage video clips to download.","url":"https://www.vecteezy.com/video/1273546-bichon-havanese-dog","datePublished":"2020-09-07T11:03:31-05:00","author":"mishooo","headline":"Download bichon havanese dog stock video footage. Choose from thousands of the best stock footage video clips…","image":"https://static.vecteezy.com/system/resources/thumbnails/001/273/546/small_2x/bichon-havanese-dog.jpg","publisher":{"@type":"Organization","name":"vecteezy","logo":{"@type":"ImageObject","url":"https://www.vecteezy.com//images/vecteezy-logo--orange.jpg"}},"mainEntityOfPage":"https://static.vecteezy.com/system/resources/thumbnails/001/273/546/small_2x/bichon-havanese-dog.jpg","dateModified":"2020-09-07T11:03:31-05:00"},"root_dl":"https://static.vecteezy.com/system/protected/files/001/273/546/vecteezy_cute-bichon-havanese-dog-on-grass-with-green-tennis-ball-in-mouth_1273546.mov","infoVideo":{"Resolution:":"HD 1920x1080","File Type:":"QuickTime","Codec:":"Photo-JPEG","Frame Rate:":"25 FPS","Aspect Ratio:":"16:9","Duration:":"00:17","vtype":".mov"}}