{"t1":"Dog is playing with stick at the beach","t2":"Dog is playing at the beach - Free HD Video Clips &amp; Stock Video Footage","tags":["pets","outdoors","sand","walking","wet","beach","sea","golden retriever","dog walking","dog","shaking","animal","nature","lifestyle","cute","people","day","canine","activity","healthy lifestyle","mammals","street","summer","sadness","hungry","puppy","drone","unmanned aerial vehicle","sport","searching"],"info":{"@context":"http://schema.org","@type":"Article","name":"Download Dog is playing at the beach for free","description":"Download Dog is playing at the beach stock video footage. Choose from thousands of the best stock footage video clips to download.","url":"https://www.vecteezy.com/video/1273018-dog-is-playing-at-the-beach","datePublished":"2020-09-07T10:03:39-05:00","author":"wundervisuals","headline":"Download Dog is playing at the beach stock video footage. Choose from thousands of the best stock footage vid…","image":"https://static.vecteezy.com/system/resources/thumbnails/001/273/018/small_2x/dog-is-playing-at-the-beach.jpg","publisher":{"@type":"Organization","name":"vecteezy","logo":{"@type":"ImageObject","url":"https://www.vecteezy.com//images/vecteezy-logo--orange.jpg"}},"mainEntityOfPage":"https://static.vecteezy.com/system/resources/thumbnails/001/273/018/small_2x/dog-is-playing-at-the-beach.jpg","dateModified":"2020-09-07T10:03:39-05:00"},"root_dl":"https://static.vecteezy.com/system/protected/files/001/273/018/vecteezy_dog-is-playing-with-stick-at-the-beach_1273018.mov","infoVideo":{"Resolution:":"HD 1920x1080","File Type:":"QuickTime","Codec:":"Photo-JPEG","Frame Rate:":"24 FPS","Aspect Ratio:":"16:9","Duration:":"00:29","vtype":".mov"}}