{"t1":"Tropical Reef fish Underwater","t2":"Tropical Reef Fish - Free HD Video Clips &amp; Stock Video Footage","tags":["animal","fish","nature","reef","sea","underwater","water","island","swimming","aquarium","red sea","backgrounds","lifestyle","beauty","sport","travel","environment","fishing","activity","insect","plant","climate","bubble","transparent","seascape","beach","outdoors","people","bright","sand"],"info":{"@context":"http://schema.org","@type":"Article","name":"Download Tropical Reef Fish for free","description":"Download Tropical Reef Fish stock video footage. Choose from thousands of the best stock footage video clips to download.","url":"https://www.vecteezy.com/video/1273797-tropical-reef-fish","datePublished":"2020-09-07T11:52:24-05:00","author":"starbirdproductions","headline":"Download Tropical Reef Fish stock video footage. Choose from thousands of the best stock footage video clips …","image":"https://static.vecteezy.com/system/resources/thumbnails/001/273/797/small_2x/tropical-reef-fish.jpg","publisher":{"@type":"Organization","name":"vecteezy","logo":{"@type":"ImageObject","url":"https://www.vecteezy.com//images/vecteezy-logo--orange.jpg"}},"mainEntityOfPage":"https://static.vecteezy.com/system/resources/thumbnails/001/273/797/small_2x/tropical-reef-fish.jpg","dateModified":"2020-09-07T11:52:24-05:00"},"root_dl":"https://static.vecteezy.com/system/protected/files/001/273/797/vecteezy_tropical-reef-fish-underwater_1273797.mov","infoVideo":{"Resolution:":"HD 1920x1080","File Type:":"QuickTime","Codec:":"Motion-JPEG B","Frame Rate:":"30 FPS","Aspect Ratio:":"16:9","Duration:":"00:17","vtype":".mov"}}