{"t1":"Running Cocker Spaniel on the green grass","t2":"Running Cocker Spaniel - Free HD Video Clips &amp; Stock Video Footage","tags":["pets","grass","outdoors","animal","activity","cute","running","beauty","dog","nature","canine","puppy","mammals","lifestyle","playing","people","looking","video","fun","summer","happiness","meadow","walking","wet","tree","portrait","sun","day","golden retriever","shampoo"],"info":{"@context":"http://schema.org","@type":"Article","name":"Download Running Cocker Spaniel for free","description":"Download Running Cocker Spaniel stock video footage. Choose from thousands of the best stock footage video clips to download.","url":"https://www.vecteezy.com/video/1273542-running-cocker-spaniel","datePublished":"2020-09-07T11:03:12-05:00","author":"iurii","headline":"Download Running Cocker Spaniel stock video footage. Choose from thousands of the best stock footage video cl…","image":"https://static.vecteezy.com/system/resources/thumbnails/001/273/542/small_2x/running-cocker-spaniel.jpg","publisher":{"@type":"Organization","name":"vecteezy","logo":{"@type":"ImageObject","url":"https://www.vecteezy.com//images/vecteezy-logo--orange.jpg"}},"mainEntityOfPage":"https://static.vecteezy.com/system/resources/thumbnails/001/273/542/small_2x/running-cocker-spaniel.jpg","dateModified":"2020-09-07T11:03:12-05:00"},"root_dl":"https://static.vecteezy.com/system/protected/files/001/273/542/vecteezy_running-cocker-spaniel-on-the-green-grass_1273542.mov","infoVideo":{"Resolution:":"HD 1920x1080","File Type:":"QuickTime","Codec:":"Photo-JPEG","Frame Rate:":"30 FPS","Aspect Ratio:":"16:9","Duration:":"00:05","vtype":".mov"}}