{"t1":"Upper close-up view of a prawn fisherman pulling drop net out of the river and catching prawns","t2":"Upper close-up view of a prawn fisherman pulling drop net out of the river and catching prawns - Free HD Video Clips &amp; Stock Video Footage","tags":["moving up","fisherman","outdoors","pond","human body part","seafood","lake","food and drink","fishing","food","water","fish","falling","river","nature","fishing net"],"info":{"@context":"http://schema.org","@type":"Article","name":"Download Upper close-up view of a prawn fisherman pulling drop net out of the river and catching prawns for free","description":"Download Upper close-up view of a prawn fisherman pulling drop net out of the river and catching prawns stock video footage. Choose from thousands of the best stock footage video clips to download.","url":"https://www.vecteezy.com/video/1273787-upper-close-up-view-of-a-prawn-fisherman-pulling-drop-net-out-of-the-river-and-catching-prawns","datePublished":"2020-09-07T11:51:15-05:00","author":"worldpicture","headline":"Download Upper close-up view of a prawn fisherman pulling drop net out of the river and catching prawns stock…","image":"https://static.vecteezy.com/system/resources/thumbnails/001/273/787/small_2x/upper-close-up-view-of-a-prawn-fisherman-pulling-drop-net-out-of-the-river-and-catching-prawns.jpg","publisher":{"@type":"Organization","name":"vecteezy","logo":{"@type":"ImageObject","url":"https://www.vecteezy.com//images/vecteezy-logo--orange.jpg"}},"mainEntityOfPage":"https://static.vecteezy.com/system/resources/thumbnails/001/273/787/small_2x/upper-close-up-view-of-a-prawn-fisherman-pulling-drop-net-out-of-the-river-and-catching-prawns.jpg","dateModified":"2020-09-07T11:51:15-05:00"},"root_dl":"https://static.vecteezy.com/system/protected/files/001/273/787/vecteezy_upper-close-up-view-of-a-prawn-fisherman-pulling-drop-net-out-of-the-river-and-catching-prawns_1273787.mov","infoVideo":{"Resolution:":"HD 1920x1080","File Type:":"QuickTime","Codec:":"Photo-JPEG","Frame Rate:":"25 FPS","Aspect Ratio:":"16:9","Duration:":"00:30","vtype":".mov"}}