{"t1":"dog skull on a rock","t2":"dog skull - Free HD Video Clips &amp; Stock Video Footage","tags":["horror","shock","animal","history","cultures","autumn","symbol","wild west","animal skeleton","dog","nature","day"],"info":{"@context":"http://schema.org","@type":"Article","name":"Download dog skull for free","description":"Download dog skull stock video footage. Choose from thousands of the best stock footage video clips to download.","url":"https://www.vecteezy.com/video/1273587-dog-skull","datePublished":"2020-09-07T11:07:22-05:00","author":"rippinlines","headline":"Download dog skull stock video footage. Choose from thousands of the best stock footage video clips to downlo…","image":"https://static.vecteezy.com/system/resources/thumbnails/001/273/587/small_2x/dog-skull.jpg","publisher":{"@type":"Organization","name":"vecteezy","logo":{"@type":"ImageObject","url":"https://www.vecteezy.com//images/vecteezy-logo--orange.jpg"}},"mainEntityOfPage":"https://static.vecteezy.com/system/resources/thumbnails/001/273/587/small_2x/dog-skull.jpg","dateModified":"2020-09-07T11:07:22-05:00"},"root_dl":"https://static.vecteezy.com/system/protected/files/001/273/587/vecteezy_dog-skull-on-a-rock_1273587.mov","infoVideo":{"Resolution:":"HD 1280x720","File Type:":"QuickTime","Codec:":"Photo-JPEG","Frame Rate:":"30 FPS","Aspect Ratio:":"16:9","Duration:":"00:20","vtype":".mov"}}