{"t1":"Cooked frying fish.","t2":"Fish. - Free HD Video Clips &amp; Stock Video Footage","tags":["people","human body part","seafood","cooking","food and drink","cable","dinner","food","part","meal","lunch","trout","fish","cooking pan","river","water","nature","fishing","outdoors","lake","fisherman","kitchen","fishing rod","sport","summer","animal","cooking oil","lifestyle","meat","activity"],"info":{"@context":"http://schema.org","@type":"Article","name":"Download Fish. for free","description":"Download Fish. stock video footage. Choose from thousands of the best stock footage video clips to download.","url":"https://www.vecteezy.com/video/1273151-fish","datePublished":"2020-09-07T10:15:25-05:00","author":"vidok","headline":"Download Fish. stock video footage. Choose from thousands of the best stock footage video clips to download.","image":"https://static.vecteezy.com/system/resources/thumbnails/001/273/151/small_2x/fish.jpg","publisher":{"@type":"Organization","name":"vecteezy","logo":{"@type":"ImageObject","url":"https://www.vecteezy.com//images/vecteezy-logo--orange.jpg"}},"mainEntityOfPage":"https://static.vecteezy.com/system/resources/thumbnails/001/273/151/small_2x/fish.jpg","dateModified":"2020-09-07T10:15:25-05:00"},"root_dl":"https://static.vecteezy.com/system/protected/files/001/273/151/vecteezy_cooked-frying-fish_1273151.mov","infoVideo":{"Resolution:":"HD 1920x1080","File Type:":"QuickTime","Codec:":"Motion-JPEG B","Frame Rate:":"25 FPS","Aspect Ratio:":"16:9","Duration:":"00:26","vtype":".mov"}}