{"t1":"White dog playing in garden","t2":"White dog - Free HD Video Clips &amp; Stock Video Footage","tags":["pets","outdoors","animal","puppy","walking","communication","running","playing","portrait","dog","grass","nature","cute","canine","mammals","happiness","people","beauty","fun","tree","lifestyle","joy","activity","golden retriever","summer","looking","meadow","sleeping","farm","education"],"info":{"@context":"http://schema.org","@type":"Article","name":"Download White dog for free","description":"Download White dog stock video footage. Choose from thousands of the best stock footage video clips to download.","url":"https://www.vecteezy.com/video/1273979-white-dog","datePublished":"2020-09-07T12:14:15-05:00","author":"raweenuttapong","headline":"Download White dog stock video footage. Choose from thousands of the best stock footage video clips to downlo…","image":"https://static.vecteezy.com/system/resources/thumbnails/001/273/979/small_2x/white-dog.jpg","publisher":{"@type":"Organization","name":"vecteezy","logo":{"@type":"ImageObject","url":"https://www.vecteezy.com//images/vecteezy-logo--orange.jpg"}},"mainEntityOfPage":"https://static.vecteezy.com/system/resources/thumbnails/001/273/979/small_2x/white-dog.jpg","dateModified":"2020-09-07T12:14:15-05:00"},"root_dl":"https://static.vecteezy.com/system/protected/files/001/273/979/vecteezy_white-dog-playing-in-garden_1273979.mov","infoVideo":{"Resolution:":"HD 1920x1080","File Type:":"QuickTime","Codec:":"Photo-JPEG","Frame Rate:":"24 FPS","Aspect Ratio:":"16:9","Duration:":"00:20","vtype":".mov"}}