{"t1":"Couple of caucasian shepherd dogs","t2":"Shepherd dogs - Free HD Video Clips &amp; Stock Video Footage","tags":["pets","people","looking","canine","animal","lifestyle","puppy","ear","mountain","mammals","sadness","dog","exhibition","sheep"],"info":{"@context":"http://schema.org","@type":"Article","name":"Download Shepherd dogs for free","description":"Download Shepherd dogs stock video footage. Choose from thousands of the best stock footage video clips to download.","url":"https://www.vecteezy.com/video/1273579-shepherd-dogs","datePublished":"2020-09-07T11:06:44-05:00","author":"ddcoral","headline":"Download Shepherd dogs stock video footage. Choose from thousands of the best stock footage video clips to do…","image":"https://static.vecteezy.com/system/resources/thumbnails/001/273/579/small_2x/shepherd-dogs.jpg","publisher":{"@type":"Organization","name":"vecteezy","logo":{"@type":"ImageObject","url":"https://www.vecteezy.com//images/vecteezy-logo--orange.jpg"}},"mainEntityOfPage":"https://static.vecteezy.com/system/resources/thumbnails/001/273/579/small_2x/shepherd-dogs.jpg","dateModified":"2020-09-07T11:06:44-05:00"},"root_dl":"https://static.vecteezy.com/system/protected/files/001/273/579/vecteezy_couple-of-caucasian-shepherd-dogs_1273579.mov","infoVideo":{"Resolution:":"HD 1920x1080","File Type:":"QuickTime","Codec:":"Photo-JPEG","Frame Rate:":"30 FPS","Aspect Ratio:":"16:9","Duration:":"00:13","vtype":".mov"}}