{"t1":"schooling over coral reef in huge numbers, red sea","t2":"coralreef fish - Free HD Video Clips &amp; Stock Video Footage","tags":["underwater","insect","red sea","animal","water","sea","fish","swimming","reef"],"info":{"@context":"http://schema.org","@type":"Article","name":"Download coralreef fish for free","description":"Download coralreef fish stock video footage. Choose from thousands of the best stock footage video clips to download.","url":"https://www.vecteezy.com/video/1273886-coralreef-fish","datePublished":"2020-09-07T12:03:27-05:00","author":"marcelsteuermann","headline":"Download coralreef fish stock video footage. Choose from thousands of the best stock footage video clips to d…","image":"https://static.vecteezy.com/system/resources/thumbnails/001/273/886/small_2x/coralreef-fish.jpg","publisher":{"@type":"Organization","name":"vecteezy","logo":{"@type":"ImageObject","url":"https://www.vecteezy.com//images/vecteezy-logo--orange.jpg"}},"mainEntityOfPage":"https://static.vecteezy.com/system/resources/thumbnails/001/273/886/small_2x/coralreef-fish.jpg","dateModified":"2020-09-07T12:03:27-05:00"},"root_dl":"https://static.vecteezy.com/system/protected/files/001/273/886/vecteezy_schooling-over-coral-reef-in-huge-numbers-red-sea_1273886.mov","infoVideo":{"Resolution:":"HD 1920x1080","File Type:":"QuickTime","Codec:":"Photo-JPEG","Frame Rate:":"25 FPS","Aspect Ratio:":"16:9","Duration:":"00:17","vtype":".mov"}}