{"t1":"fish vendor buying fish in a fish stall at the local market","t2":"fish vendor buying fish in a fish stall at the local market - Free HD Video Clips &amp; Stock Video Footage","tags":["working","people","fisherman","outdoors","animal","cutting","human body part","seafood","cooking","fishing","food","part","fish","healthy lifestyle"],"info":{"@context":"http://schema.org","@type":"Article","name":"Download fish vendor buying fish in a fish stall at the local market for free","description":"Download fish vendor buying fish in a fish stall at the local market stock video footage. Choose from thousands of the best stock footage video clips to download.","url":"https://www.vecteezy.com/video/1273221-fish-vendor-buying-fish-in-a-fish-stall-at-the-local-market","datePublished":"2020-09-07T10:23:43-05:00","author":"worldpicture","headline":"Download fish vendor buying fish in a fish stall at the local market stock video footage. Choose from thousan…","image":"https://static.vecteezy.com/system/resources/thumbnails/001/273/221/small_2x/fish-vendor-buying-fish-in-a-fish-stall-at-the-local-market.jpg","publisher":{"@type":"Organization","name":"vecteezy","logo":{"@type":"ImageObject","url":"https://www.vecteezy.com//images/vecteezy-logo--orange.jpg"}},"mainEntityOfPage":"https://static.vecteezy.com/system/resources/thumbnails/001/273/221/small_2x/fish-vendor-buying-fish-in-a-fish-stall-at-the-local-market.jpg","dateModified":"2020-09-07T10:23:43-05:00"},"root_dl":"https://static.vecteezy.com/system/protected/files/001/273/221/vecteezy_fish-vendor-buying-fish-in-a-fish-stall-at-the-local-market_1273221.mov","infoVideo":{"Resolution:":"HD 1920x1080","File Type:":"QuickTime","Codec:":"Photo-JPEG","Frame Rate:":"25 FPS","Aspect Ratio:":"16:9","Duration:":"00:27","vtype":".mov"}}