{"t1":"Cocker Spaniel runing on a green meadow","t2":"Runing Cocker Spaniel - Free HD Video Clips &amp; Stock Video Footage","tags":["pets","grass","outdoors","animal","activity","summer","running","dog","nature","cute","canine","puppy","mammals","looking","video","beauty","lifestyle","meadow","day","playing","human body part","tree","sunlight","fun","wet","portrait","dachshund","long","backgrounds","people"],"info":{"@context":"http://schema.org","@type":"Article","name":"Download Runing Cocker Spaniel for free","description":"Download Runing Cocker Spaniel stock video footage. Choose from thousands of the best stock footage video clips to download.","url":"https://www.vecteezy.com/video/1273505-runing-cocker-spaniel","datePublished":"2020-09-07T10:56:53-05:00","author":"iurii","headline":"Download Runing Cocker Spaniel stock video footage. Choose from thousands of the best stock footage video cli…","image":"https://static.vecteezy.com/system/resources/thumbnails/001/273/505/small_2x/runing-cocker-spaniel.jpg","publisher":{"@type":"Organization","name":"vecteezy","logo":{"@type":"ImageObject","url":"https://www.vecteezy.com//images/vecteezy-logo--orange.jpg"}},"mainEntityOfPage":"https://static.vecteezy.com/system/resources/thumbnails/001/273/505/small_2x/runing-cocker-spaniel.jpg","dateModified":"2020-09-07T10:56:53-05:00"},"root_dl":"https://static.vecteezy.com/system/protected/files/001/273/505/vecteezy_cocker-spaniel-runing-on-a-green-meadow_1273505.mov","infoVideo":{"Resolution:":"HD 1920x1080","File Type:":"QuickTime","Codec:":"Photo-JPEG","Frame Rate:":"30 FPS","Aspect Ratio:":"16:9","Duration:":"00:05","vtype":".mov"}}