{"t1":"Jack Russell Terrier playing with his toy in the park","t2":"Jack Russell Terrier playing with his toy - Free HD Video Clips &amp; Stock Video Footage","tags":["pets","grass","snow","outdoors","animal","puppy","terrier","cute","playing","meadow","dog","canine","mammals","beauty","fun","people","nature","looking","beautiful people","indoors","exhibition","activity","autumn","walking","happiness","lifestyle","table","summer","portrait","listening"],"info":{"@context":"http://schema.org","@type":"Article","name":"Download Jack Russell Terrier playing with his toy for free","description":"Download Jack Russell Terrier playing with his toy stock video footage. Choose from thousands of the best stock footage video clips to download.","url":"https://www.vecteezy.com/video/1273033-jack-russell-terrier-playing-with-his-toy","datePublished":"2020-09-07T10:05:08-05:00","author":"kkolosov","headline":"Download Jack Russell Terrier playing with his toy stock video footage. Choose from thousands of the best sto…","image":"https://static.vecteezy.com/system/resources/thumbnails/001/273/033/small_2x/jack-russell-terrier-playing-with-his-toy.jpg","publisher":{"@type":"Organization","name":"vecteezy","logo":{"@type":"ImageObject","url":"https://www.vecteezy.com//images/vecteezy-logo--orange.jpg"}},"mainEntityOfPage":"https://static.vecteezy.com/system/resources/thumbnails/001/273/033/small_2x/jack-russell-terrier-playing-with-his-toy.jpg","dateModified":"2020-09-07T10:05:08-05:00"},"root_dl":"https://static.vecteezy.com/system/protected/files/001/273/033/vecteezy_jack-russell-terrier-playing-with-his-toy-in-the-park_1273033.mov","infoVideo":{"Resolution:":"HD 1920x1080","File Type:":"QuickTime","Codec:":"Photo-JPEG","Frame Rate:":"25 FPS","Aspect Ratio:":"16:9","Duration:":"00:22","vtype":".mov"}}