{"t1":"First-person view, an animal running on meadow grass","t2":"First-person view, an animal running on meadow grass - Free HD Video Clips &amp; Stock Video Footage","tags":["grass","outdoors","animal","walking","meadow","dog","morning","tired","pets","nature","puppy","cute","canine","mammals","day","summer","looking","activity","bird","backgrounds","fun","playing","running","terrier","people","forest","gun","sky","portrait","video"],"info":{"@context":"http://schema.org","@type":"Article","name":"Download First-person view, an animal running on meadow grass for free","description":"Download First-person view, an animal running on meadow grass stock video footage. Choose from thousands of the best stock footage video clips to download.","url":"https://www.vecteezy.com/video/1273543-first-person-view-an-animal-running-on-meadow-grass","datePublished":"2020-09-07T11:03:16-05:00","author":"hasky2","headline":"Download First-person view, an animal running on meadow grass stock video footage. Choose from thousands of t…","image":"https://static.vecteezy.com/system/resources/thumbnails/001/273/543/small_2x/first-person-view-an-animal-running-on-meadow-grass.jpg","publisher":{"@type":"Organization","name":"vecteezy","logo":{"@type":"ImageObject","url":"https://www.vecteezy.com//images/vecteezy-logo--orange.jpg"}},"mainEntityOfPage":"https://static.vecteezy.com/system/resources/thumbnails/001/273/543/small_2x/first-person-view-an-animal-running-on-meadow-grass.jpg","dateModified":"2020-09-07T11:03:16-05:00"},"root_dl":"https://static.vecteezy.com/system/protected/files/001/273/543/vecteezy_first-person-view-an-animal-running-on-meadow-grass_1273543.mov","infoVideo":{"Resolution:":"HD 1920x1080","File Type:":"QuickTime","Codec:":"Photo-JPEG","Frame Rate:":"30 FPS","Aspect Ratio:":"16:9","Duration:":"00:21","vtype":".mov"}}