{"t1":"girl with casual clothes to a fishing village ponds rainy summer day","t2":"girl fishing - Free HD Video Clips &amp; Stock Video Footage","tags":["people","fisherman","outdoors","pond","fun","sport","lake","activity","fishing","summer","water","hobby","happiness","fish","rain","fishing rod","beauty","village","nature","beautiful people","day"],"info":{"@context":"http://schema.org","@type":"Article","name":"Download girl fishing for free","description":"Download girl fishing stock video footage. Choose from thousands of the best stock footage video clips to download.","url":"https://www.vecteezy.com/video/1273874-girl-fishing","datePublished":"2020-09-07T12:02:12-05:00","author":"sauletas","headline":"Download girl fishing stock video footage. Choose from thousands of the best stock footage video clips to dow…","image":"https://static.vecteezy.com/system/resources/thumbnails/001/273/874/small_2x/girl-fishing.jpg","publisher":{"@type":"Organization","name":"vecteezy","logo":{"@type":"ImageObject","url":"https://www.vecteezy.com//images/vecteezy-logo--orange.jpg"}},"mainEntityOfPage":"https://static.vecteezy.com/system/resources/thumbnails/001/273/874/small_2x/girl-fishing.jpg","dateModified":"2020-09-07T12:02:12-05:00"},"root_dl":"https://static.vecteezy.com/system/protected/files/001/273/874/vecteezy_girl-with-casual-clothes-to-a-fishing-village-ponds-rainy-summer-day_1273874.mov","infoVideo":{"Resolution:":"HD 1920x1080","File Type:":"QuickTime","Codec:":"Photo-JPEG","Frame Rate:":"25 FPS","Aspect Ratio:":"16:9","Duration:":"00:11","vtype":".mov"}}