{"t1":"Puppy dog playing with mother dog","t2":"Puppy dog playing with mother dog - Free HD Video Clips &amp; Stock Video Footage","tags":["pets","canine","animal","puppy","mammals","cute","happiness","playing","new","dog","beauty","portrait","sleeping","nature","outdoors","lifestyle","animal family","home interior","video","grass","looking","clean","indoors","tail","paw","terrier","hungry","mascot","breastfeeding","drink"],"info":{"@context":"http://schema.org","@type":"Article","name":"Download Puppy dog playing with mother dog for free","description":"Download Puppy dog playing with mother dog stock video footage. Choose from thousands of the best stock footage video clips to download.","url":"https://www.vecteezy.com/video/1273479-puppy-dog-playing-with-mother-dog","datePublished":"2020-09-07T10:53:55-05:00","author":"focusphotoart","headline":"Download Puppy dog playing with mother dog stock video footage. Choose from thousands of the best stock foota…","image":"https://static.vecteezy.com/system/resources/thumbnails/001/273/479/small_2x/puppy-dog-playing-with-mother-dog.jpg","publisher":{"@type":"Organization","name":"vecteezy","logo":{"@type":"ImageObject","url":"https://www.vecteezy.com//images/vecteezy-logo--orange.jpg"}},"mainEntityOfPage":"https://static.vecteezy.com/system/resources/thumbnails/001/273/479/small_2x/puppy-dog-playing-with-mother-dog.jpg","dateModified":"2020-09-07T10:53:55-05:00"},"root_dl":"https://static.vecteezy.com/system/protected/files/001/273/479/vecteezy_puppy-dog-playing-with-mother-dog_1273479.mov","infoVideo":{"Resolution:":"HD 1920x1080","File Type:":"QuickTime","Codec:":"Photo-JPEG","Frame Rate:":"24 FPS","Aspect Ratio:":"16:9","Duration:":"00:21","vtype":".mov"}}