{"t1":" Massive fish kills in the poisoned river,video clip","t2":"Fish kills - Free HD Video Clips &amp; Stock Video Footage","tags":["outdoors","animal","chemical","lake","fish","river","water pollution","pollution","nature","environment","sea","water","underwater","plant","lifestyle","air pollution","beauty","garbage","seafood","travel","swimming","food","pond","red sea","fumes","industry","global","backgrounds","bright","leaf"],"info":{"@context":"http://schema.org","@type":"Article","name":"Download Fish kills for free","description":"Download Fish kills stock video footage. Choose from thousands of the best stock footage video clips to download.","url":"https://www.vecteezy.com/video/1273740-fish-kills","datePublished":"2020-09-07T11:48:03-05:00","author":"overcrew","headline":"Download Fish kills stock video footage. Choose from thousands of the best stock footage video clips to downl…","image":"https://static.vecteezy.com/system/resources/thumbnails/001/273/740/small_2x/fish-kills.jpg","publisher":{"@type":"Organization","name":"vecteezy","logo":{"@type":"ImageObject","url":"https://www.vecteezy.com//images/vecteezy-logo--orange.jpg"}},"mainEntityOfPage":"https://static.vecteezy.com/system/resources/thumbnails/001/273/740/small_2x/fish-kills.jpg","dateModified":"2020-09-07T11:48:03-05:00"},"root_dl":"https://static.vecteezy.com/system/protected/files/001/273/740/vecteezy_massive-fish-kills-in-the-poisoned-rivervideo-clip_1273740.mov","infoVideo":{"Resolution:":"HD 1920x1080","File Type:":"QuickTime","Codec:":"Photo-JPEG","Frame Rate:":"30 FPS","Aspect Ratio:":"16:9","Duration:":"00:13","vtype":".mov"}}