{"t1":"This high definition video was taken in Kerala, India.","t2":"Fishermen in Kerala, India. - Free HD Video Clips &amp; Stock Video Footage","tags":["fisherman","outdoors","video","fishing","travel","fish","fishing net","water","lake","nature","river","pond","people","food","transportation","seafood","human body part","sea","industry","business","animal","agriculture","farm","morning","sky","bucket","bird","flock of birds","harvesting","working"],"info":{"@context":"http://schema.org","@type":"Article","name":"Download Fishermen in Kerala, India. for free","description":"Download Fishermen in Kerala, India. stock video footage. Choose from thousands of the best stock footage video clips to download.","url":"https://www.vecteezy.com/video/1273466-fishermen-in-kerala-india","datePublished":"2020-09-07T10:52:15-05:00","author":"arviest","headline":"Download Fishermen in Kerala, India. stock video footage. Choose from thousands of the best stock footage vid…","image":"https://static.vecteezy.com/system/resources/thumbnails/001/273/466/small_2x/fishermen-in-kerala-india.jpg","publisher":{"@type":"Organization","name":"vecteezy","logo":{"@type":"ImageObject","url":"https://www.vecteezy.com//images/vecteezy-logo--orange.jpg"}},"mainEntityOfPage":"https://static.vecteezy.com/system/resources/thumbnails/001/273/466/small_2x/fishermen-in-kerala-india.jpg","dateModified":"2020-09-07T10:52:15-05:00"},"root_dl":"https://static.vecteezy.com/system/protected/files/001/273/466/vecteezy_this-high-definition-video-was-taken-in-kerala-india_1273466.mov","infoVideo":{"Resolution:":"HD 1920x1080","File Type:":"QuickTime","Codec:":"Photo-JPEG","Frame Rate:":"30 FPS","Aspect Ratio:":"16:9","Duration:":"00:15","vtype":".mov"}}