{"t1":"fish soup made on traditional way -heated with firewood; static frame, closeup","t2":"Fish soup - Free HD Video Clips &amp; Stock Video Footage","tags":["flame","video","metal","seafood","cooking","food and drink","food","cultures","fish","cooking pan","tree","steam"],"info":{"@context":"http://schema.org","@type":"Article","name":"Download Fish soup for free","description":"Download Fish soup stock video footage. Choose from thousands of the best stock footage video clips to download.","url":"https://www.vecteezy.com/video/1273685-fish-soup","datePublished":"2020-09-07T11:42:38-05:00","author":"drbouz","headline":"Download Fish soup stock video footage. Choose from thousands of the best stock footage video clips to downlo…","image":"https://static.vecteezy.com/system/resources/thumbnails/001/273/685/small_2x/fish-soup.jpg","publisher":{"@type":"Organization","name":"vecteezy","logo":{"@type":"ImageObject","url":"https://www.vecteezy.com//images/vecteezy-logo--orange.jpg"}},"mainEntityOfPage":"https://static.vecteezy.com/system/resources/thumbnails/001/273/685/small_2x/fish-soup.jpg","dateModified":"2020-09-07T11:42:38-05:00"},"root_dl":"https://static.vecteezy.com/system/protected/files/001/273/685/vecteezy_fish-soup-made-on-traditional-way--heated-with-firewood;-static-frame-closeup_1273685.mov","infoVideo":{"Resolution:":"HD 1920x1080","File Type:":"QuickTime","Codec:":"Photo-JPEG","Frame Rate:":"30 FPS","Aspect Ratio:":"16:9","Duration:":"00:07","vtype":".mov"}}