{"t1":"swimming slowly among divers","t2":"tiger shark and scuba diver - Free HD Video Clips &amp; Stock Video Footage","tags":["underwater","fishing","sea","fish","shark","animal","water","nature","swimming","lifestyle","people","outdoors","reef","backgrounds","pond","food","day","red sea","fisherman","sport","agriculture","sardine","lake","island","business","river","farm","environment","harvesting","aquarium"],"info":{"@context":"http://schema.org","@type":"Article","name":"Download tiger shark and scuba diver for free","description":"Download tiger shark and scuba diver stock video footage. Choose from thousands of the best stock footage video clips to download.","url":"https://www.vecteezy.com/video/1273803-tiger-shark-and-scuba-diver","datePublished":"2020-09-07T11:53:32-05:00","author":"marcelsteuermann","headline":"Download tiger shark and scuba diver stock video footage. Choose from thousands of the best stock footage vid…","image":"https://static.vecteezy.com/system/resources/thumbnails/001/273/803/small_2x/tiger-shark-and-scuba-diver.jpg","publisher":{"@type":"Organization","name":"vecteezy","logo":{"@type":"ImageObject","url":"https://www.vecteezy.com//images/vecteezy-logo--orange.jpg"}},"mainEntityOfPage":"https://static.vecteezy.com/system/resources/thumbnails/001/273/803/small_2x/tiger-shark-and-scuba-diver.jpg","dateModified":"2020-09-07T11:53:32-05:00"},"root_dl":"https://static.vecteezy.com/system/protected/files/001/273/803/vecteezy_swimming-slowly-among-divers_1273803.mov","infoVideo":{"Resolution:":"HD 1920x1080","File Type:":"QuickTime","Codec:":"Photo-JPEG","Frame Rate:":"25 FPS","Aspect Ratio:":"16:9","Duration:":"00:11","vtype":".mov"}}