{"t1":"The fisherman on the boat fished. Small fish on a fishing rod.","t2":"The fisherman on the boat fished. Small fish on a fishing rod - Free HD Video Clips &amp; Stock Video Footage","tags":["people","fun","nature","outdoors","backgrounds","fishing","water","fishing rod","fish","fisherman","summer","animal","lake","river","pets","sea","mammals","cute","hobby","sport","grass","activity","travel","basket","meadow","farm","clover","pond","sky","reflection"],"info":{"@context":"http://schema.org","@type":"Article","name":"Download The fisherman on the boat fished. Small fish on a fishing rod for free","description":"Download The fisherman on the boat fished. Small fish on a fishing rod stock video footage. Choose from thousands of the best stock footage video clips to download.","url":"https://www.vecteezy.com/video/1273225-the-fisherman-on-the-boat-fished-small-fish-on-a-fishing-rod","datePublished":"2020-09-07T10:24:19-05:00","author":"muratovsergey","headline":"Download The fisherman on the boat fished. Small fish on a fishing rod stock video footage. Choose from thous…","image":"https://static.vecteezy.com/system/resources/thumbnails/001/273/225/small_2x/the-fisherman-on-the-boat-fished-small-fish-on-a-fishing-rod.jpg","publisher":{"@type":"Organization","name":"vecteezy","logo":{"@type":"ImageObject","url":"https://www.vecteezy.com//images/vecteezy-logo--orange.jpg"}},"mainEntityOfPage":"https://static.vecteezy.com/system/resources/thumbnails/001/273/225/small_2x/the-fisherman-on-the-boat-fished-small-fish-on-a-fishing-rod.jpg","dateModified":"2020-09-07T10:24:19-05:00"},"root_dl":"https://static.vecteezy.com/system/protected/files/001/273/225/vecteezy_the-fisherman-on-the-boat-fished-small-fish-on-a-fishing-rod_1273225.mov","infoVideo":{"Resolution:":"HD 1920x1080","File Type:":"QuickTime","Codec:":"Photo-JPEG","Frame Rate:":"30 FPS","Aspect Ratio:":"16:9","Duration:":"00:20","vtype":".mov"}}