{"t1":"Fish frying in hot oil pan","t2":"Fish frying - Free HD Video Clips &amp; Stock Video Footage","tags":["kitchen","video","seafood","cooking oil","cooking","food","meal","fish","cooking pan","indoors","lifestyle","house","apartment","home interior","food and drink","joy","table","cute","people","vegetable","meat","dinner","looking","spice","herb","rosemary","steak","family","lunch","smelling"],"info":{"@context":"http://schema.org","@type":"Article","name":"Download Fish frying for free","description":"Download Fish frying stock video footage. Choose from thousands of the best stock footage video clips to download.","url":"https://www.vecteezy.com/video/1273910-fish-frying","datePublished":"2020-09-07T12:06:38-05:00","author":"geargodz","headline":"Download Fish frying stock video footage. Choose from thousands of the best stock footage video clips to down…","image":"https://static.vecteezy.com/system/resources/thumbnails/001/273/910/small_2x/fish-frying.jpg","publisher":{"@type":"Organization","name":"vecteezy","logo":{"@type":"ImageObject","url":"https://www.vecteezy.com//images/vecteezy-logo--orange.jpg"}},"mainEntityOfPage":"https://static.vecteezy.com/system/resources/thumbnails/001/273/910/small_2x/fish-frying.jpg","dateModified":"2020-09-07T12:06:38-05:00"},"root_dl":"https://static.vecteezy.com/system/protected/files/001/273/910/vecteezy_fish-frying-in-hot-oil-pan_1273910.mov","infoVideo":{"Resolution:":"HD 1920x1080","File Type:":"QuickTime","Codec:":"Photo-JPEG","Frame Rate:":"25 FPS","Aspect Ratio:":"16:9","Duration:":"00:08","vtype":".mov"}}