{"t1":"The fisherman is pulling the net out of water standing on a small wooden platform. Houseboat with Chinese fishing net in the background","t2":"fisherman is pulling the net out of water standing on a small wooden platform. - Free HD Video Clips &amp; Stock Video Footage","tags":["fisherman","outdoors","animal","pond","lake","activity","fishing","food","water","casting","fish","river","selling","nature","fishing net","seafood","human body part","moving up","falling","food and drink","business","basket","catfish","transportation","tree","people","agriculture","farm","morning","working"],"info":{"@context":"http://schema.org","@type":"Article","name":"Download fisherman is pulling the net out of water standing on a small wooden platform. for free","description":"Download fisherman is pulling the net out of water standing on a small wooden platform. stock video footage. Choose from thousands of the best stock footage video clips to download.","url":"https://www.vecteezy.com/video/1273231-fisherman-is-pulling-the-net-out-of-water-standing-on-a-small-wooden-platform","datePublished":"2020-09-07T10:24:41-05:00","author":"worldpicture","headline":"Download fisherman is pulling the net out of water standing on a small wooden platform. stock video footage. …","image":"https://static.vecteezy.com/system/resources/thumbnails/001/273/231/small_2x/fisherman-is-pulling-the-net-out-of-water-standing-on-a-small-wooden-platform.jpg","publisher":{"@type":"Organization","name":"vecteezy","logo":{"@type":"ImageObject","url":"https://www.vecteezy.com//images/vecteezy-logo--orange.jpg"}},"mainEntityOfPage":"https://static.vecteezy.com/system/resources/thumbnails/001/273/231/small_2x/fisherman-is-pulling-the-net-out-of-water-standing-on-a-small-wooden-platform.jpg","dateModified":"2020-09-07T10:24:41-05:00"},"root_dl":"https://static.vecteezy.com/system/protected/files/001/273/231/vecteezy_the-fisherman-is-pulling-the-net-out-of-water-standing-on-a-small-wooden-platform-houseboat-with-chinese-fishing-net-in-the-background_1273231.mov","infoVideo":{"Resolution:":"HD 1920x1080","File Type:":"QuickTime","Codec:":"Photo-JPEG","Frame Rate:":"25 FPS","Aspect Ratio:":"16:9","Duration:":"00:20","vtype":".mov"}}