{"t1":"Available in HD, NTSC, and PAL. A siberian husky and golden retriever play together in a suburban back yard","t2":"Dogs Playing - Free HD Video Clips &amp; Stock Video Footage","tags":["pets","grass","outdoors","animal","fighting","house","activity","golden retriever","running","playing","dog","siberian husky","puppy","cute","nature","beauty","happiness","joy","mammals","lifestyle","canine","sleeping","portrait","beautiful people","looking","food","indoors","summer","sphere","home interior"],"info":{"@context":"http://schema.org","@type":"Article","name":"Download Dogs Playing for free","description":"Download Dogs Playing stock video footage. Choose from thousands of the best stock footage video clips to download.","url":"https://www.vecteezy.com/video/1273006-dogs-playing","datePublished":"2020-09-07T10:02:58-05:00","author":"nopow","headline":"Download Dogs Playing stock video footage. Choose from thousands of the best stock footage video clips to dow…","image":"https://static.vecteezy.com/system/resources/thumbnails/001/273/006/small_2x/dogs-playing.jpg","publisher":{"@type":"Organization","name":"vecteezy","logo":{"@type":"ImageObject","url":"https://www.vecteezy.com//images/vecteezy-logo--orange.jpg"}},"mainEntityOfPage":"https://static.vecteezy.com/system/resources/thumbnails/001/273/006/small_2x/dogs-playing.jpg","dateModified":"2020-09-07T10:02:58-05:00"},"root_dl":"https://static.vecteezy.com/system/protected/files/001/273/006/vecteezy_available-in-hd-ntsc-and-pal-a-siberian-husky-and-golden-retriever-play-together-in-a-suburban-back-yard_1273006.mov","infoVideo":{"Resolution:":"HD 1920x1080","File Type:":"QuickTime","Codec:":"Motion-JPEG B","Frame Rate:":"30 FPS","Aspect Ratio:":"16:9","Duration:":"00:15","vtype":".mov"}}