{"t1":"Underwater in a fish farm","t2":"Rainbow Trout (Oncorhynchus mykiss) - Free HD Video Clips &amp; Stock Video Footage","tags":["underwater","pond","seafood","lake","farm","food","water","trout","fish","river","swimming","nature","liquid","outdoors","fishing","fisherman","animal","agriculture","business","harvesting","manufacturing","bucket","working","catfish","jumping","sale","people","fishing net","hunter","drop"],"info":{"@context":"http://schema.org","@type":"Article","name":"Download Rainbow Trout (Oncorhynchus mykiss) for free","description":"Download Rainbow Trout (Oncorhynchus mykiss) stock video footage. Choose from thousands of the best stock footage video clips to download.","url":"https://www.vecteezy.com/video/1273799-rainbow-trout-oncorhynchus-mykiss","datePublished":"2020-09-07T11:52:32-05:00","author":"atelopus","headline":"Download Rainbow Trout (Oncorhynchus mykiss) stock video footage. Choose from thousands of the best stock foo…","image":"https://static.vecteezy.com/system/resources/thumbnails/001/273/799/small_2x/rainbow-trout-oncorhynchus-mykiss.jpg","publisher":{"@type":"Organization","name":"vecteezy","logo":{"@type":"ImageObject","url":"https://www.vecteezy.com//images/vecteezy-logo--orange.jpg"}},"mainEntityOfPage":"https://static.vecteezy.com/system/resources/thumbnails/001/273/799/small_2x/rainbow-trout-oncorhynchus-mykiss.jpg","dateModified":"2020-09-07T11:52:32-05:00"},"root_dl":"https://static.vecteezy.com/system/protected/files/001/273/799/vecteezy_underwater-in-a-fish-farm_1273799.mov","infoVideo":{"Resolution:":"HD 1920x1080","File Type:":"QuickTime","Codec:":"Photo-JPEG","Frame Rate:":"30 FPS","Aspect Ratio:":"16:9","Duration:":"00:14","vtype":".mov"}}