{"t1":"Underwater Shots of Catching Bonita Fish","t2":"Bonita Fishing - Free HD Video Clips &amp; Stock Video Footage","tags":["fisherman","outdoors","animal","sport","fishing","water","fish","nature","sunny","river","lake","fishing rod","summer","fishing net","activity","working","transportation","sunlight","reflection","casting","spool","sunset","beauty","beautiful people","people","hobby","morning","food","pond","sailing"],"info":{"@context":"http://schema.org","@type":"Article","name":"Download Bonita Fishing for free","description":"Download Bonita Fishing stock video footage. Choose from thousands of the best stock footage video clips to download.","url":"https://www.vecteezy.com/video/1273623-bonita-fishing","datePublished":"2020-09-07T11:13:46-05:00","author":"starbirdproductions","headline":"Download Bonita Fishing stock video footage. Choose from thousands of the best stock footage video clips to d…","image":"https://static.vecteezy.com/system/resources/thumbnails/001/273/623/small_2x/bonita-fishing.jpg","publisher":{"@type":"Organization","name":"vecteezy","logo":{"@type":"ImageObject","url":"https://www.vecteezy.com//images/vecteezy-logo--orange.jpg"}},"mainEntityOfPage":"https://static.vecteezy.com/system/resources/thumbnails/001/273/623/small_2x/bonita-fishing.jpg","dateModified":"2020-09-07T11:13:46-05:00"},"root_dl":"https://static.vecteezy.com/system/protected/files/001/273/623/vecteezy_underwater-shots-of-catching-bonita-fish_1273623.mov","infoVideo":{"Resolution:":"HD 1920x1080","File Type:":"QuickTime","Codec:":"Motion-JPEG B","Frame Rate:":"30 FPS","Aspect Ratio:":"16:9","Duration:":"00:12","vtype":".mov"}}