{"t1":"Grizzly Bear fishing in coastal waters","t2":"Bear fishing - Free HD Video Clips &amp; Stock Video Footage","tags":["brown bear","looking","outdoors","animal","walking","mammals","claw","beach","falling","river","nature","bear","kangaroo","forest","food","summer","water","activity","cute","jumping","hungry","running","tree","waterfall","victim","fish","human body part","fishing","plant","parking"],"info":{"@context":"http://schema.org","@type":"Article","name":"Download Bear fishing for free","description":"Download Bear fishing stock video footage. Choose from thousands of the best stock footage video clips to download.","url":"https://www.vecteezy.com/video/1273900-bear-fishing","datePublished":"2020-09-07T12:05:01-05:00","author":"dpshp","headline":"Download Bear fishing stock video footage. Choose from thousands of the best stock footage video clips to dow…","image":"https://static.vecteezy.com/system/resources/thumbnails/001/273/900/small_2x/bear-fishing.jpg","publisher":{"@type":"Organization","name":"vecteezy","logo":{"@type":"ImageObject","url":"https://www.vecteezy.com//images/vecteezy-logo--orange.jpg"}},"mainEntityOfPage":"https://static.vecteezy.com/system/resources/thumbnails/001/273/900/small_2x/bear-fishing.jpg","dateModified":"2020-09-07T12:05:01-05:00"},"root_dl":"https://static.vecteezy.com/system/protected/files/001/273/900/vecteezy_grizzly-bear-fishing-in-coastal-waters_1273900.mov","infoVideo":{"Resolution:":"HD 1920x1080","File Type:":"QuickTime","Codec:":"Photo-JPEG","Frame Rate:":"30 FPS","Aspect Ratio:":"16:9","Duration:":"00:16","vtype":".mov"}}