{"t1":"Collection of poisoned fish,video clip","t2":"Poisoned fish - Free HD Video Clips &amp; Stock Video Footage","tags":["outdoors","animal","chemical","lake","fish","river","water pollution","pollution","environment","nature","water","air pollution","lifestyle","flame","travel","plant","sea","wind","sky","fumes","garbage","industry","tree","forest","video","sand","cityscape","factory","food","seafood"],"info":{"@context":"http://schema.org","@type":"Article","name":"Download Poisoned fish for free","description":"Download Poisoned fish stock video footage. Choose from thousands of the best stock footage video clips to download.","url":"https://www.vecteezy.com/video/1273755-poisoned-fish","datePublished":"2020-09-07T11:48:58-05:00","author":"overcrew","headline":"Download Poisoned fish stock video footage. Choose from thousands of the best stock footage video clips to do…","image":"https://static.vecteezy.com/system/resources/thumbnails/001/273/755/small_2x/poisoned-fish.jpg","publisher":{"@type":"Organization","name":"vecteezy","logo":{"@type":"ImageObject","url":"https://www.vecteezy.com//images/vecteezy-logo--orange.jpg"}},"mainEntityOfPage":"https://static.vecteezy.com/system/resources/thumbnails/001/273/755/small_2x/poisoned-fish.jpg","dateModified":"2020-09-07T11:48:58-05:00"},"root_dl":"https://static.vecteezy.com/system/protected/files/001/273/755/vecteezy_collection-of-poisoned-fishvideo-clip_1273755.mov","infoVideo":{"Resolution:":"HD 1920x1080","File Type:":"QuickTime","Codec:":"Photo-JPEG","Frame Rate:":"30 FPS","Aspect Ratio:":"16:9","Duration:":"00:11","vtype":".mov"}}