{"t1":"Fishing industry. Processing of salmon.","t2":"Fishing Industry - Free HD Video Clips &amp; Stock Video Footage","tags":["working","seafood","food and drink","agriculture","food","factory","fish","manufacturing","industry","outdoors","animal","fishing","water","pond","nature","cooking","fisherman","business","farm","harvesting","people","dinner","lake","meal","restaurant","human body part","sea","kitchen knife","catfish","swimming"],"info":{"@context":"http://schema.org","@type":"Article","name":"Download Fishing Industry for free","description":"Download Fishing Industry stock video footage. Choose from thousands of the best stock footage video clips to download.","url":"https://www.vecteezy.com/video/1273748-fishing-industry","datePublished":"2020-09-07T11:48:28-05:00","author":"dpshp","headline":"Download Fishing Industry stock video footage. Choose from thousands of the best stock footage video clips to…","image":"https://static.vecteezy.com/system/resources/thumbnails/001/273/748/small_2x/fishing-industry.jpg","publisher":{"@type":"Organization","name":"vecteezy","logo":{"@type":"ImageObject","url":"https://www.vecteezy.com//images/vecteezy-logo--orange.jpg"}},"mainEntityOfPage":"https://static.vecteezy.com/system/resources/thumbnails/001/273/748/small_2x/fishing-industry.jpg","dateModified":"2020-09-07T11:48:28-05:00"},"root_dl":"https://static.vecteezy.com/system/protected/files/001/273/748/vecteezy_fishing-industry-processing-of-salmon_1273748.mov","infoVideo":{"Resolution:":"HD 1920x1080","File Type:":"QuickTime","Codec:":"Motion-JPEG A","Frame Rate:":"30 FPS","Aspect Ratio:":"16:9","Duration:":"00:12","vtype":".mov"}}