{"t1":"Cooking fish","t2":"Cooking fish - Free HD Video Clips &amp; Stock Video Footage","tags":["working","people","making","home interior","lifestyle","steel","kitchen","human body part","cooking","food and drink","dinner","food","part","meal","lunch","fish","chef","indoors","meat"],"info":{"@context":"http://schema.org","@type":"Article","name":"Download Cooking fish for free","description":"Download Cooking fish stock video footage. Choose from thousands of the best stock footage video clips to download.","url":"https://www.vecteezy.com/video/1273939-cooking-fish","datePublished":"2020-09-07T12:10:07-05:00","author":"mbaysan","headline":"Download Cooking fish stock video footage. Choose from thousands of the best stock footage video clips to dow…","image":"https://static.vecteezy.com/system/resources/thumbnails/001/273/939/small_2x/cooking-fish.jpg","publisher":{"@type":"Organization","name":"vecteezy","logo":{"@type":"ImageObject","url":"https://www.vecteezy.com//images/vecteezy-logo--orange.jpg"}},"mainEntityOfPage":"https://static.vecteezy.com/system/resources/thumbnails/001/273/939/small_2x/cooking-fish.jpg","dateModified":"2020-09-07T12:10:07-05:00"},"root_dl":"https://static.vecteezy.com/system/protected/files/001/273/939/vecteezy_cooking-fish_1273939.mov","infoVideo":{"Resolution:":"HD 1920x1080","File Type:":"QuickTime","Codec:":"Photo-JPEG","Frame Rate:":"25 FPS","Aspect Ratio:":"16:9","Duration:":"00:27","vtype":".mov"}}