{"t1":"Back view of a man fishing on the river","t2":"Fishing - Free HD Video Clips &amp; Stock Video Footage","tags":["people","fisherman","outdoors","lifestyle","pond","fun","sport","lake","dam","summer","hobby","travel","sunset","fishing rod","fog","river","morning","waiting","nature"],"info":{"@context":"http://schema.org","@type":"Article","name":"Download Fishing for free","description":"Download Fishing stock video footage. Choose from thousands of the best stock footage video clips to download.","url":"https://www.vecteezy.com/video/1273150-fishing","datePublished":"2020-09-07T10:15:24-05:00","author":"vik2010","headline":"Download Fishing stock video footage. Choose from thousands of the best stock footage video clips to download…","image":"https://static.vecteezy.com/system/resources/thumbnails/001/273/150/small_2x/fishing.jpg","publisher":{"@type":"Organization","name":"vecteezy","logo":{"@type":"ImageObject","url":"https://www.vecteezy.com//images/vecteezy-logo--orange.jpg"}},"mainEntityOfPage":"https://static.vecteezy.com/system/resources/thumbnails/001/273/150/small_2x/fishing.jpg","dateModified":"2020-09-07T10:15:24-05:00"},"root_dl":"https://static.vecteezy.com/system/protected/files/001/273/150/vecteezy_back-view-of-a-man-fishing-on-the-river_1273150.mov","infoVideo":{"Resolution:":"HD 1920x1080","File Type:":"QuickTime","Codec:":"Photo-JPEG","Frame Rate:":"30 FPS","Aspect Ratio:":"16:9","Duration:":"00:29","vtype":".mov"}}