{"t1":"Cooking fish. Revealing fish","t2":"Cooking fish. Revealing fish - Free HD Video Clips &amp; Stock Video Footage","tags":["fisherman","outdoors","lifestyle","human body part","seafood","cooking","ear","food","coconut","cultures","open","fish","cooking pan","chef","drink","day","picnic","animal","pets","mammals","cute","easter","fun","people","decoration","egg","symbol","playing","farm","religion"],"info":{"@context":"http://schema.org","@type":"Article","name":"Download Cooking fish. Revealing fish for free","description":"Download Cooking fish. Revealing fish stock video footage. Choose from thousands of the best stock footage video clips to download.","url":"https://www.vecteezy.com/video/1273081-cooking-fish-revealing-fish","datePublished":"2020-09-07T10:08:31-05:00","author":"zanuck","headline":"Download Cooking fish. Revealing fish stock video footage. Choose from thousands of the best stock footage vi…","image":"https://static.vecteezy.com/system/resources/thumbnails/001/273/081/small_2x/cooking-fish-revealing-fish.jpg","publisher":{"@type":"Organization","name":"vecteezy","logo":{"@type":"ImageObject","url":"https://www.vecteezy.com//images/vecteezy-logo--orange.jpg"}},"mainEntityOfPage":"https://static.vecteezy.com/system/resources/thumbnails/001/273/081/small_2x/cooking-fish-revealing-fish.jpg","dateModified":"2020-09-07T10:08:31-05:00"},"root_dl":"https://static.vecteezy.com/system/protected/files/001/273/081/vecteezy_cooking-fish-revealing-fish_1273081.mov","infoVideo":{"Resolution:":"HD 1920x1080","File Type:":"QuickTime","Codec:":"Photo-JPEG","Frame Rate:":"24 FPS","Aspect Ratio:":"16:9","Duration:":"00:12","vtype":".mov"}}