{"t1":"Fish in a tank time lapse","t2":"Fish tank time lapse - Free HD Video Clips &amp; Stock Video Footage","tags":["animal","transparent","water","fish","swimming","puffer fish","underwater","nature","sea","aquarium","reef","backgrounds","sand","red sea","fishing","pets","outdoors","lifestyle","video","river","pond","lake","beauty","shark","goldfish","plant","sport","environment","food","seafood"],"info":{"@context":"http://schema.org","@type":"Article","name":"Download Fish tank time lapse for free","description":"Download Fish tank time lapse stock video footage. Choose from thousands of the best stock footage video clips to download.","url":"https://www.vecteezy.com/video/1273671-fish-tank-time-lapse","datePublished":"2020-09-07T11:39:30-05:00","author":"skyak","headline":"Download Fish tank time lapse stock video footage. Choose from thousands of the best stock footage video clip…","image":"https://static.vecteezy.com/system/resources/thumbnails/001/273/671/small_2x/fish-tank-time-lapse.jpg","publisher":{"@type":"Organization","name":"vecteezy","logo":{"@type":"ImageObject","url":"https://www.vecteezy.com//images/vecteezy-logo--orange.jpg"}},"mainEntityOfPage":"https://static.vecteezy.com/system/resources/thumbnails/001/273/671/small_2x/fish-tank-time-lapse.jpg","dateModified":"2020-09-07T11:39:30-05:00"},"root_dl":"https://static.vecteezy.com/system/protected/files/001/273/671/vecteezy_fish-in-a-tank-time-lapse_1273671.mov","infoVideo":{"Resolution:":"HD 1920x1080","File Type:":"QuickTime","Codec:":"Motion-JPEG B","Frame Rate:":"30 FPS","Aspect Ratio:":"16:9","Duration:":"00:11","vtype":".mov"}}