{"t1":"Fishes swimming naturally","t2":"Fishes swimming - Free HD Video Clips &amp; Stock Video Footage","tags":["underwater","sardine","animal","backgrounds","fishing","water","sea","fish","environment","island","swimming","nature","reef","day"],"info":{"@context":"http://schema.org","@type":"Article","name":"Download Fishes swimming for free","description":"Download Fishes swimming stock video footage. Choose from thousands of the best stock footage video clips to download.","url":"https://www.vecteezy.com/video/1273739-fishes-swimming","datePublished":"2020-09-07T11:47:47-05:00","author":"zanuck","headline":"Download Fishes swimming stock video footage. Choose from thousands of the best stock footage video clips to …","image":"https://static.vecteezy.com/system/resources/thumbnails/001/273/739/small_2x/fishes-swimming.jpg","publisher":{"@type":"Organization","name":"vecteezy","logo":{"@type":"ImageObject","url":"https://www.vecteezy.com//images/vecteezy-logo--orange.jpg"}},"mainEntityOfPage":"https://static.vecteezy.com/system/resources/thumbnails/001/273/739/small_2x/fishes-swimming.jpg","dateModified":"2020-09-07T11:47:47-05:00"},"root_dl":"https://static.vecteezy.com/system/protected/files/001/273/739/vecteezy_fishes-swimming-naturally_1273739.mov","infoVideo":{"Resolution:":"HD 1920x1080","File Type:":"QuickTime","Codec:":"Photo-JPEG","Frame Rate:":"24 FPS","Aspect Ratio:":"16:9","Duration:":"00:07","vtype":".mov"}}