{"t1":"Homeless dog suited to the camera wagging tail","t2":"Homeless dog suited to the camera - Free HD Video Clips &amp; Stock Video Footage","tags":["pets","canine","outdoors","animal","mammals","cute","dog","nature","rustic","day","puppy","hungry","street","sadness","activity","dog walking","looking","summer","food","searching","walking","village","currency","town","environment","people","winter","morning","sleeping","portrait"],"info":{"@context":"http://schema.org","@type":"Article","name":"Download Homeless dog suited to the camera for free","description":"Download Homeless dog suited to the camera stock video footage. Choose from thousands of the best stock footage video clips to download.","url":"https://www.vecteezy.com/video/1273545-homeless-dog-suited-to-the-camera","datePublished":"2020-09-07T11:03:19-05:00","author":"pro2sound","headline":"Download Homeless dog suited to the camera stock video footage. Choose from thousands of the best stock foota…","image":"https://static.vecteezy.com/system/resources/thumbnails/001/273/545/small_2x/homeless-dog-suited-to-the-camera.jpg","publisher":{"@type":"Organization","name":"vecteezy","logo":{"@type":"ImageObject","url":"https://www.vecteezy.com//images/vecteezy-logo--orange.jpg"}},"mainEntityOfPage":"https://static.vecteezy.com/system/resources/thumbnails/001/273/545/small_2x/homeless-dog-suited-to-the-camera.jpg","dateModified":"2020-09-07T11:03:19-05:00"},"root_dl":"https://static.vecteezy.com/system/protected/files/001/273/545/vecteezy_homeless-dog-suited-to-the-camera-wagging-tail_1273545.mov","infoVideo":{"Resolution:":"HD 1920x1080","File Type:":"QuickTime","Codec:":"Photo-JPEG","Frame Rate:":"30 FPS","Aspect Ratio:":"16:9","Duration:":"00:06","vtype":".mov"}}