{"t1":"This high definition video was taken in Kerala, India.","t2":"Boat Fishermen in Kerala, India. - Free HD Video Clips &amp; Stock Video Footage","tags":["fisherman","outdoors","video","fishing","travel","fish","fishing net","water","nature","river","lake","pond","sea","people","industry","transportation","food","human body part","working","seafood","morning","business","tree","sky","old","casting","beach","summer","activity","cultures"],"info":{"@context":"http://schema.org","@type":"Article","name":"Download Boat Fishermen in Kerala, India. for free","description":"Download Boat Fishermen in Kerala, India. stock video footage. Choose from thousands of the best stock footage video clips to download.","url":"https://www.vecteezy.com/video/1273372-boat-fishermen-in-kerala-india","datePublished":"2020-09-07T10:41:16-05:00","author":"arviest","headline":"Download Boat Fishermen in Kerala, India. stock video footage. Choose from thousands of the best stock footag…","image":"https://static.vecteezy.com/system/resources/thumbnails/001/273/372/small_2x/boat-fishermen-in-kerala-india.jpg","publisher":{"@type":"Organization","name":"vecteezy","logo":{"@type":"ImageObject","url":"https://www.vecteezy.com//images/vecteezy-logo--orange.jpg"}},"mainEntityOfPage":"https://static.vecteezy.com/system/resources/thumbnails/001/273/372/small_2x/boat-fishermen-in-kerala-india.jpg","dateModified":"2020-09-07T10:41:16-05:00"},"root_dl":"https://static.vecteezy.com/system/protected/files/001/273/372/vecteezy_this-high-definition-video-was-taken-in-kerala-india_1273372.mov","infoVideo":{"Resolution:":"HD 1920x1080","File Type:":"QuickTime","Codec:":"Photo-JPEG","Frame Rate:":"30 FPS","Aspect Ratio:":"16:9","Duration:":"00:29","vtype":".mov"}}