{"t1":"Cocker Spaniel runing on a green meadow","t2":"Cocker Spaniel - Free HD Video Clips &amp; Stock Video Footage","tags":["pets","grass","outdoors","animal","summer","jogging","running","beauty","meadow","dog","nature","canine","lifestyle","cute","activity","sport","people","walking","puppy","mammals","autumn","fun","forest","sunlight","sun","tree","day","video","happiness","dog walking"],"info":{"@context":"http://schema.org","@type":"Article","name":"Download Cocker Spaniel for free","description":"Download Cocker Spaniel stock video footage. Choose from thousands of the best stock footage video clips to download.","url":"https://www.vecteezy.com/video/1273087-cocker-spaniel","datePublished":"2020-09-07T10:09:12-05:00","author":"iurii","headline":"Download Cocker Spaniel stock video footage. Choose from thousands of the best stock footage video clips to d…","image":"https://static.vecteezy.com/system/resources/thumbnails/001/273/087/small_2x/cocker-spaniel.jpg","publisher":{"@type":"Organization","name":"vecteezy","logo":{"@type":"ImageObject","url":"https://www.vecteezy.com//images/vecteezy-logo--orange.jpg"}},"mainEntityOfPage":"https://static.vecteezy.com/system/resources/thumbnails/001/273/087/small_2x/cocker-spaniel.jpg","dateModified":"2020-09-07T10:09:12-05:00"},"root_dl":"https://static.vecteezy.com/system/protected/files/001/273/087/vecteezy_cocker-spaniel-runing-on-a-green-meadow_1273087.mov","infoVideo":{"Resolution:":"HD 1920x1080","File Type:":"QuickTime","Codec:":"Photo-JPEG","Frame Rate:":"30 FPS","Aspect Ratio:":"16:9","Duration:":"00:06","vtype":".mov"}}