{"t1":"Fishes caught in the net with more behind","t2":"Catch of the day - Free HD Video Clips &amp; Stock Video Footage","tags":["animal","seafood","food and drink","fishing","food","cage","sea","fish","fishing net","outdoors","fisherman","pond","water","business","agriculture","farm","catfish","bucket","harvesting","river","working","manufacturing","lake","jumping","nature","swimming","sale","sunlight","day","human body part"],"info":{"@context":"http://schema.org","@type":"Article","name":"Download Catch of the day for free","description":"Download Catch of the day stock video footage. Choose from thousands of the best stock footage video clips to download.","url":"https://www.vecteezy.com/video/1273394-catch-of-the-day","datePublished":"2020-09-07T10:43:37-05:00","author":"andrewlam","headline":"Download Catch of the day stock video footage. Choose from thousands of the best stock footage video clips to…","image":"https://static.vecteezy.com/system/resources/thumbnails/001/273/394/small_2x/catch-of-the-day.jpg","publisher":{"@type":"Organization","name":"vecteezy","logo":{"@type":"ImageObject","url":"https://www.vecteezy.com//images/vecteezy-logo--orange.jpg"}},"mainEntityOfPage":"https://static.vecteezy.com/system/resources/thumbnails/001/273/394/small_2x/catch-of-the-day.jpg","dateModified":"2020-09-07T10:43:37-05:00"},"root_dl":"https://static.vecteezy.com/system/protected/files/001/273/394/vecteezy_fishes-caught-in-the-net-with-more-behind_1273394.mov","infoVideo":{"Resolution:":"HD 1920x1080","File Type:":"QuickTime","Codec:":"Photo-JPEG","Frame Rate:":"25 FPS","Aspect Ratio:":"16:9","Duration:":"00:11","vtype":".mov"}}