{"t1":"aquarium fish","t2":"cool fish - Free HD Video Clips &amp; Stock Video Footage","tags":["underwater","animal","backgrounds","sand","water","fish","swimming","nature","aquarium","sea","lifestyle","plant","seafood","video","pets","reef","transparent","weight scale","beauty","goldfish","outdoors","biology","river","bubble","shark","travel","fishing","wet","climate","environment"],"info":{"@context":"http://schema.org","@type":"Article","name":"Download cool fish for free","description":"Download cool fish stock video footage. Choose from thousands of the best stock footage video clips to download.","url":"https://www.vecteezy.com/video/1273711-cool-fish","datePublished":"2020-09-07T11:45:07-05:00","author":"palomink","headline":"Download cool fish stock video footage. Choose from thousands of the best stock footage video clips to downlo…","image":"https://static.vecteezy.com/system/resources/thumbnails/001/273/711/small_2x/cool-fish.jpg","publisher":{"@type":"Organization","name":"vecteezy","logo":{"@type":"ImageObject","url":"https://www.vecteezy.com//images/vecteezy-logo--orange.jpg"}},"mainEntityOfPage":"https://static.vecteezy.com/system/resources/thumbnails/001/273/711/small_2x/cool-fish.jpg","dateModified":"2020-09-07T11:45:07-05:00"},"root_dl":"https://static.vecteezy.com/system/protected/files/001/273/711/vecteezy_aquarium-fish_1273711.mov","infoVideo":{"Resolution:":"HD 1920x1080","File Type:":"QuickTime","Codec:":"Motion-JPEG B","Frame Rate:":"25 FPS","Aspect Ratio:":"16:9","Duration:":"00:20","vtype":".mov"}}