{"t1":"Fried Fish In Frying Pan. Shoot from above, closeup","t2":"Fried Fish - Free HD Video Clips &amp; Stock Video Footage","tags":["breakfast","kitchen","video","seafood","cooking oil","cooking","food and drink","bright","dinner","food","meal","kitchen utensils","lunch","fish","cooking pan","indoors"],"info":{"@context":"http://schema.org","@type":"Article","name":"Download Fried Fish for free","description":"Download Fried Fish stock video footage. Choose from thousands of the best stock footage video clips to download.","url":"https://www.vecteezy.com/video/1273903-fried-fish","datePublished":"2020-09-07T12:05:19-05:00","author":"saddamstock","headline":"Download Fried Fish stock video footage. Choose from thousands of the best stock footage video clips to downl…","image":"https://static.vecteezy.com/system/resources/thumbnails/001/273/903/small_2x/fried-fish.jpg","publisher":{"@type":"Organization","name":"vecteezy","logo":{"@type":"ImageObject","url":"https://www.vecteezy.com//images/vecteezy-logo--orange.jpg"}},"mainEntityOfPage":"https://static.vecteezy.com/system/resources/thumbnails/001/273/903/small_2x/fried-fish.jpg","dateModified":"2020-09-07T12:05:19-05:00"},"root_dl":"https://static.vecteezy.com/system/protected/files/001/273/903/vecteezy_fried-fish-in-frying-pan-shoot-from-above-closeup_1273903.mov","infoVideo":{"Resolution:":"HD 1920x1080","File Type:":"QuickTime","Codec:":"Photo-JPEG","Frame Rate:":"30 FPS","Aspect Ratio:":"16:9","Duration:":"00:19","vtype":".mov"}}