{"t1":"fishes in aquarium","t2":"fishes - Free HD Video Clips &amp; Stock Video Footage","tags":["outdoors","animal","aquarium","city","water","sea","fish","underwater","swimming","nature","seafood","plant","reef","cherry","crab","wet","pets","weight scale","video","fighting","lifestyle","pet shop","river","backgrounds","people","levitation","profile","beauty","cityscape","food"],"info":{"@context":"http://schema.org","@type":"Article","name":"Download fishes for free","description":"Download fishes stock video footage. Choose from thousands of the best stock footage video clips to download.","url":"https://www.vecteezy.com/video/1273143-fishes","datePublished":"2020-09-07T10:14:20-05:00","author":"long8614","headline":"Download fishes stock video footage. Choose from thousands of the best stock footage video clips to download.","image":"https://static.vecteezy.com/system/resources/thumbnails/001/273/143/small_2x/fishes.jpg","publisher":{"@type":"Organization","name":"vecteezy","logo":{"@type":"ImageObject","url":"https://www.vecteezy.com//images/vecteezy-logo--orange.jpg"}},"mainEntityOfPage":"https://static.vecteezy.com/system/resources/thumbnails/001/273/143/small_2x/fishes.jpg","dateModified":"2020-09-07T10:14:20-05:00"},"root_dl":"https://static.vecteezy.com/system/protected/files/001/273/143/vecteezy_fishes-in-aquarium_1273143.mov","infoVideo":{"Resolution:":"HD 1920x1080","File Type:":"QuickTime","Codec:":"Photo-JPEG","Frame Rate:":"30 FPS","Aspect Ratio:":"16:9","Duration:":"00:27","vtype":".mov"}}