{"t1":"Dog walking in the water along the shoreline.","t2":"Dog walking - Free HD Video Clips &amp; Stock Video Footage","tags":["pets","outdoors","animal","fun","sand","walking","activity","summer","beach","sea","dog walking","playing","beauty","dog","nature","day","cute","canine","street","mammals","people","lifestyle","sadness","hungry","puppy","sunlight","sun","happiness","joy","tree"],"info":{"@context":"http://schema.org","@type":"Article","name":"Download Dog walking for free","description":"Download Dog walking stock video footage. Choose from thousands of the best stock footage video clips to download.","url":"https://www.vecteezy.com/video/1273585-dog-walking","datePublished":"2020-09-07T11:07:22-05:00","author":"fototravel","headline":"Download Dog walking stock video footage. Choose from thousands of the best stock footage video clips to down…","image":"https://static.vecteezy.com/system/resources/thumbnails/001/273/585/small_2x/dog-walking.jpg","publisher":{"@type":"Organization","name":"vecteezy","logo":{"@type":"ImageObject","url":"https://www.vecteezy.com//images/vecteezy-logo--orange.jpg"}},"mainEntityOfPage":"https://static.vecteezy.com/system/resources/thumbnails/001/273/585/small_2x/dog-walking.jpg","dateModified":"2020-09-07T11:07:22-05:00"},"root_dl":"https://static.vecteezy.com/system/protected/files/001/273/585/vecteezy_dog-walking-in-the-water-along-the-shoreline_1273585.mov","infoVideo":{"Resolution:":"HD 1920x1080","File Type:":"QuickTime","Codec:":"Photo-JPEG","Frame Rate:":"25 FPS","Aspect Ratio:":"16:9","Duration:":"00:14","vtype":".mov"}}