{"t1":"This clip is of fish from a fishing boat being processed and put into containers to be taken to the local fish market. This clip would suit","t2":"Commercial Fishing Industry fisherman fish catch on boat at fishing docks - Free HD Video Clips &amp; Stock Video Footage","tags":["people","fisherman","outdoors","fishing","food","summer","water","sea","fish","container","old","nature","fishing net","day","trucking","industry"],"info":{"@context":"http://schema.org","@type":"Article","name":"Download Commercial Fishing Industry fisherman fish catch on boat at fishing docks for free","description":"Download Commercial Fishing Industry fisherman fish catch on boat at fishing docks stock video footage. Choose from thousands of the best stock footage video clips to download.","url":"https://www.vecteezy.com/video/1273108-commercial-fishing-industry-fisherman-fish-catch-on-boat-at-fishing-docks","datePublished":"2020-09-07T10:10:58-05:00","author":"rick jo","headline":"Download Commercial Fishing Industry fisherman fish catch on boat at fishing docks stock video footage. Choos…","image":"https://static.vecteezy.com/system/resources/thumbnails/001/273/108/small_2x/commercial-fishing-industry-fisherman-fish-catch-on-boat-at-fishing-docks.jpg","publisher":{"@type":"Organization","name":"vecteezy","logo":{"@type":"ImageObject","url":"https://www.vecteezy.com//images/vecteezy-logo--orange.jpg"}},"mainEntityOfPage":"https://static.vecteezy.com/system/resources/thumbnails/001/273/108/small_2x/commercial-fishing-industry-fisherman-fish-catch-on-boat-at-fishing-docks.jpg","dateModified":"2020-09-07T10:10:58-05:00"},"root_dl":"https://static.vecteezy.com/system/protected/files/001/273/108/vecteezy_this-clip-is-of-fish-from-a-fishing-boat-being-processed-and-put-into-containers-to-be-taken-to-the-local-fish-market-this-clip-would-suit_1273108.mov","infoVideo":{"Resolution:":"HD 1920x1080","File Type:":"QuickTime","Codec:":"Photo-JPEG","Frame Rate:":"25 FPS","Aspect Ratio:":"16:9","Duration:":"00:13","vtype":".mov"}}