{"t1":"creating a Frying fish","t2":"Frying fish - Free HD Video Clips &amp; Stock Video Footage","tags":["spice","home interior","seafood","cooking","food and drink","night","dinner","food","meal","olive oil","lunch","cultures","fish","indoors","meat","vegetable","kitchen","tomato","cooking oil","chef","cooking pan","steak","rosemary","herb","people","table","nature","lifestyle","outdoors","cheese"],"info":{"@context":"http://schema.org","@type":"Article","name":"Download Frying fish for free","description":"Download Frying fish stock video footage. Choose from thousands of the best stock footage video clips to download.","url":"https://www.vecteezy.com/video/1273899-frying-fish","datePublished":"2020-09-07T12:04:45-05:00","author":"julesbloemen","headline":"Download Frying fish stock video footage. Choose from thousands of the best stock footage video clips to down…","image":"https://static.vecteezy.com/system/resources/thumbnails/001/273/899/small_2x/frying-fish.jpg","publisher":{"@type":"Organization","name":"vecteezy","logo":{"@type":"ImageObject","url":"https://www.vecteezy.com//images/vecteezy-logo--orange.jpg"}},"mainEntityOfPage":"https://static.vecteezy.com/system/resources/thumbnails/001/273/899/small_2x/frying-fish.jpg","dateModified":"2020-09-07T12:04:45-05:00"},"root_dl":"https://static.vecteezy.com/system/protected/files/001/273/899/vecteezy_creating-a-frying-fish_1273899.mov","infoVideo":{"Resolution:":"HD 1920x1080","File Type:":"QuickTime","Codec:":"Photo-JPEG","Frame Rate:":"25 FPS","Aspect Ratio:":"16:9","Duration:":"00:16","vtype":".mov"}}