{"t1":"Two puppies playing on ground","t2":"Two puppy playing - Free HD Video Clips &amp; Stock Video Footage","tags":["pets","grass","outdoors","animal","video","puppy","playing","dog","mammals","cute","canine","nature","street","summer","day","hungry","looking","activity","sadness","walking","dog walking","fun","food","people","homosexual","tree","village","currency","searching","log"],"info":{"@context":"http://schema.org","@type":"Article","name":"Download Two puppy playing for free","description":"Download Two puppy playing stock video footage. Choose from thousands of the best stock footage video clips to download.","url":"https://www.vecteezy.com/video/1273030-two-puppy-playing","datePublished":"2020-09-07T10:04:56-05:00","author":"panyajampatong","headline":"Download Two puppy playing stock video footage. Choose from thousands of the best stock footage video clips t…","image":"https://static.vecteezy.com/system/resources/thumbnails/001/273/030/small_2x/two-puppy-playing.jpg","publisher":{"@type":"Organization","name":"vecteezy","logo":{"@type":"ImageObject","url":"https://www.vecteezy.com//images/vecteezy-logo--orange.jpg"}},"mainEntityOfPage":"https://static.vecteezy.com/system/resources/thumbnails/001/273/030/small_2x/two-puppy-playing.jpg","dateModified":"2020-09-07T10:04:56-05:00"},"root_dl":"https://static.vecteezy.com/system/protected/files/001/273/030/vecteezy_two-puppies-playing-on-ground_1273030.mov","infoVideo":{"Resolution:":"HD 1920x1080","File Type:":"QuickTime","Codec:":"Photo-JPEG","Frame Rate:":"30 FPS","Aspect Ratio:":"16:9","Duration:":"00:17","vtype":".mov"}}