{"t1":"Man and dog playing in the park. Slow motion","t2":"Playing dog - Free HD Video Clips &amp; Stock Video Footage","tags":["pets","grass","people","canine","outdoors","animal","fun","puppy","summer","ground","running","playing","meadow","dog","watching","nature","mammals","cute","looking","portrait","happiness","indoors","beauty","video","sleeping","activity","lifestyle","german shepherd","tired","animal family"],"info":{"@context":"http://schema.org","@type":"Article","name":"Download Playing dog for free","description":"Download Playing dog stock video footage. Choose from thousands of the best stock footage video clips to download.","url":"https://www.vecteezy.com/video/1273992-playing-dog","datePublished":"2020-09-07T12:15:41-05:00","author":"sergey02","headline":"Download Playing dog stock video footage. Choose from thousands of the best stock footage video clips to down…","image":"https://static.vecteezy.com/system/resources/thumbnails/001/273/992/small_2x/playing-dog.jpg","publisher":{"@type":"Organization","name":"vecteezy","logo":{"@type":"ImageObject","url":"https://www.vecteezy.com//images/vecteezy-logo--orange.jpg"}},"mainEntityOfPage":"https://static.vecteezy.com/system/resources/thumbnails/001/273/992/small_2x/playing-dog.jpg","dateModified":"2020-09-07T12:15:41-05:00"},"root_dl":"https://static.vecteezy.com/system/protected/files/001/273/992/vecteezy_man-and-dog-playing-in-the-park-slow-motion_1273992.mov","infoVideo":{"Resolution:":"HD 1920x1080","File Type:":"QuickTime","Codec:":"Photo-JPEG","Frame Rate:":"30 FPS","Aspect Ratio:":"16:9","Duration:":"00:07","vtype":".mov"}}