{"t1":"Grilling fish by the local sea gypsies.","t2":"Grilling fish - Free HD Video Clips &amp; Stock Video Footage","tags":["outdoors","cooking","food and drink","food","sea","meat","meal","dinner","steak","fish","seafood","flame","restaurant","chef","pork","lunch","coal","protein","fresh","hamburger","grill","cuisine","cut","barbecue","pepper","table","raw","butcher","bbq","red"],"info":{"@context":"http://schema.org","@type":"Article","name":"Download Grilling fish for free","description":"Download Grilling fish stock video footage. Choose from thousands of the best stock footage video clips to download.","url":"https://www.vecteezy.com/video/1273686-grilling-fish","datePublished":"2020-09-07T11:42:38-05:00","author":"phuketisland","headline":"Download Grilling fish stock video footage. Choose from thousands of the best stock footage video clips to do…","image":"https://static.vecteezy.com/system/resources/thumbnails/001/273/686/small_2x/grilling-fish.jpg","publisher":{"@type":"Organization","name":"vecteezy","logo":{"@type":"ImageObject","url":"https://www.vecteezy.com//images/vecteezy-logo--orange.jpg"}},"mainEntityOfPage":"https://static.vecteezy.com/system/resources/thumbnails/001/273/686/small_2x/grilling-fish.jpg","dateModified":"2020-09-07T11:42:38-05:00"},"root_dl":"https://static.vecteezy.com/system/protected/files/001/273/686/vecteezy_grilling-fish-by-the-local-sea-gypsies_1273686.mov","infoVideo":{"Resolution:":"HD 1920x1080","File Type:":"QuickTime","Codec:":"Photo-JPEG","Frame Rate:":"25 FPS","Aspect Ratio:":"16:9","Duration:":"00:28","vtype":".mov"}}