{"t1":"looking at a boy fishing seen from the back","t2":"boy fishing seen from the back - Free HD Video Clips &amp; Stock Video Footage","tags":["camping","people","fisherman","outdoors","lifestyle","sport","plant","lake","fishing","fishing rod","nature","water","summer","fish","river","activity","hobby","casting","spool","sunlight","sunny","sunset","beauty","pond","beautiful people","fun","autumn","environment","human body part","cultures"],"info":{"@context":"http://schema.org","@type":"Article","name":"Download boy fishing seen from the back for free","description":"Download boy fishing seen from the back stock video footage. Choose from thousands of the best stock footage video clips to download.","url":"https://www.vecteezy.com/video/1273399-boy-fishing-seen-from-the-back","datePublished":"2020-09-07T10:43:45-05:00","author":"kstokvis","headline":"Download boy fishing seen from the back stock video footage. Choose from thousands of the best stock footage …","image":"https://static.vecteezy.com/system/resources/thumbnails/001/273/399/small_2x/boy-fishing-seen-from-the-back.jpg","publisher":{"@type":"Organization","name":"vecteezy","logo":{"@type":"ImageObject","url":"https://www.vecteezy.com//images/vecteezy-logo--orange.jpg"}},"mainEntityOfPage":"https://static.vecteezy.com/system/resources/thumbnails/001/273/399/small_2x/boy-fishing-seen-from-the-back.jpg","dateModified":"2020-09-07T10:43:45-05:00"},"root_dl":"https://static.vecteezy.com/system/protected/files/001/273/399/vecteezy_looking-at-a-boy-fishing-seen-from-the-back_1273399.mov","infoVideo":{"Resolution:":"HD 1920x1080","File Type:":"QuickTime","Codec:":"Photo-JPEG","Frame Rate:":"25 FPS","Aspect Ratio:":"16:9","Duration:":"00:10","vtype":".mov"}}