{"t1":"Fried fish dish - fish fillet on green salad with chips and tomatoes on white plate - dolly shot","t2":"Fried fish - Free HD Video Clips &amp; Stock Video Footage","tags":["seafood","cooking","dinner","food","meal","lunch","fish","snack","nature","vegetable","meat","tomato","healthy lifestyle"],"info":{"@context":"http://schema.org","@type":"Article","name":"Download Fried fish for free","description":"Download Fried fish stock video footage. Choose from thousands of the best stock footage video clips to download.","url":"https://www.vecteezy.com/video/1273915-fried-fish","datePublished":"2020-09-07T12:07:01-05:00","author":"lagartofilm","headline":"Download Fried fish stock video footage. Choose from thousands of the best stock footage video clips to downl…","image":"https://static.vecteezy.com/system/resources/thumbnails/001/273/915/small_2x/fried-fish.jpg","publisher":{"@type":"Organization","name":"vecteezy","logo":{"@type":"ImageObject","url":"https://www.vecteezy.com//images/vecteezy-logo--orange.jpg"}},"mainEntityOfPage":"https://static.vecteezy.com/system/resources/thumbnails/001/273/915/small_2x/fried-fish.jpg","dateModified":"2020-09-07T12:07:01-05:00"},"root_dl":"https://static.vecteezy.com/system/protected/files/001/273/915/vecteezy_fried-fish-dish---fish-fillet-on-green-salad-with-chips-and-tomatoes-on-white-plate---dolly-shot_1273915.mov","infoVideo":{"Resolution:":"HD 1920x1080","File Type:":"QuickTime","Codec:":"Photo-JPEG","Frame Rate:":"25 FPS","Aspect Ratio:":"16:9","Duration:":"00:11","vtype":".mov"}}