{"t1":"Fishing on the Tom River in Western Siberia","t2":"On  fishing - Free HD Video Clips &amp; Stock Video Footage","tags":["fisherman","outdoors","sport","fishing","summer","water","hobby","forest","river","image","nature","lake","activity","fishing rod","fish","casting","sunset","pond","people","sky","sunlight","fun","beauty","cultures","sunny","spool","beautiful people","day","sea","morning"],"info":{"@context":"http://schema.org","@type":"Article","name":"Download On  fishing for free","description":"Download On fishing stock video footage. Choose from thousands of the best stock footage video clips to download.","url":"https://www.vecteezy.com/video/1273699-on-fishing","datePublished":"2020-09-07T11:44:10-05:00","author":"ohotnik","headline":"Download On fishing stock video footage. Choose from thousands of the best stock footage video clips to downl…","image":"https://static.vecteezy.com/system/resources/thumbnails/001/273/699/small_2x/on-fishing.jpg","publisher":{"@type":"Organization","name":"vecteezy","logo":{"@type":"ImageObject","url":"https://www.vecteezy.com//images/vecteezy-logo--orange.jpg"}},"mainEntityOfPage":"https://static.vecteezy.com/system/resources/thumbnails/001/273/699/small_2x/on-fishing.jpg","dateModified":"2020-09-07T11:44:10-05:00"},"root_dl":"https://static.vecteezy.com/system/protected/files/001/273/699/vecteezy_fishing-on-the-tom-river-in-western-siberia_1273699.mov","infoVideo":{"Resolution:":"HD 1920x1080","File Type:":"QuickTime","Codec:":"Photo-JPEG","Frame Rate:":"24 FPS","Aspect Ratio:":"16:9","Duration:":"00:13","vtype":".mov"}}