{"t1":"Bernese Mountain dog lying under the birch","t2":"Bernese Mountain dog - Free HD Video Clips &amp; Stock Video Footage","tags":["grass","canine","outdoors","animal","sunlight","leaf","lawn","summer","beauty","dog","nature","tree","pets","cute","mammals","activity","puppy","video","mountain","winter","snow","forest","sport","sleigh","ice","fun","day","frost","looking","street"],"info":{"@context":"http://schema.org","@type":"Article","name":"Download Bernese Mountain dog for free","description":"Download Bernese Mountain dog stock video footage. Choose from thousands of the best stock footage video clips to download.","url":"https://www.vecteezy.com/video/1273047-bernese-mountain-dog","datePublished":"2020-09-07T10:05:50-05:00","author":"antares71","headline":"Download Bernese Mountain dog stock video footage. Choose from thousands of the best stock footage video clip…","image":"https://static.vecteezy.com/system/resources/thumbnails/001/273/047/small_2x/bernese-mountain-dog.jpg","publisher":{"@type":"Organization","name":"vecteezy","logo":{"@type":"ImageObject","url":"https://www.vecteezy.com//images/vecteezy-logo--orange.jpg"}},"mainEntityOfPage":"https://static.vecteezy.com/system/resources/thumbnails/001/273/047/small_2x/bernese-mountain-dog.jpg","dateModified":"2020-09-07T10:05:50-05:00"},"root_dl":"https://static.vecteezy.com/system/protected/files/001/273/047/vecteezy_bernese-mountain-dog-lying-under-the-birch_1273047.mov","infoVideo":{"Resolution:":"HD 1920x1080","File Type:":"QuickTime","Codec:":"Photo-JPEG","Frame Rate:":"30 FPS","Aspect Ratio:":"16:9","Duration:":"00:22","vtype":".mov"}}