{"t1":"Women cutting little fishes&#39; head off on the ground using butcher knives","t2":"Women cutting little fishes&#39; head off on the ground - Free HD Video Clips &amp; Stock Video Footage","tags":["working","people","fisherman","outdoors","animal","cutting","human body part","seafood","cooking","fishing","food","part","fish","healthy lifestyle"],"info":{"@context":"http://schema.org","@type":"Article","name":"Download Women cutting little fishes&#39; head off on the ground for free","description":"Download Women cutting little fishes&#39; head off on the ground stock video footage. Choose from thousands of the best stock footage video clips to download.","url":"https://www.vecteezy.com/video/1274136-women-cutting-little-fishes-head-off-on-the-ground","datePublished":"2020-09-07T12:28:53-05:00","author":"worldpicture","headline":"Download Women cutting little fishes&#39; head off on the ground stock video footage. Choose from thousands of th…","image":"https://static.vecteezy.com/system/resources/thumbnails/001/274/136/small_2x/women-cutting-little-fishes-head-off-on-the-ground.jpg","publisher":{"@type":"Organization","name":"vecteezy","logo":{"@type":"ImageObject","url":"https://www.vecteezy.com//images/vecteezy-logo--orange.jpg"}},"mainEntityOfPage":"https://static.vecteezy.com/system/resources/thumbnails/001/274/136/small_2x/women-cutting-little-fishes-head-off-on-the-ground.jpg","dateModified":"2020-09-07T12:28:53-05:00"},"root_dl":"https://static.vecteezy.com/system/protected/files/001/274/136/vecteezy_women-cutting-little-fishes-head-off-on-the-ground-using-butcher-knives_1274136.mov","infoVideo":{"Resolution:":"HD 1920x1080","File Type:":"QuickTime","Codec:":"Photo-JPEG","Frame Rate:":"25 FPS","Aspect Ratio:":"16:9","Duration:":"00:17","vtype":".mov"}}