{"t1":"Caucasian mother &amp; daughter bathing the family pet bulldog in the garden","t2":"Mom &amp; Daughter Bathing Family Bulldog - Free HD Video Clips &amp; Stock Video Footage","tags":["pets","people","canine","outdoors","animal","lifestyle","fun","metal","family","mother","happiness","daughter","bulldog","dog","parent","cute","puppy","mammals","looking","indoors","nature","exhibition","video","grass","table","shampoo","beauty","wet","cleaning","clean"],"info":{"@context":"http://schema.org","@type":"Article","name":"Download Mom &amp; Daughter Bathing Family Bulldog for free","description":"Download Mom &amp; Daughter Bathing Family Bulldog stock video footage. Choose from thousands of the best stock footage video clips to download.","url":"https://www.vecteezy.com/video/1274535-mom-daughter-bathing-family-bulldog","datePublished":"2020-09-07T13:25:43-05:00","author":"spotmatik","headline":"Download Mom &amp; Daughter Bathing Family Bulldog stock video footage. Choose from thousands of the best stock f…","image":"https://static.vecteezy.com/system/resources/thumbnails/001/274/535/small_2x/mom-daughter-bathing-family-bulldog.jpg","publisher":{"@type":"Organization","name":"vecteezy","logo":{"@type":"ImageObject","url":"https://www.vecteezy.com//images/vecteezy-logo--orange.jpg"}},"mainEntityOfPage":"https://static.vecteezy.com/system/resources/thumbnails/001/274/535/small_2x/mom-daughter-bathing-family-bulldog.jpg","dateModified":"2020-09-07T13:25:43-05:00"},"root_dl":"https://static.vecteezy.com/system/protected/files/001/274/535/vecteezy_caucasian-mother---daughter-bathing-the-family-pet-bulldog-in-the-garden_1274535.mov","infoVideo":{"Resolution:":"HD 1920x1080","File Type:":"QuickTime","Codec:":"Photo-JPEG","Frame Rate:":"25 FPS","Aspect Ratio:":"16:9","Duration:":"00:18","vtype":".mov"}}