{"t1":"Close up to a beautiful dalmatian dog, face of a pure breed dalmatian female dog.","t2":"Close up of dalmatian dog - Free HD Video Clips &amp; Stock Video Footage","tags":["pets","moving up","looking","canine","animal","mammals","cute","beauty","dog","close","portrait","puppy","nature","outdoors","indoors","video","grass","fun","home interior","happiness","meal","food","playing","people","snack","summer","terrier","german shepherd","mascot","dachshund"],"info":{"@context":"http://schema.org","@type":"Article","name":"Download Close up of dalmatian dog for free","description":"Download Close up of dalmatian dog stock video footage. Choose from thousands of the best stock footage video clips to download.","url":"https://www.vecteezy.com/video/1274047-close-up-of-dalmatian-dog","datePublished":"2020-09-07T12:20:34-05:00","author":"yelena-rodriguez-mena","headline":"Download Close up of dalmatian dog stock video footage. Choose from thousands of the best stock footage video…","image":"https://static.vecteezy.com/system/resources/thumbnails/001/274/047/small_2x/close-up-of-dalmatian-dog.jpg","publisher":{"@type":"Organization","name":"vecteezy","logo":{"@type":"ImageObject","url":"https://www.vecteezy.com//images/vecteezy-logo--orange.jpg"}},"mainEntityOfPage":"https://static.vecteezy.com/system/resources/thumbnails/001/274/047/small_2x/close-up-of-dalmatian-dog.jpg","dateModified":"2020-09-07T12:20:34-05:00"},"root_dl":"https://static.vecteezy.com/system/protected/files/001/274/047/vecteezy_close-up-to-a-beautiful-dalmatian-dog-face-of-a-pure-breed-dalmatian-female-dog_1274047.mov","infoVideo":{"Resolution:":"HD 1920x1080","File Type:":"QuickTime","Codec:":"Photo-JPEG","Frame Rate:":"30 FPS","Aspect Ratio:":"16:9","Duration:":"00:27","vtype":".mov"}}