{"t1":"Cute Little Puppies Breastfeed, Dogs Suckling its Mother, Newborn Doggies Feeding","t2":"Cute Puppies Breastfeed, Dogs Suckling its Mother - Free HD Video Clips &amp; Stock Video Footage","tags":["pets","canine","animal","puppy","mammals","cute","breastfeeding","dog","nature","drink","hungry","animal family","outdoors","food","activity","portrait","day","grass","summer","sleeping","street","looking","sadness","home interior","dog walking","fun","farm","breast","pig","agriculture"],"info":{"@context":"http://schema.org","@type":"Article","name":"Download Cute Puppies Breastfeed, Dogs Suckling its Mother for free","description":"Download Cute Puppies Breastfeed, Dogs Suckling its Mother stock video footage. Choose from thousands of the best stock footage video clips to download.","url":"https://www.vecteezy.com/video/1274420-cute-puppies-breastfeed-dogs-suckling-its-mother","datePublished":"2020-09-07T13:12:46-05:00","author":"stevanovicigor","headline":"Download Cute Puppies Breastfeed, Dogs Suckling its Mother stock video footage. Choose from thousands of the …","image":"https://static.vecteezy.com/system/resources/thumbnails/001/274/420/small_2x/cute-puppies-breastfeed-dogs-suckling-its-mother.jpg","publisher":{"@type":"Organization","name":"vecteezy","logo":{"@type":"ImageObject","url":"https://www.vecteezy.com//images/vecteezy-logo--orange.jpg"}},"mainEntityOfPage":"https://static.vecteezy.com/system/resources/thumbnails/001/274/420/small_2x/cute-puppies-breastfeed-dogs-suckling-its-mother.jpg","dateModified":"2020-09-07T13:12:46-05:00"},"root_dl":"https://static.vecteezy.com/system/protected/files/001/274/420/vecteezy_cute-little-puppies-breastfeed-dogs-suckling-its-mother-newborn-doggies-feeding_1274420.mov","infoVideo":{"Resolution:":"HD 1920x1080","File Type:":"QuickTime","Codec:":"Photo-JPEG","Frame Rate:":"25 FPS","Aspect Ratio:":"16:9","Duration:":"00:16","vtype":".mov"}}