{"t1":"Fishing industry. Processing of salmon.","t2":"Fishing industry. - Free HD Video Clips &amp; Stock Video Footage","tags":["plant","seafood","food and drink","agriculture","food","factory","conveyor belt","fish","manufacturing","industry","farm","cultures","bunch","organic","drink","winery","environment","human body part","dairy products","winemaking","yeast","berries","spice","soda","biology","basement","cheese","basket","whey","milk"],"info":{"@context":"http://schema.org","@type":"Article","name":"Download Fishing industry. for free","description":"Download Fishing industry. stock video footage. Choose from thousands of the best stock footage video clips to download.","url":"https://www.vecteezy.com/video/1274144-fishing-industry","datePublished":"2020-09-07T12:29:15-05:00","author":"dpshp","headline":"Download Fishing industry. stock video footage. Choose from thousands of the best stock footage video clips t…","image":"https://static.vecteezy.com/system/resources/thumbnails/001/274/144/small_2x/fishing-industry.jpg","publisher":{"@type":"Organization","name":"vecteezy","logo":{"@type":"ImageObject","url":"https://www.vecteezy.com//images/vecteezy-logo--orange.jpg"}},"mainEntityOfPage":"https://static.vecteezy.com/system/resources/thumbnails/001/274/144/small_2x/fishing-industry.jpg","dateModified":"2020-09-07T12:29:15-05:00"},"root_dl":"https://static.vecteezy.com/system/protected/files/001/274/144/vecteezy_fishing-industry-processing-of-salmon_1274144.mov","infoVideo":{"Resolution:":"HD 1920x1080","File Type:":"QuickTime","Codec:":"Motion-JPEG A","Frame Rate:":"30 FPS","Aspect Ratio:":"16:9","Duration:":"00:08","vtype":".mov"}}