{"t1":"Fishing tackles on background of the old book","t2":"Fishing tackles - Free HD Video Clips &amp; Stock Video Footage","tags":["lifestyle","backgrounds","book","fishing","outdoors","sport","lake","water","fish","hobby","river","fishing rod","fisherman","summer","nature","people","activity","day","sea","morning","sky","animal","casting","pond","fun","winter","sunset","cultures","water surface","spool"],"info":{"@context":"http://schema.org","@type":"Article","name":"Download Fishing tackles for free","description":"Download Fishing tackles stock video footage. Choose from thousands of the best stock footage video clips to download.","url":"https://www.vecteezy.com/video/1274901-fishing-tackles","datePublished":"2020-09-07T14:10:12-05:00","author":"illych","headline":"Download Fishing tackles stock video footage. Choose from thousands of the best stock footage video clips to …","image":"https://static.vecteezy.com/system/resources/thumbnails/001/274/901/small_2x/fishing-tackles.jpg","publisher":{"@type":"Organization","name":"vecteezy","logo":{"@type":"ImageObject","url":"https://www.vecteezy.com//images/vecteezy-logo--orange.jpg"}},"mainEntityOfPage":"https://static.vecteezy.com/system/resources/thumbnails/001/274/901/small_2x/fishing-tackles.jpg","dateModified":"2020-09-07T14:10:12-05:00"},"root_dl":"https://static.vecteezy.com/system/protected/files/001/274/901/vecteezy_fishing-tackles-on-background-of-the-old-book_1274901.mov","infoVideo":{"Resolution:":"HD 1920x1080","File Type:":"QuickTime","Codec:":"Motion-JPEG B","Frame Rate:":"25 FPS","Aspect Ratio:":"16:9","Duration:":"00:09","vtype":".mov"}}