{"t1":"prepare the raw fish before cooking to Animal feed","t2":"Cutting Fish - Free HD Video Clips &amp; Stock Video Footage","tags":["people","kitchen knife","animal","cutting","video","human body part","seafood","cooking","food and drink","activity","food","part","fish","nature","meal","chef","table","organic","restaurant","dinner","kitchen","spice","outdoors","sushi","vegetable","bowl","meat","lunch","backgrounds","working"],"info":{"@context":"http://schema.org","@type":"Article","name":"Download Cutting Fish for free","description":"Download Cutting Fish stock video footage. Choose from thousands of the best stock footage video clips to download.","url":"https://www.vecteezy.com/video/1274269-cutting-fish","datePublished":"2020-09-07T12:43:25-05:00","author":"kung mangkorn","headline":"Download Cutting Fish stock video footage. Choose from thousands of the best stock footage video clips to dow…","image":"https://static.vecteezy.com/system/resources/thumbnails/001/274/269/small_2x/cutting-fish.jpg","publisher":{"@type":"Organization","name":"vecteezy","logo":{"@type":"ImageObject","url":"https://www.vecteezy.com//images/vecteezy-logo--orange.jpg"}},"mainEntityOfPage":"https://static.vecteezy.com/system/resources/thumbnails/001/274/269/small_2x/cutting-fish.jpg","dateModified":"2020-09-07T12:43:25-05:00"},"root_dl":"https://static.vecteezy.com/system/protected/files/001/274/269/vecteezy_prepare-the-raw-fish-before-cooking-to-animal-feed_1274269.mov","infoVideo":{"Resolution:":"HD 1920x1080","File Type:":"QuickTime","Codec:":"Photo-JPEG","Frame Rate:":"25 FPS","Aspect Ratio:":"16:9","Duration:":"00:16","vtype":".mov"}}