{"t1":"Young cute yorkie on white background, looking up into the camera.","t2":"Yorkshire Terrier on White - Free HD Video Clips &amp; Stock Video Footage","tags":["pets","looking","canine","animal","puppy","terrier","mammals","cute","beauty","dog","portrait","outdoors","nature","people","fun","indoors","exhibition","walking","lifestyle","grass","activity","autumn","beautiful people","table","summer","meadow","human body part","mascot","happiness","playing"],"info":{"@context":"http://schema.org","@type":"Article","name":"Download Yorkshire Terrier on White for free","description":"Download Yorkshire Terrier on White stock video footage. Choose from thousands of the best stock footage video clips to download.","url":"https://www.vecteezy.com/video/1274587-yorkshire-terrier-on-white","datePublished":"2020-09-07T13:31:28-05:00","author":"vintervarg","headline":"Download Yorkshire Terrier on White stock video footage. Choose from thousands of the best stock footage vide…","image":"https://static.vecteezy.com/system/resources/thumbnails/001/274/587/small_2x/yorkshire-terrier-on-white.jpg","publisher":{"@type":"Organization","name":"vecteezy","logo":{"@type":"ImageObject","url":"https://www.vecteezy.com//images/vecteezy-logo--orange.jpg"}},"mainEntityOfPage":"https://static.vecteezy.com/system/resources/thumbnails/001/274/587/small_2x/yorkshire-terrier-on-white.jpg","dateModified":"2020-09-07T13:31:28-05:00"},"root_dl":"https://static.vecteezy.com/system/protected/files/001/274/587/vecteezy_young-cute-yorkie-on-white-background-looking-up-into-the-camera_1274587.mov","infoVideo":{"Resolution:":"HD 1920x1080","File Type:":"QuickTime","Codec:":"Photo-JPEG","Frame Rate:":"30 FPS","Aspect Ratio:":"16:9","Duration:":"00:15","vtype":".mov"}}