{"t1":"Two fish (pufferfish) touch her jaws like kissing.","t2":"Kissing fish - Free HD Video Clips &amp; Stock Video Footage","tags":["underwater","animal","transparent","water","sea","fish","beauty","nature","reef","red sea","island","sport","fishing","swimming","backgrounds","pond","shark","bubble","aquarium","lake","clean","fog","hunter","gun","extreme sports","sunlight","hobby","violence","day","sun"],"info":{"@context":"http://schema.org","@type":"Article","name":"Download Kissing fish for free","description":"Download Kissing fish stock video footage. Choose from thousands of the best stock footage video clips to download.","url":"https://www.vecteezy.com/video/1274207-kissing-fish","datePublished":"2020-09-07T12:35:28-05:00","author":"deepblueproductions","headline":"Download Kissing fish stock video footage. Choose from thousands of the best stock footage video clips to dow…","image":"https://static.vecteezy.com/system/resources/thumbnails/001/274/207/small_2x/kissing-fish.jpg","publisher":{"@type":"Organization","name":"vecteezy","logo":{"@type":"ImageObject","url":"https://www.vecteezy.com//images/vecteezy-logo--orange.jpg"}},"mainEntityOfPage":"https://static.vecteezy.com/system/resources/thumbnails/001/274/207/small_2x/kissing-fish.jpg","dateModified":"2020-09-07T12:35:28-05:00"},"root_dl":"https://static.vecteezy.com/system/protected/files/001/274/207/vecteezy_two-fish-(pufferfish)-touch-her-jaws-like-kissing_1274207.mov","infoVideo":{"Resolution:":"HD 1920x1080","File Type:":"QuickTime","Codec:":"Motion-JPEG B","Frame Rate:":"25 FPS","Aspect Ratio:":"16:9","Duration:":"00:19","vtype":".mov"}}