{"t1":"Fresh fish out of water at a market close up","t2":"Fresh fish - Free HD Video Clips &amp; Stock Video Footage","tags":["outdoors","animal","lifestyle","seafood","lake","cooking","food and drink","food","fear","water","sea","fish","river","selling","teasing","restaurant","sale","menu","industry"],"info":{"@context":"http://schema.org","@type":"Article","name":"Download Fresh fish for free","description":"Download Fresh fish stock video footage. Choose from thousands of the best stock footage video clips to download.","url":"https://www.vecteezy.com/video/1274262-fresh-fish","datePublished":"2020-09-07T12:42:28-05:00","author":"peefay","headline":"Download Fresh fish stock video footage. Choose from thousands of the best stock footage video clips to downl…","image":"https://static.vecteezy.com/system/resources/thumbnails/001/274/262/small_2x/fresh-fish.jpg","publisher":{"@type":"Organization","name":"vecteezy","logo":{"@type":"ImageObject","url":"https://www.vecteezy.com//images/vecteezy-logo--orange.jpg"}},"mainEntityOfPage":"https://static.vecteezy.com/system/resources/thumbnails/001/274/262/small_2x/fresh-fish.jpg","dateModified":"2020-09-07T12:42:28-05:00"},"root_dl":"https://static.vecteezy.com/system/protected/files/001/274/262/vecteezy_fresh-fish-out-of-water-at-a-market-close-up_1274262.mov","infoVideo":{"Resolution:":"HD 1920x1080","File Type:":"QuickTime","Codec:":"Photo-JPEG","Frame Rate:":"30 FPS","Aspect Ratio:":"16:9","Duration:":"00:28","vtype":".mov"}}