{"t1":"Tropical underwater world, Similan Islands, Thailand","t2":"Tropical fishes - Free HD Video Clips &amp; Stock Video Footage","tags":["underwater","animal","water","sea","fish","island","nature","reef","swimming","aquarium","backgrounds","travel","lifestyle","beauty","environment","beach","bright","day","sand","seafood","jellyfish","pets","fishing","sardine","seascape","people","sunlight","biology","pineapple","science"],"info":{"@context":"http://schema.org","@type":"Article","name":"Download Tropical fishes for free","description":"Download Tropical fishes stock video footage. Choose from thousands of the best stock footage video clips to download.","url":"https://www.vecteezy.com/video/1274159-tropical-fishes","datePublished":"2020-09-07T12:30:44-05:00","author":"ivz","headline":"Download Tropical fishes stock video footage. Choose from thousands of the best stock footage video clips to …","image":"https://static.vecteezy.com/system/resources/thumbnails/001/274/159/small_2x/tropical-fishes.jpg","publisher":{"@type":"Organization","name":"vecteezy","logo":{"@type":"ImageObject","url":"https://www.vecteezy.com//images/vecteezy-logo--orange.jpg"}},"mainEntityOfPage":"https://static.vecteezy.com/system/resources/thumbnails/001/274/159/small_2x/tropical-fishes.jpg","dateModified":"2020-09-07T12:30:44-05:00"},"root_dl":"https://static.vecteezy.com/system/protected/files/001/274/159/vecteezy_tropical-underwater-world-similan-islands-thailand_1274159.mov","infoVideo":{"Resolution:":"HD 1920x1080","File Type:":"QuickTime","Codec:":"Photo-JPEG","Frame Rate:":"30 FPS","Aspect Ratio:":"16:9","Duration:":"00:24","vtype":".mov"}}