{"t1":"jelly fish swimming in the mediterranean","t2":"Jelly fish - Free HD Video Clips &amp; Stock Video Footage","tags":["underwater","sea","symbol","environment","beauty","swimming","nature","jellyfish","animal","water","fish","red sea","reef","aquarium","beach","backgrounds","island","bright","travel","transparent","water surface","translucent","seafood","lifestyle","biology","liquid","people","wildlife","marine","shiny"],"info":{"@context":"http://schema.org","@type":"Article","name":"Download Jelly fish for free","description":"Download Jelly fish stock video footage. Choose from thousands of the best stock footage video clips to download.","url":"https://www.vecteezy.com/video/1274908-jelly-fish","datePublished":"2020-09-07T14:11:29-05:00","author":"sango-films","headline":"Download Jelly fish stock video footage. Choose from thousands of the best stock footage video clips to downl…","image":"https://static.vecteezy.com/system/resources/thumbnails/001/274/908/small_2x/jelly-fish.jpg","publisher":{"@type":"Organization","name":"vecteezy","logo":{"@type":"ImageObject","url":"https://www.vecteezy.com//images/vecteezy-logo--orange.jpg"}},"mainEntityOfPage":"https://static.vecteezy.com/system/resources/thumbnails/001/274/908/small_2x/jelly-fish.jpg","dateModified":"2020-09-07T14:11:29-05:00"},"root_dl":"https://static.vecteezy.com/system/protected/files/001/274/908/vecteezy_jelly-fish-swimming-in-the-mediterranean_1274908.mov","infoVideo":{"Resolution:":"4K 3840x2160","File Type:":"QuickTime","Codec:":"ProRes 422 (HQ)","Frame Rate:":"24 FPS","Aspect Ratio:":"16:9","Duration:":"00:13","vtype":".mov"}}