{"t1":"a line of fresh fish entering the freezer in a factory","t2":"Fresh fish - Free HD Video Clips &amp; Stock Video Footage","tags":["seafood","food and drink","food","factory","conveyor belt","fish","industry","agriculture","farm","plant","manufacturing","outdoors","drink","cultures","cheese","dairy products","milk","basement","basket","whey","business","activity","technology","farmer","wheat","water","warehouse","organic","modern","making"],"info":{"@context":"http://schema.org","@type":"Article","name":"Download Fresh fish for free","description":"Download Fresh fish stock video footage. Choose from thousands of the best stock footage video clips to download.","url":"https://www.vecteezy.com/video/1274244-fresh-fish","datePublished":"2020-09-07T12:39:52-05:00","author":"vivavideo","headline":"Download Fresh fish stock video footage. Choose from thousands of the best stock footage video clips to downl…","image":"https://static.vecteezy.com/system/resources/thumbnails/001/274/244/small_2x/fresh-fish.jpg","publisher":{"@type":"Organization","name":"vecteezy","logo":{"@type":"ImageObject","url":"https://www.vecteezy.com//images/vecteezy-logo--orange.jpg"}},"mainEntityOfPage":"https://static.vecteezy.com/system/resources/thumbnails/001/274/244/small_2x/fresh-fish.jpg","dateModified":"2020-09-07T12:39:52-05:00"},"root_dl":"https://static.vecteezy.com/system/protected/files/001/274/244/vecteezy_a-line-of-fresh-fish-entering-the-freezer-in-a-factory_1274244.mov","infoVideo":{"Resolution:":"HD 1920x1080","File Type:":"QuickTime","Codec:":"Photo-JPEG","Frame Rate:":"25 FPS","Aspect Ratio:":"16:9","Duration:":"00:15","vtype":".mov"}}