{"t1":"Vet Examining Pug Dog at Animal Clinic","t2":"Vet Examining Pug Dog at Animal Clinic - Free HD Video Clips &amp; Stock Video Footage","tags":["pets","people","canine","animal","pug","patient","doctor","video","insurance","hospital","table","medicine","nurse","indoors","dog"],"info":{"@context":"http://schema.org","@type":"Article","name":"Download Vet Examining Pug Dog at Animal Clinic for free","description":"Download Vet Examining Pug Dog at Animal Clinic stock video footage. Choose from thousands of the best stock footage video clips to download.","url":"https://www.vecteezy.com/video/1274407-vet-examining-pug-dog-at-animal-clinic","datePublished":"2020-09-07T13:11:39-05:00","author":"saddamstock","headline":"Download Vet Examining Pug Dog at Animal Clinic stock video footage. Choose from thousands of the best stock …","image":"https://static.vecteezy.com/system/resources/thumbnails/001/274/407/small_2x/vet-examining-pug-dog-at-animal-clinic.jpg","publisher":{"@type":"Organization","name":"vecteezy","logo":{"@type":"ImageObject","url":"https://www.vecteezy.com//images/vecteezy-logo--orange.jpg"}},"mainEntityOfPage":"https://static.vecteezy.com/system/resources/thumbnails/001/274/407/small_2x/vet-examining-pug-dog-at-animal-clinic.jpg","dateModified":"2020-09-07T13:11:39-05:00"},"root_dl":"https://static.vecteezy.com/system/protected/files/001/274/407/vecteezy_vet-examining-pug-dog-at-animal-clinic_1274407.mov","infoVideo":{"Resolution:":"HD 1920x1080","File Type:":"QuickTime","Codec:":"Photo-JPEG","Frame Rate:":"24 FPS","Aspect Ratio:":"16:9","Duration:":"00:14","vtype":".mov"}}