{"t1":"White little dog sleeping on the bed","t2":"White little dog sleeping - Free HD Video Clips &amp; Stock Video Footage","tags":["pets","canine","animal","puppy","sleeping","mammals","dog","tired"],"info":{"@context":"http://schema.org","@type":"Article","name":"Download White little dog sleeping for free","description":"Download White little dog sleeping stock video footage. Choose from thousands of the best stock footage video clips to download.","url":"https://www.vecteezy.com/video/1274056-white-little-dog-sleeping","datePublished":"2020-09-07T12:21:08-05:00","author":"ddcoral","headline":"Download White little dog sleeping stock video footage. Choose from thousands of the best stock footage video…","image":"https://static.vecteezy.com/system/resources/thumbnails/001/274/056/small_2x/white-little-dog-sleeping.jpg","publisher":{"@type":"Organization","name":"vecteezy","logo":{"@type":"ImageObject","url":"https://www.vecteezy.com//images/vecteezy-logo--orange.jpg"}},"mainEntityOfPage":"https://static.vecteezy.com/system/resources/thumbnails/001/274/056/small_2x/white-little-dog-sleeping.jpg","dateModified":"2020-09-07T12:21:08-05:00"},"root_dl":"https://static.vecteezy.com/system/protected/files/001/274/056/vecteezy_white-little-dog-sleeping-on-the-bed_1274056.mov","infoVideo":{"Resolution:":"HD 1920x1080","File Type:":"QuickTime","Codec:":"Photo-JPEG","Frame Rate:":"30 FPS","Aspect Ratio:":"16:9","Duration:":"00:25","vtype":".mov"}}