{"t1":"koi fish in pond","t2":"koi fish - Free HD Video Clips &amp; Stock Video Footage","tags":["pets","outdoors","animal","pond","goldfish","water","fish","swimming","nature","food","agriculture","farm","seafood","lake","business","fisherman","harvesting","river","fishing","underwater","catfish","working","bucket","manufacturing","gold","beauty","jumping","backgrounds","color","transparent"],"info":{"@context":"http://schema.org","@type":"Article","name":"Download koi fish for free","description":"Download koi fish stock video footage. Choose from thousands of the best stock footage video clips to download.","url":"https://www.vecteezy.com/video/1274829-koi-fish","datePublished":"2020-09-07T13:56:01-05:00","author":"seaskylab","headline":"Download koi fish stock video footage. Choose from thousands of the best stock footage video clips to downloa…","image":"https://static.vecteezy.com/system/resources/thumbnails/001/274/829/small_2x/koi-fish.jpg","publisher":{"@type":"Organization","name":"vecteezy","logo":{"@type":"ImageObject","url":"https://www.vecteezy.com//images/vecteezy-logo--orange.jpg"}},"mainEntityOfPage":"https://static.vecteezy.com/system/resources/thumbnails/001/274/829/small_2x/koi-fish.jpg","dateModified":"2020-09-07T13:56:01-05:00"},"root_dl":"https://static.vecteezy.com/system/protected/files/001/274/829/vecteezy_koi-fish-in-pond_1274829.mov","infoVideo":{"Resolution:":"HD 1920x1080","File Type:":"QuickTime","Codec:":"Photo-JPEG","Frame Rate:":"30 FPS","Aspect Ratio:":"16:9","Duration:":"00:25","vtype":".mov"}}