{"t1":"Many fishermen on an ice river","t2":"Ice Fishing - Free HD Video Clips &amp; Stock Video Footage","tags":["people","snow","fisherman","hole","outdoors","lake","activity","snowing","food","hobby","winter","frozen","fishing rod","river","nature","day","ice","fishing","sport","water","fish","summer","casting","sunset","sunlight","spool","sunny","beauty","fun","pond"],"info":{"@context":"http://schema.org","@type":"Article","name":"Download Ice Fishing for free","description":"Download Ice Fishing stock video footage. Choose from thousands of the best stock footage video clips to download.","url":"https://www.vecteezy.com/video/1274354-ice-fishing","datePublished":"2020-09-07T13:01:02-05:00","author":"twistah","headline":"Download Ice Fishing stock video footage. Choose from thousands of the best stock footage video clips to down…","image":"https://static.vecteezy.com/system/resources/thumbnails/001/274/354/small_2x/ice-fishing.jpg","publisher":{"@type":"Organization","name":"vecteezy","logo":{"@type":"ImageObject","url":"https://www.vecteezy.com//images/vecteezy-logo--orange.jpg"}},"mainEntityOfPage":"https://static.vecteezy.com/system/resources/thumbnails/001/274/354/small_2x/ice-fishing.jpg","dateModified":"2020-09-07T13:01:02-05:00"},"root_dl":"https://static.vecteezy.com/system/protected/files/001/274/354/vecteezy_many-fishermen-on-an-ice-river_1274354.mov","infoVideo":{"Resolution:":"HD 1920x1080","File Type:":"QuickTime","Codec:":"Photo-JPEG","Frame Rate:":"25 FPS","Aspect Ratio:":"16:9","Duration:":"00:29","vtype":".mov"}}