{"t1":"disable dog in a wheelchair eating grass","t2":"disable dog in a wheelchair eating grass - Free HD Video Clips &amp; Stock Video Footage","tags":["pets","mobile phone","canine","animal","mammals","dog","wheelchair","cute","puppy","outdoors","nature","portrait","looking","indoors","beauty","grass","fun","summer","home interior","activity","video","playing","tree","sleeping","meal","food","german shepherd","day","running","gold"],"info":{"@context":"http://schema.org","@type":"Article","name":"Download disable dog in a wheelchair eating grass for free","description":"Download disable dog in a wheelchair eating grass stock video footage. Choose from thousands of the best stock footage video clips to download.","url":"https://www.vecteezy.com/video/1274445-disable-dog-in-a-wheelchair-eating-grass","datePublished":"2020-09-07T13:15:42-05:00","author":"mindklongdan","headline":"Download disable dog in a wheelchair eating grass stock video footage. Choose from thousands of the best stoc…","image":"https://static.vecteezy.com/system/resources/thumbnails/001/274/445/small_2x/disable-dog-in-a-wheelchair-eating-grass.jpg","publisher":{"@type":"Organization","name":"vecteezy","logo":{"@type":"ImageObject","url":"https://www.vecteezy.com//images/vecteezy-logo--orange.jpg"}},"mainEntityOfPage":"https://static.vecteezy.com/system/resources/thumbnails/001/274/445/small_2x/disable-dog-in-a-wheelchair-eating-grass.jpg","dateModified":"2020-09-07T13:15:42-05:00"},"root_dl":"https://static.vecteezy.com/system/protected/files/001/274/445/vecteezy_disable-dog-in-a-wheelchair-eating-grass_1274445.mov","infoVideo":{"Resolution:":"HD 1920x1080","File Type:":"QuickTime","Codec:":"Photo-JPEG","Frame Rate:":"30 FPS","Aspect Ratio:":"16:9","Duration:":"00:16","vtype":".mov"}}