{"t1":"A girl and her dog (Labrador retriever) walking in a park in autumn. Canon 5D MK III","t2":"Girl and her dog playing in a park - Free HD Video Clips &amp; Stock Video Footage","tags":["pets","grass","people","canine","outdoors","animal","fun","video","human body part","puppy","leaf","walking","mammals","autumn","happiness","environment","running","playing","dog","nature","tree","joy"],"info":{"@context":"http://schema.org","@type":"Article","name":"Download Girl and her dog playing in a park for free","description":"Download Girl and her dog playing in a park stock video footage. Choose from thousands of the best stock footage video clips to download.","url":"https://www.vecteezy.com/video/1274081-girl-and-her-dog-playing-in-a-park","datePublished":"2020-09-07T12:23:23-05:00","author":"nosystem-images","headline":"Download Girl and her dog playing in a park stock video footage. Choose from thousands of the best stock foot…","image":"https://static.vecteezy.com/system/resources/thumbnails/001/274/081/small_2x/girl-and-her-dog-playing-in-a-park.jpg","publisher":{"@type":"Organization","name":"vecteezy","logo":{"@type":"ImageObject","url":"https://www.vecteezy.com//images/vecteezy-logo--orange.jpg"}},"mainEntityOfPage":"https://static.vecteezy.com/system/resources/thumbnails/001/274/081/small_2x/girl-and-her-dog-playing-in-a-park.jpg","dateModified":"2020-09-07T12:23:23-05:00"},"root_dl":"https://static.vecteezy.com/system/protected/files/001/274/081/vecteezy_a-girl-and-her-dog-(labrador-retriever)-walking-in-a-park-in-autumn-canon-5d-mk-iii_1274081.mov","infoVideo":{"Resolution:":"HD 1920x1080","File Type:":"QuickTime","Codec:":"Photo-JPEG","Frame Rate:":"24 FPS","Aspect Ratio:":"16:9","Duration:":"00:11","vtype":".mov"}}