{"t1":"Underwater shot of tropical fishes","t2":"Tropical fish - Free HD Video Clips &amp; Stock Video Footage","tags":["underwater","transparent","nature","sea","water","animal","fish","swimming","lifestyle","reef","island","people","beauty","backgrounds","environment","red sea","travel","fishing","summer","seafood","sunlight","aquarium","sport","activity","outdoors","closed","day","symbol","jellyfish","night"],"info":{"@context":"http://schema.org","@type":"Article","name":"Download Tropical fish for free","description":"Download Tropical fish stock video footage. Choose from thousands of the best stock footage video clips to download.","url":"https://www.vecteezy.com/video/1274141-tropical-fish","datePublished":"2020-09-07T12:29:14-05:00","author":"lncreativemedia","headline":"Download Tropical fish stock video footage. Choose from thousands of the best stock footage video clips to do…","image":"https://static.vecteezy.com/system/resources/thumbnails/001/274/141/small_2x/tropical-fish.jpg","publisher":{"@type":"Organization","name":"vecteezy","logo":{"@type":"ImageObject","url":"https://www.vecteezy.com//images/vecteezy-logo--orange.jpg"}},"mainEntityOfPage":"https://static.vecteezy.com/system/resources/thumbnails/001/274/141/small_2x/tropical-fish.jpg","dateModified":"2020-09-07T12:29:14-05:00"},"root_dl":"https://static.vecteezy.com/system/protected/files/001/274/141/vecteezy_underwater-shot-of-tropical-fishes_1274141.mov","infoVideo":{"Resolution:":"HD 1920x1080","File Type:":"QuickTime","Codec:":"Photo-JPEG","Frame Rate:":"24 FPS","Aspect Ratio:":"16:9","Duration:":"00:06","vtype":".mov"}}