{"t1":"A little girl plays with two dogs in the snow.","t2":"Girl and Dogs - Free HD Video Clips &amp; Stock Video Footage","tags":["people","snow","outdoors","winter","playing","dog","animal","pets","fun","nature","tree","running","grass","happiness","canine","puppy","mammals","activity","cute","human body part","joy","walking","video","environment","autumn","leaf","farm","summer","shaking","day"],"info":{"@context":"http://schema.org","@type":"Article","name":"Download Girl and Dogs for free","description":"Download Girl and Dogs stock video footage. Choose from thousands of the best stock footage video clips to download.","url":"https://www.vecteezy.com/video/1274642-girl-and-dogs","datePublished":"2020-09-07T13:35:53-05:00","author":"orlowskidesigns","headline":"Download Girl and Dogs stock video footage. Choose from thousands of the best stock footage video clips to do…","image":"https://static.vecteezy.com/system/resources/thumbnails/001/274/642/small_2x/girl-and-dogs-video.jpg","publisher":{"@type":"Organization","name":"vecteezy","logo":{"@type":"ImageObject","url":"https://www.vecteezy.com//images/vecteezy-logo--orange.jpg"}},"mainEntityOfPage":"https://static.vecteezy.com/system/resources/thumbnails/001/274/642/small_2x/girl-and-dogs-video.jpg","dateModified":"2020-09-07T13:35:53-05:00"},"root_dl":"https://static.vecteezy.com/system/protected/files/001/274/642/vecteezy_a-little-girl-plays-with-two-dogs-in-the-snow_1274642.mov","infoVideo":{"Resolution:":"HD 1280x720","File Type:":"QuickTime","Codec:":"Photo-JPEG","Frame Rate:":"30 FPS","Aspect Ratio:":"16:9","Duration:":"00:12","vtype":".mov"}}