{"t1":"German shepherd dog full hd slow motion footage","t2":"german shepherd dog barking in slow motion - Free HD Video Clips &amp; Stock Video Footage","tags":["outdoors","animal","security guard","mammals","cute","playing","beauty","dog","beautiful people","portrait","pets","nature","people","canine","grass","activity","german shepherd","tree","fun","happiness","farm","looking","walking","puppy","day","lifestyle","joy","loyalty","summer","winter"],"info":{"@context":"http://schema.org","@type":"Article","name":"Download german shepherd dog barking in slow motion for free","description":"Download german shepherd dog barking in slow motion stock video footage. Choose from thousands of the best stock footage video clips to download.","url":"https://www.vecteezy.com/video/1274603-german-shepherd-dog-barking-in-slow-motion","datePublished":"2020-09-07T13:32:49-05:00","author":"dream one","headline":"Download german shepherd dog barking in slow motion stock video footage. Choose from thousands of the best st…","image":"https://static.vecteezy.com/system/resources/thumbnails/001/274/603/small_2x/german-shepherd-dog-barking-in-slow-motion.jpg","publisher":{"@type":"Organization","name":"vecteezy","logo":{"@type":"ImageObject","url":"https://www.vecteezy.com//images/vecteezy-logo--orange.jpg"}},"mainEntityOfPage":"https://static.vecteezy.com/system/resources/thumbnails/001/274/603/small_2x/german-shepherd-dog-barking-in-slow-motion.jpg","dateModified":"2020-09-07T13:32:49-05:00"},"root_dl":"https://static.vecteezy.com/system/protected/files/001/274/603/vecteezy_german-shepherd-dog-full-hd-slow-motion-footage_1274603.mov","infoVideo":{"Resolution:":"HD 1920x1080","File Type:":"QuickTime","Codec:":"Photo-JPEG","Frame Rate:":"30 FPS","Aspect Ratio:":"16:9","Duration:":"00:22","vtype":".mov"}}