{"t1":"Chocolate standard poodle with a beautiful haircut is sitting in the park and looking around.","t2":"Dog close up - Free HD Video Clips &amp; Stock Video Footage","tags":["pets","canine","outdoors","animal","video","puppy","mammals","cute","poodle","dog","watching","waiting","portrait"],"info":{"@context":"http://schema.org","@type":"Article","name":"Download Dog close up for free","description":"Download Dog close up stock video footage. Choose from thousands of the best stock footage video clips to download.","url":"https://www.vecteezy.com/video/1274092-dog-close-up","datePublished":"2020-09-07T12:24:48-05:00","author":"topdigipro","headline":"Download Dog close up stock video footage. Choose from thousands of the best stock footage video clips to dow…","image":"https://static.vecteezy.com/system/resources/thumbnails/001/274/092/small_2x/dog-close-up.jpg","publisher":{"@type":"Organization","name":"vecteezy","logo":{"@type":"ImageObject","url":"https://www.vecteezy.com//images/vecteezy-logo--orange.jpg"}},"mainEntityOfPage":"https://static.vecteezy.com/system/resources/thumbnails/001/274/092/small_2x/dog-close-up.jpg","dateModified":"2020-09-07T12:24:48-05:00"},"root_dl":"https://static.vecteezy.com/system/protected/files/001/274/092/vecteezy_chocolate-standard-poodle-with-a-beautiful-haircut-is-sitting-in-the-park-and-looking-around_1274092.mov","infoVideo":{"Resolution:":"HD 1920x1080","File Type:":"QuickTime","Codec:":"Photo-JPEG","Frame Rate:":"30 FPS","Aspect Ratio:":"16:9","Duration:":"00:05","vtype":".mov"}}