{"t1":"Fishing boat","t2":"Fishing boat - Free HD Video Clips &amp; Stock Video Footage","tags":["working","people","fisherman","outdoors","fishing","cultures","travel","beach","sea","fish","transportation","water","nature","industry","summer","sunlight","fishing net","ship","business","food","sunny","sky","village","sun","river","island","flying","city","mountain range","town"],"info":{"@context":"http://schema.org","@type":"Article","name":"Download Fishing boat for free","description":"Download Fishing boat stock video footage. Choose from thousands of the best stock footage video clips to download.","url":"https://www.vecteezy.com/video/1274140-fishing-boat","datePublished":"2020-09-07T12:29:11-05:00","author":"dpshp","headline":"Download Fishing boat stock video footage. Choose from thousands of the best stock footage video clips to dow…","image":"https://static.vecteezy.com/system/resources/thumbnails/001/274/140/small_2x/fishing-boat.jpg","publisher":{"@type":"Organization","name":"vecteezy","logo":{"@type":"ImageObject","url":"https://www.vecteezy.com//images/vecteezy-logo--orange.jpg"}},"mainEntityOfPage":"https://static.vecteezy.com/system/resources/thumbnails/001/274/140/small_2x/fishing-boat.jpg","dateModified":"2020-09-07T12:29:11-05:00"},"root_dl":"https://static.vecteezy.com/system/protected/files/001/274/140/vecteezy_fishing-boat_1274140.mov","infoVideo":{"Resolution:":"HD 1920x1080","File Type:":"QuickTime","Codec:":"Photo-JPEG","Frame Rate:":"30 FPS","Aspect Ratio:":"16:9","Duration:":"00:10","vtype":".mov"}}