{"t1":"hands is chopping  fish in fresh market","t2":"chopping  fish - Free HD Video Clips &amp; Stock Video Footage","tags":["kitchen knife","cutting","seafood","cooking","food and drink","fish","food","outdoors","animal","fisherman","fishing","business","water","people","agriculture","farm","harvesting","pond","loading","transportation","sea","bucket","selling","human body part","nature","healthy lifestyle","meat","working","part","ice"],"info":{"@context":"http://schema.org","@type":"Article","name":"Download chopping  fish for free","description":"Download chopping fish stock video footage. Choose from thousands of the best stock footage video clips to download.","url":"https://www.vecteezy.com/video/1274263-chopping-fish","datePublished":"2020-09-07T12:42:38-05:00","author":"rakratchada","headline":"Download chopping fish stock video footage. Choose from thousands of the best stock footage video clips to do…","image":"https://static.vecteezy.com/system/resources/thumbnails/001/274/263/small_2x/chopping-fish.jpg","publisher":{"@type":"Organization","name":"vecteezy","logo":{"@type":"ImageObject","url":"https://www.vecteezy.com//images/vecteezy-logo--orange.jpg"}},"mainEntityOfPage":"https://static.vecteezy.com/system/resources/thumbnails/001/274/263/small_2x/chopping-fish.jpg","dateModified":"2020-09-07T12:42:38-05:00"},"root_dl":"https://static.vecteezy.com/system/protected/files/001/274/263/vecteezy_hands-is-chopping-fish-in-fresh-market_1274263.mov","infoVideo":{"Resolution:":"HD 1920x1080","File Type:":"QuickTime","Codec:":"Photo-JPEG","Frame Rate:":"30 FPS","Aspect Ratio:":"16:9","Duration:":"00:20","vtype":".mov"}}