{"t1":"Burning fish","t2":"Burning fish - Free HD Video Clips &amp; Stock Video Footage","tags":["mixing","making","flame","machinery","seafood","cooking","food","fish","herb","outdoors","nature","water","fishing","pond","animal","lake","people","river","farm","sea","swimming","fisherman","liquid","cultures","agriculture","business","bird","backgrounds","transportation","fishing net"],"info":{"@context":"http://schema.org","@type":"Article","name":"Download Burning fish for free","description":"Download Burning fish stock video footage. Choose from thousands of the best stock footage video clips to download.","url":"https://www.vecteezy.com/video/1274227-burning-fish","datePublished":"2020-09-07T12:37:39-05:00","author":"superoke","headline":"Download Burning fish stock video footage. Choose from thousands of the best stock footage video clips to dow…","image":"https://static.vecteezy.com/system/resources/thumbnails/001/274/227/small_2x/burning-fish.jpg","publisher":{"@type":"Organization","name":"vecteezy","logo":{"@type":"ImageObject","url":"https://www.vecteezy.com//images/vecteezy-logo--orange.jpg"}},"mainEntityOfPage":"https://static.vecteezy.com/system/resources/thumbnails/001/274/227/small_2x/burning-fish.jpg","dateModified":"2020-09-07T12:37:39-05:00"},"root_dl":"https://static.vecteezy.com/system/protected/files/001/274/227/vecteezy_burning-fish_1274227.mov","infoVideo":{"Resolution:":"HD 1920x1080","File Type:":"QuickTime","Codec:":"Photo-JPEG","Frame Rate:":"25 FPS","Aspect Ratio:":"16:9","Duration:":"00:11","vtype":".mov"}}