{"t1":"Fish farms in Vietnam Nha Trang","t2":"Fish farms in Vietnam - Free HD Video Clips &amp; Stock Video Footage","tags":["working","internet","fisherman","outdoors","animal","pond","drinking water","seafood","lake","farm","harvesting","fishing","agriculture","food","sun","farmer","sea","fish","business"],"info":{"@context":"http://schema.org","@type":"Article","name":"Download Fish farms in Vietnam for free","description":"Download Fish farms in Vietnam stock video footage. Choose from thousands of the best stock footage video clips to download.","url":"https://www.vecteezy.com/video/1274950-fish-farms-in-vietnam","datePublished":"2020-09-07T14:16:08-05:00","author":"spocktv","headline":"Download Fish farms in Vietnam stock video footage. Choose from thousands of the best stock footage video cli…","image":"https://static.vecteezy.com/system/resources/thumbnails/001/274/950/small_2x/fish-farms-in-vietnam.jpg","publisher":{"@type":"Organization","name":"vecteezy","logo":{"@type":"ImageObject","url":"https://www.vecteezy.com//images/vecteezy-logo--orange.jpg"}},"mainEntityOfPage":"https://static.vecteezy.com/system/resources/thumbnails/001/274/950/small_2x/fish-farms-in-vietnam.jpg","dateModified":"2020-09-07T14:16:08-05:00"},"root_dl":"https://static.vecteezy.com/system/protected/files/001/274/950/vecteezy_fish-farms-in-vietnam-nha-trang_1274950.mov","infoVideo":{"Resolution:":"HD 1920x1080","File Type:":"QuickTime","Codec:":"Photo-JPEG","Frame Rate:":"25 FPS","Aspect Ratio:":"16:9","Duration:":"00:26","vtype":".mov"}}