{"t1":"White dog bites something","t2":"White dog bites tree - Free HD Video Clips &amp; Stock Video Footage","tags":["pets","outdoors","animal","puppy","walking","pomeranian","communication","running","playing","portrait","dog","nature","grass","cute","happiness","beauty","joy","golden retriever","lifestyle","fun","summer","beautiful people","mammals","people","canine","activity","tree","sleeping","farm","looking"],"info":{"@context":"http://schema.org","@type":"Article","name":"Download White dog bites tree for free","description":"Download White dog bites tree stock video footage. Choose from thousands of the best stock footage video clips to download.","url":"https://www.vecteezy.com/video/1274466-white-dog-bites-tree","datePublished":"2020-09-07T13:17:56-05:00","author":"raweenuttapong","headline":"Download White dog bites tree stock video footage. Choose from thousands of the best stock footage video clip…","image":"https://static.vecteezy.com/system/resources/thumbnails/001/274/466/small_2x/white-dog-bites-tree.jpg","publisher":{"@type":"Organization","name":"vecteezy","logo":{"@type":"ImageObject","url":"https://www.vecteezy.com//images/vecteezy-logo--orange.jpg"}},"mainEntityOfPage":"https://static.vecteezy.com/system/resources/thumbnails/001/274/466/small_2x/white-dog-bites-tree.jpg","dateModified":"2020-09-07T13:17:56-05:00"},"root_dl":"https://static.vecteezy.com/system/protected/files/001/274/466/vecteezy_white-dog-bites-something_1274466.mov","infoVideo":{"Resolution:":"HD 1920x1080","File Type:":"QuickTime","Codec:":"Photo-JPEG","Frame Rate:":"24 FPS","Aspect Ratio:":"16:9","Duration:":"00:20","vtype":".mov"}}