{"t1":"Grilling fishes by sea gypsies","t2":"Grilling fishes - Free HD Video Clips &amp; Stock Video Footage","tags":["people","outdoors","seafood","cooking","food and drink","fishing","food","cultures","fish","island","animal","water","fisherman","pond","nature","lake","swimming","agriculture","farm","sea","river","business","fishing net","day","harvesting","bucket","industry","transportation","lifestyle","meat"],"info":{"@context":"http://schema.org","@type":"Article","name":"Download Grilling fishes for free","description":"Download Grilling fishes stock video footage. Choose from thousands of the best stock footage video clips to download.","url":"https://www.vecteezy.com/video/1274253-grilling-fishes","datePublished":"2020-09-07T12:40:53-05:00","author":"phuketisland","headline":"Download Grilling fishes stock video footage. Choose from thousands of the best stock footage video clips to …","image":"https://static.vecteezy.com/system/resources/thumbnails/001/274/253/small_2x/grilling-fishes.jpg","publisher":{"@type":"Organization","name":"vecteezy","logo":{"@type":"ImageObject","url":"https://www.vecteezy.com//images/vecteezy-logo--orange.jpg"}},"mainEntityOfPage":"https://static.vecteezy.com/system/resources/thumbnails/001/274/253/small_2x/grilling-fishes.jpg","dateModified":"2020-09-07T12:40:53-05:00"},"root_dl":"https://static.vecteezy.com/system/protected/files/001/274/253/vecteezy_grilling-fishes-by-sea-gypsies_1274253.mov","infoVideo":{"Resolution:":"HD 1920x1080","File Type:":"QuickTime","Codec:":"Photo-JPEG","Frame Rate:":"25 FPS","Aspect Ratio:":"16:9","Duration:":"00:16","vtype":".mov"}}