{"t1":"shot of fried Indian Mackerel in the pan 50p to 25 p slowmo with hot oil","t2":"fried fish - Free HD Video Clips &amp; Stock Video Footage","tags":["seafood","cooking","dinner","meal","lunch","sea","restaurant","nature","fish","food","animal","water","people","lifestyle","swimming","backgrounds","meat","human body part","table","steam","chef","outdoors","snack","organic","vegetable","food and drink","underwater","breakfast","part","island"],"info":{"@context":"http://schema.org","@type":"Article","name":"Download fried fish for free","description":"Download fried fish stock video footage. Choose from thousands of the best stock footage video clips to download.","url":"https://www.vecteezy.com/video/1274241-fried-fish","datePublished":"2020-09-07T12:39:44-05:00","author":"eakachai09","headline":"Download fried fish stock video footage. Choose from thousands of the best stock footage video clips to downl…","image":"https://static.vecteezy.com/system/resources/thumbnails/001/274/241/small_2x/fried-fish.jpg","publisher":{"@type":"Organization","name":"vecteezy","logo":{"@type":"ImageObject","url":"https://www.vecteezy.com//images/vecteezy-logo--orange.jpg"}},"mainEntityOfPage":"https://static.vecteezy.com/system/resources/thumbnails/001/274/241/small_2x/fried-fish.jpg","dateModified":"2020-09-07T12:39:44-05:00"},"root_dl":"https://static.vecteezy.com/system/protected/files/001/274/241/vecteezy_shot-of-fried-indian-mackerel-in-the-pan-50p-to-25-p-slowmo-with-hot-oil_1274241.mov","infoVideo":{"Resolution:":"HD 1920x1080","File Type:":"QuickTime","Codec:":"Photo-JPEG","Frame Rate:":"25 FPS","Aspect Ratio:":"16:9","Duration:":"00:21","vtype":".mov"}}