{"t1":"Playful puppy in nature.","t2":"Little puppy playing with rag in nature. - Free HD Video Clips &amp; Stock Video Footage","tags":["pets","grass","canine","animal","fun","toy","puppy","mammals","cute","dog","nature","day","outdoors","sleeping","beauty","looking","new","lifestyle","people","indoors","portrait","activity","home interior","terrier","summer","ice","sport","beautiful people","sleigh","video"],"info":{"@context":"http://schema.org","@type":"Article","name":"Download Little puppy playing with rag in nature. for free","description":"Download Little puppy playing with rag in nature. stock video footage. Choose from thousands of the best stock footage video clips to download.","url":"https://www.vecteezy.com/video/1274109-little-puppy-playing-with-rag-in-nature","datePublished":"2020-09-07T12:26:14-05:00","author":"mamba100","headline":"Download Little puppy playing with rag in nature. stock video footage. Choose from thousands of the best stoc…","image":"https://static.vecteezy.com/system/resources/thumbnails/001/274/109/small_2x/little-puppy-playing-with-rag-in-nature.jpg","publisher":{"@type":"Organization","name":"vecteezy","logo":{"@type":"ImageObject","url":"https://www.vecteezy.com//images/vecteezy-logo--orange.jpg"}},"mainEntityOfPage":"https://static.vecteezy.com/system/resources/thumbnails/001/274/109/small_2x/little-puppy-playing-with-rag-in-nature.jpg","dateModified":"2020-09-07T12:26:14-05:00"},"root_dl":"https://static.vecteezy.com/system/protected/files/001/274/109/vecteezy_playful-puppy-in-nature_1274109.mov","infoVideo":{"Resolution:":"HD 1920x1080","File Type:":"QuickTime","Codec:":"Photo-JPEG","Frame Rate:":"25 FPS","Aspect Ratio:":"16:9","Duration:":"00:20","vtype":".mov"}}