{"t1":"Woman cutting up fish in market stall","t2":"Woman cutting up fish in market stall - Free HD Video Clips &amp; Stock Video Footage","tags":["working","people","fisherman","outdoors","animal","cutting","human body part","seafood","cooking","fishing","food","part","fish","healthy lifestyle"],"info":{"@context":"http://schema.org","@type":"Article","name":"Download Woman cutting up fish in market stall for free","description":"Download Woman cutting up fish in market stall stock video footage. Choose from thousands of the best stock footage video clips to download.","url":"https://www.vecteezy.com/video/1274137-woman-cutting-up-fish-in-market-stall","datePublished":"2020-09-07T12:29:10-05:00","author":"worldpicture","headline":"Download Woman cutting up fish in market stall stock video footage. Choose from thousands of the best stock f…","image":"https://static.vecteezy.com/system/resources/thumbnails/001/274/137/small_2x/woman-cutting-up-fish-in-market-stall.jpg","publisher":{"@type":"Organization","name":"vecteezy","logo":{"@type":"ImageObject","url":"https://www.vecteezy.com//images/vecteezy-logo--orange.jpg"}},"mainEntityOfPage":"https://static.vecteezy.com/system/resources/thumbnails/001/274/137/small_2x/woman-cutting-up-fish-in-market-stall.jpg","dateModified":"2020-09-07T12:29:10-05:00"},"root_dl":"https://static.vecteezy.com/system/protected/files/001/274/137/vecteezy_woman-cutting-up-fish-in-market-stall_1274137.mov","infoVideo":{"Resolution:":"HD 1920x1080","File Type:":"QuickTime","Codec:":"Photo-JPEG","Frame Rate:":"25 FPS","Aspect Ratio:":"16:9","Duration:":"00:20","vtype":".mov"}}