{"t1":"Dog is in the car and going with open window in the autumn park.Canon EOS 5D Mark II","t2":"Dog in the car - Free HD Video Clips &amp; Stock Video Footage","tags":["wind","animal","car","sunlight","walking","driving","autumn","reflection","window","road","falling","dog","nature","day","transportation","joy","pets","outdoors","grass","canine","cute","fun","mammals","activity","puppy","tree","playing","people","video","farm"],"info":{"@context":"http://schema.org","@type":"Article","name":"Download Dog in the car for free","description":"Download Dog in the car stock video footage. Choose from thousands of the best stock footage video clips to download.","url":"https://www.vecteezy.com/video/1274610-dog-in-the-car","datePublished":"2020-09-07T13:33:41-05:00","author":"vik2010","headline":"Download Dog in the car stock video footage. Choose from thousands of the best stock footage video clips to d…","image":"https://static.vecteezy.com/system/resources/thumbnails/001/274/610/small_2x/dog-in-the-car.jpg","publisher":{"@type":"Organization","name":"vecteezy","logo":{"@type":"ImageObject","url":"https://www.vecteezy.com//images/vecteezy-logo--orange.jpg"}},"mainEntityOfPage":"https://static.vecteezy.com/system/resources/thumbnails/001/274/610/small_2x/dog-in-the-car.jpg","dateModified":"2020-09-07T13:33:41-05:00"},"root_dl":"https://static.vecteezy.com/system/protected/files/001/274/610/vecteezy_dog-is-in-the-car-and-going-with-open-window-in-the-autumn-parkcanon-eos-5d-mark-ii_1274610.mov","infoVideo":{"Resolution:":"HD 1920x1080","File Type:":"QuickTime","Codec:":"Photo-JPEG","Frame Rate:":"30 FPS","Aspect Ratio:":"16:9","Duration:":"00:08","vtype":".mov"}}