{"t1":"240 fps","t2":"dog running in the forest - Free HD Video Clips &amp; Stock Video Footage","tags":["outdoors","forest","running","playing","dog","nature","jumping","pets","animal","canine","winter","activity","snow","sport","sleigh","cute","mammals","people","summer","lifestyle","ice","puppy","fun","grass","looking","frost","sunset","jogging","mountain","beach"],"info":{"@context":"http://schema.org","@type":"Article","name":"Download dog running in the forest for free","description":"Download dog running in the forest stock video footage. Choose from thousands of the best stock footage video clips to download.","url":"https://www.vecteezy.com/video/1274448-dog-running-in-the-forest","datePublished":"2020-09-07T13:16:06-05:00","author":"creativeballs","headline":"Download dog running in the forest stock video footage. Choose from thousands of the best stock footage video…","image":"https://static.vecteezy.com/system/resources/thumbnails/001/274/448/small_2x/dog-running-in-the-forest.jpg","publisher":{"@type":"Organization","name":"vecteezy","logo":{"@type":"ImageObject","url":"https://www.vecteezy.com//images/vecteezy-logo--orange.jpg"}},"mainEntityOfPage":"https://static.vecteezy.com/system/resources/thumbnails/001/274/448/small_2x/dog-running-in-the-forest.jpg","dateModified":"2020-09-07T13:16:06-05:00"},"root_dl":"https://static.vecteezy.com/system/protected/files/001/274/448/vecteezy_240-fps_1274448.mov","infoVideo":{"Resolution:":"HD 1920x1080","File Type:":"QuickTime","Codec:":"Photo-JPEG","Frame Rate:":"30 FPS","Aspect Ratio:":"16:9","Duration:":"00:12","vtype":".mov"}}