{"t1":"Young woman playing with her dog with a stick. She is psinning round in a field.","t2":"Playful Dog Walk - Free HD Video Clips &amp; Stock Video Footage","tags":["pets","grass","people","outdoors","animal","lifestyle","fun","walking","activity","autumn","environment","dog walking","playing","dog","nature","tree","day","joy","jumping"],"info":{"@context":"http://schema.org","@type":"Article","name":"Download Playful Dog Walk for free","description":"Download Playful Dog Walk stock video footage. Choose from thousands of the best stock footage video clips to download.","url":"https://www.vecteezy.com/video/1274632-playful-dog-walk","datePublished":"2020-09-07T13:35:25-05:00","author":"dglimages","headline":"Download Playful Dog Walk stock video footage. Choose from thousands of the best stock footage video clips to…","image":"https://static.vecteezy.com/system/resources/thumbnails/001/274/632/small_2x/playful-dog-walk.jpg","publisher":{"@type":"Organization","name":"vecteezy","logo":{"@type":"ImageObject","url":"https://www.vecteezy.com//images/vecteezy-logo--orange.jpg"}},"mainEntityOfPage":"https://static.vecteezy.com/system/resources/thumbnails/001/274/632/small_2x/playful-dog-walk.jpg","dateModified":"2020-09-07T13:35:25-05:00"},"root_dl":"https://static.vecteezy.com/system/protected/files/001/274/632/vecteezy_young-woman-playing-with-her-dog-with-a-stick-she-is-psinning-round-in-a-field_1274632.mov","infoVideo":{"Resolution:":"HD 1920x1080","File Type:":"QuickTime","Codec:":"Photo-JPEG","Frame Rate:":"25 FPS","Aspect Ratio:":"16:9","Duration:":"00:13","vtype":".mov"}}