{"t1":"Fish slices being roasted on a grill.","t2":"Grilled fish - Free HD Video Clips &amp; Stock Video Footage","tags":["outdoors","seafood","food","meal","fish","picnic","cooking","meat","flame","dinner","lunch","coal","pork","human body part","steak","nature","summer","chef","kebab","animal","restaurant","hamburger","lifestyle","part","vegetable","barbecue","sausage","bbq","grill","food and drink"],"info":{"@context":"http://schema.org","@type":"Article","name":"Download Grilled fish for free","description":"Download Grilled fish stock video footage. Choose from thousands of the best stock footage video clips to download.","url":"https://www.vecteezy.com/video/1274273-grilled-fish","datePublished":"2020-09-07T12:44:44-05:00","author":"ivz","headline":"Download Grilled fish stock video footage. Choose from thousands of the best stock footage video clips to dow…","image":"https://static.vecteezy.com/system/resources/thumbnails/001/274/273/small_2x/grilled-fish.jpg","publisher":{"@type":"Organization","name":"vecteezy","logo":{"@type":"ImageObject","url":"https://www.vecteezy.com//images/vecteezy-logo--orange.jpg"}},"mainEntityOfPage":"https://static.vecteezy.com/system/resources/thumbnails/001/274/273/small_2x/grilled-fish.jpg","dateModified":"2020-09-07T12:44:44-05:00"},"root_dl":"https://static.vecteezy.com/system/protected/files/001/274/273/vecteezy_fish-slices-being-roasted-on-a-grill_1274273.mov","infoVideo":{"Resolution:":"HD 1920x1080","File Type:":"QuickTime","Codec:":"Photo-JPEG","Frame Rate:":"30 FPS","Aspect Ratio:":"16:9","Duration:":"00:13","vtype":".mov"}}