{"t1":"white puppy opened the door and ran outside with the other puppies Slow motion","t2":"puppy opened the door and ran outside - Free HD Video Clips &amp; Stock Video Footage","tags":["pets","snow","blanket","canine","outdoors","animal","backgrounds","puppy","mammals","winter","cute","beauty","loyalty","dog","waiting","village","beautiful people","day","nature","sleigh","activity","sport","looking","people","lifestyle","ice","human body part","frost","grass","sleeping"],"info":{"@context":"http://schema.org","@type":"Article","name":"Download puppy opened the door and ran outside for free","description":"Download puppy opened the door and ran outside stock video footage. Choose from thousands of the best stock footage video clips to download.","url":"https://www.vecteezy.com/video/1274462-puppy-opened-the-door-and-ran-outside","datePublished":"2020-09-07T13:17:30-05:00","author":"ambimotion","headline":"Download puppy opened the door and ran outside stock video footage. Choose from thousands of the best stock f…","image":"https://static.vecteezy.com/system/resources/thumbnails/001/274/462/small_2x/puppy-opened-the-door-and-ran-outside.jpg","publisher":{"@type":"Organization","name":"vecteezy","logo":{"@type":"ImageObject","url":"https://www.vecteezy.com//images/vecteezy-logo--orange.jpg"}},"mainEntityOfPage":"https://static.vecteezy.com/system/resources/thumbnails/001/274/462/small_2x/puppy-opened-the-door-and-ran-outside.jpg","dateModified":"2020-09-07T13:17:30-05:00"},"root_dl":"https://static.vecteezy.com/system/protected/files/001/274/462/vecteezy_white-puppy-opened-the-door-and-ran-outside-with-the-other-puppies-slow-motion_1274462.mov","infoVideo":{"Resolution:":"HD 1920x1080","File Type:":"QuickTime","Codec:":"Photo-JPEG","Frame Rate:":"30 FPS","Aspect Ratio:":"16:9","Duration:":"00:16","vtype":".mov"}}