{"t1":"Floating dog, dachshund near the coast","t2":"Floating dog, dachshund - Free HD Video Clips &amp; Stock Video Footage","tags":["paw","outdoors","animal","tail","lake","sand","summer","mammals","water","running","playing","dog","digging","dachshund","day","pets","canine","cute","puppy","nature","video","grass","looking","human body part","indoors","fun","people","beauty","walking","portrait"],"info":{"@context":"http://schema.org","@type":"Article","name":"Download Floating dog, dachshund for free","description":"Download Floating dog, dachshund stock video footage. Choose from thousands of the best stock footage video clips to download.","url":"https://www.vecteezy.com/video/1274627-floating-dog-dachshund","datePublished":"2020-09-07T13:34:41-05:00","author":"klimov slavik65","headline":"Download Floating dog, dachshund stock video footage. Choose from thousands of the best stock footage video c…","image":"https://static.vecteezy.com/system/resources/thumbnails/001/274/627/small_2x/floating-dog-dachshund.jpg","publisher":{"@type":"Organization","name":"vecteezy","logo":{"@type":"ImageObject","url":"https://www.vecteezy.com//images/vecteezy-logo--orange.jpg"}},"mainEntityOfPage":"https://static.vecteezy.com/system/resources/thumbnails/001/274/627/small_2x/floating-dog-dachshund.jpg","dateModified":"2020-09-07T13:34:41-05:00"},"root_dl":"https://static.vecteezy.com/system/protected/files/001/274/627/vecteezy_floating-dog-dachshund-near-the-coast_1274627.mov","infoVideo":{"Resolution:":"HD 1280x720","File Type:":"QuickTime","Codec:":"Photo-JPEG","Frame Rate:":"30 FPS","Aspect Ratio:":"16:9","Duration:":"00:11","vtype":".mov"}}