{"t1":"Aquarium with colorful red fish","t2":"aquarium fish - Free HD Video Clips &amp; Stock Video Footage","tags":["underwater","lifestyle","video","water","fish","nature","aquarium","sea","animal","swimming","backgrounds","beauty","reef","plant","pets","bright","bubble","transparent","goldfish","cute","jellyfish","sand","travel","beach","beautiful people","filming","snail","climate","seafood","pollution"],"info":{"@context":"http://schema.org","@type":"Article","name":"Download aquarium fish for free","description":"Download aquarium fish stock video footage. Choose from thousands of the best stock footage video clips to download.","url":"https://www.vecteezy.com/video/1274308-aquarium-fish","datePublished":"2020-09-07T12:49:33-05:00","author":"ittipon2002","headline":"Download aquarium fish stock video footage. Choose from thousands of the best stock footage video clips to do…","image":"https://static.vecteezy.com/system/resources/thumbnails/001/274/308/small_2x/aquarium-fish.jpg","publisher":{"@type":"Organization","name":"vecteezy","logo":{"@type":"ImageObject","url":"https://www.vecteezy.com//images/vecteezy-logo--orange.jpg"}},"mainEntityOfPage":"https://static.vecteezy.com/system/resources/thumbnails/001/274/308/small_2x/aquarium-fish.jpg","dateModified":"2020-09-07T12:49:33-05:00"},"root_dl":"https://static.vecteezy.com/system/protected/files/001/274/308/vecteezy_aquarium-with-colorful-red-fish_1274308.mov","infoVideo":{"Resolution:":"HD 1920x1080","File Type:":"QuickTime","Codec:":"Photo-JPEG","Frame Rate:":"25 FPS","Aspect Ratio:":"16:9","Duration:":"00:10","vtype":".mov"}}