{"t1":"Girl model walking in the park with two dogs Husky.","t2":"Girl model walking in the park with dogs - Free HD Video Clips &amp; Stock Video Footage","tags":["pets","people","fashion model","outdoors","animal","lifestyle","human body part","walking","summer","happiness","forest","beauty","dog","eye","nature","tree","beautiful people","healthy lifestyle","joy"],"info":{"@context":"http://schema.org","@type":"Article","name":"Download Girl model walking in the park with dogs for free","description":"Download Girl model walking in the park with dogs stock video footage. Choose from thousands of the best stock footage video clips to download.","url":"https://www.vecteezy.com/video/1274484-girl-model-walking-in-the-park-with-dogs","datePublished":"2020-09-07T13:20:24-05:00","author":"denis prof","headline":"Download Girl model walking in the park with dogs stock video footage. Choose from thousands of the best stoc…","image":"https://static.vecteezy.com/system/resources/thumbnails/001/274/484/small_2x/girl-model-walking-in-the-park-with-dogs.jpg","publisher":{"@type":"Organization","name":"vecteezy","logo":{"@type":"ImageObject","url":"https://www.vecteezy.com//images/vecteezy-logo--orange.jpg"}},"mainEntityOfPage":"https://static.vecteezy.com/system/resources/thumbnails/001/274/484/small_2x/girl-model-walking-in-the-park-with-dogs.jpg","dateModified":"2020-09-07T13:20:24-05:00"},"root_dl":"https://static.vecteezy.com/system/protected/files/001/274/484/vecteezy_girl-model-walking-in-the-park-with-two-dogs-husky_1274484.mov","infoVideo":{"Resolution:":"HD 1920x1080","File Type:":"QuickTime","Codec:":"Photo-JPEG","Frame Rate:":"30 FPS","Aspect Ratio:":"16:9","Duration:":"00:15","vtype":".mov"}}