{"t1":"Children stroking dog in vet clinic","t2":"Children stroking dog - Free HD Video Clips &amp; Stock Video Footage","tags":["pets","animal","video","table","cute","filming","indoors","dog","hospital","doctor","medicine","patient","working","technology","canine","beautiful people","people","human body part","nurse","beauty","kitten","computer","medical test","eye","laboratory","research","optometry","terrier","technician","looking"],"info":{"@context":"http://schema.org","@type":"Article","name":"Download Children stroking dog for free","description":"Download Children stroking dog stock video footage. Choose from thousands of the best stock footage video clips to download.","url":"https://www.vecteezy.com/video/1274644-children-stroking-dog","datePublished":"2020-09-07T13:36:02-05:00","author":"wavebreakmedia","headline":"Download Children stroking dog stock video footage. Choose from thousands of the best stock footage video cli…","image":"https://static.vecteezy.com/system/resources/thumbnails/001/274/644/small_2x/children-stroking-dog-video.jpg","publisher":{"@type":"Organization","name":"vecteezy","logo":{"@type":"ImageObject","url":"https://www.vecteezy.com//images/vecteezy-logo--orange.jpg"}},"mainEntityOfPage":"https://static.vecteezy.com/system/resources/thumbnails/001/274/644/small_2x/children-stroking-dog-video.jpg","dateModified":"2020-09-07T13:36:02-05:00"},"root_dl":"https://static.vecteezy.com/system/protected/files/001/274/644/vecteezy_children-stroking-dog-in-vet-clinic_1274644.mov","infoVideo":{"Resolution:":"4K 4096x2160","File Type:":"QuickTime","Codec:":"Photo-JPEG","Frame Rate:":"24 FPS","Aspect Ratio:":"256:135","Duration:":"00:15","vtype":".mov"}}