{"t1":"http://s020.radikal.ru/i700/1212/15/17871d3069e7.jpg","t2":"puppy plays with blue beads - Free HD Video Clips &amp; Stock Video Footage","tags":["pets","canine","animal","lifestyle","puppy","mammals","cute","playing","beauty","new","dog","nature","sleeping","outdoors","looking","indoors","portrait","food","animal family","people","fun","home interior","video","beautiful people","hungry","mascot","breastfeeding","drink","happiness","grass"],"info":{"@context":"http://schema.org","@type":"Article","name":"Download puppy plays with blue beads for free","description":"Download puppy plays with blue beads stock video footage. Choose from thousands of the best stock footage video clips to download.","url":"https://www.vecteezy.com/video/1274660-puppy-plays-with-blue-beads","datePublished":"2020-09-07T13:37:56-05:00","author":"zayatssv","headline":"Download puppy plays with blue beads stock video footage. Choose from thousands of the best stock footage vid…","image":"https://static.vecteezy.com/system/resources/thumbnails/001/274/660/small_2x/puppy-plays-with-blue-beads.jpg","publisher":{"@type":"Organization","name":"vecteezy","logo":{"@type":"ImageObject","url":"https://www.vecteezy.com//images/vecteezy-logo--orange.jpg"}},"mainEntityOfPage":"https://static.vecteezy.com/system/resources/thumbnails/001/274/660/small_2x/puppy-plays-with-blue-beads.jpg","dateModified":"2020-09-07T13:37:56-05:00"},"root_dl":"https://static.vecteezy.com/system/protected/files/001/274/660/vecteezy_http-//s020radikalru/i700/1212/15/17871d3069e7jpg_1274660.mov","infoVideo":{"Resolution:":"HD 1920x1080","File Type:":"QuickTime","Codec:":"Photo-JPEG","Frame Rate:":"25 FPS","Aspect Ratio:":"16:9","Duration:":"00:30","vtype":".mov"}}