{"t1":"aquarium fish","t2":"color fish - Free HD Video Clips &amp; Stock Video Footage","tags":["underwater","animal","backgrounds","sand","water","fish","swimming","nature","aquarium","sea","lifestyle","plant","pets","seafood","video","reef","transparent","beauty","weight scale","biology","bubble","goldfish","outdoors","river","shark","environment","travel","fishing","wet","filming"],"info":{"@context":"http://schema.org","@type":"Article","name":"Download color fish for free","description":"Download color fish stock video footage. Choose from thousands of the best stock footage video clips to download.","url":"https://www.vecteezy.com/video/1274918-color-fish","datePublished":"2020-09-07T14:12:52-05:00","author":"palomink","headline":"Download color fish stock video footage. Choose from thousands of the best stock footage video clips to downl…","image":"https://static.vecteezy.com/system/resources/thumbnails/001/274/918/small_2x/color-fish.jpg","publisher":{"@type":"Organization","name":"vecteezy","logo":{"@type":"ImageObject","url":"https://www.vecteezy.com//images/vecteezy-logo--orange.jpg"}},"mainEntityOfPage":"https://static.vecteezy.com/system/resources/thumbnails/001/274/918/small_2x/color-fish.jpg","dateModified":"2020-09-07T14:12:52-05:00"},"root_dl":"https://static.vecteezy.com/system/protected/files/001/274/918/vecteezy_aquarium-fish_1274918.mov","infoVideo":{"Resolution:":"HD 1920x1080","File Type:":"QuickTime","Codec:":"Motion-JPEG B","Frame Rate:":"25 FPS","Aspect Ratio:":"16:9","Duration:":"00:24","vtype":".mov"}}