{"t1":"Fried Fish","t2":"Fried Fish - Free HD Video Clips &amp; Stock Video Footage","tags":["seafood","cooking","food and drink","food","fish","meal","dinner","lunch","human body part","cooking pan","nature","outdoors","kitchen","people","meat","chef","kitchen knife","cooking oil","part","animal","restaurant","river","indoors","trout","video","table","cutting","cultures","organic","vegetable"],"info":{"@context":"http://schema.org","@type":"Article","name":"Download Fried Fish for free","description":"Download Fried Fish stock video footage. Choose from thousands of the best stock footage video clips to download.","url":"https://www.vecteezy.com/video/1274216-fried-fish","datePublished":"2020-09-07T12:36:01-05:00","author":"pittapitta","headline":"Download Fried Fish stock video footage. Choose from thousands of the best stock footage video clips to downl…","image":"https://static.vecteezy.com/system/resources/thumbnails/001/274/216/small_2x/fried-fish.jpg","publisher":{"@type":"Organization","name":"vecteezy","logo":{"@type":"ImageObject","url":"https://www.vecteezy.com//images/vecteezy-logo--orange.jpg"}},"mainEntityOfPage":"https://static.vecteezy.com/system/resources/thumbnails/001/274/216/small_2x/fried-fish.jpg","dateModified":"2020-09-07T12:36:01-05:00"},"root_dl":"https://static.vecteezy.com/system/protected/files/001/274/216/vecteezy_fried-fish_1274216.mov","infoVideo":{"Resolution:":"HD 1920x1080","File Type:":"QuickTime","Codec:":"Photo-JPEG","Frame Rate:":"30 FPS","Aspect Ratio:":"16:9","Duration:":"00:12","vtype":".mov"}}