{"t1":"Chocolate Lab Puppies compete for food.","t2":"Lab Puppies Compete for Food - Free HD Video Clips &amp; Stock Video Footage","tags":["canine","outdoors","animal","puppy","food","mammals","dog","nature","hungry","animal family","pets","cute","playing","grass","fun","human body part","happiness","people","joy","tree","video","running","walking","autumn","leaf","environment","looking","sleeping","portrait","tired"],"info":{"@context":"http://schema.org","@type":"Article","name":"Download Lab Puppies Compete for Food for free","description":"Download Lab Puppies Compete for Food stock video footage. Choose from thousands of the best stock footage video clips to download.","url":"https://www.vecteezy.com/video/1274460-lab-puppies-compete-for-food","datePublished":"2020-09-07T13:17:30-05:00","author":"pr4god","headline":"Download Lab Puppies Compete for Food stock video footage. Choose from thousands of the best stock footage vi…","image":"https://static.vecteezy.com/system/resources/thumbnails/001/274/460/small_2x/lab-puppies-compete-for-food.jpg","publisher":{"@type":"Organization","name":"vecteezy","logo":{"@type":"ImageObject","url":"https://www.vecteezy.com//images/vecteezy-logo--orange.jpg"}},"mainEntityOfPage":"https://static.vecteezy.com/system/resources/thumbnails/001/274/460/small_2x/lab-puppies-compete-for-food.jpg","dateModified":"2020-09-07T13:17:30-05:00"},"root_dl":"https://static.vecteezy.com/system/protected/files/001/274/460/vecteezy_chocolate-lab-puppies-compete-for-food_1274460.mov","infoVideo":{"Resolution:":"HD 1920x1080","File Type:":"QuickTime","Codec:":"Motion-JPEG B","Frame Rate:":"30 FPS","Aspect Ratio:":"16:9","Duration:":"00:15","vtype":".mov"}}