{"t1":"Caucasian shepherd dogs with red tongue","t2":"Caucasian shepherd dogs - Free HD Video Clips &amp; Stock Video Footage","tags":["pets","looking","canine","animal","puppy","mountain","mammals","dog","exhibition","sheep"],"info":{"@context":"http://schema.org","@type":"Article","name":"Download Caucasian shepherd dogs for free","description":"Download Caucasian shepherd dogs stock video footage. Choose from thousands of the best stock footage video clips to download.","url":"https://www.vecteezy.com/video/1274482-caucasian-shepherd-dogs","datePublished":"2020-09-07T13:20:24-05:00","author":"ddcoral","headline":"Download Caucasian shepherd dogs stock video footage. Choose from thousands of the best stock footage video c…","image":"https://static.vecteezy.com/system/resources/thumbnails/001/274/482/small_2x/caucasian-shepherd-dogs.jpg","publisher":{"@type":"Organization","name":"vecteezy","logo":{"@type":"ImageObject","url":"https://www.vecteezy.com//images/vecteezy-logo--orange.jpg"}},"mainEntityOfPage":"https://static.vecteezy.com/system/resources/thumbnails/001/274/482/small_2x/caucasian-shepherd-dogs.jpg","dateModified":"2020-09-07T13:20:24-05:00"},"root_dl":"https://static.vecteezy.com/system/protected/files/001/274/482/vecteezy_caucasian-shepherd-dogs-with-red-tongue_1274482.mov","infoVideo":{"Resolution:":"HD 1920x1080","File Type:":"QuickTime","Codec:":"Photo-JPEG","Frame Rate:":"30 FPS","Aspect Ratio:":"16:9","Duration:":"00:12","vtype":".mov"}}