{"t1":"Woman scaling fish in market stall","t2":"Woman scaling fish in market stall, - Free HD Video Clips &amp; Stock Video Footage","tags":["working","people","fisherman","outdoors","animal","cutting","human body part","seafood","cooking","fishing","food","part","fish","healthy lifestyle"],"info":{"@context":"http://schema.org","@type":"Article","name":"Download Woman scaling fish in market stall, for free","description":"Download Woman scaling fish in market stall, stock video footage. Choose from thousands of the best stock footage video clips to download.","url":"https://www.vecteezy.com/video/1274132-woman-scaling-fish-in-market-stall","datePublished":"2020-09-07T12:28:37-05:00","author":"","headline":"Download Woman scaling fish in market stall, stock video footage. Choose from thousands of the best stock foo…","image":"https://static.vecteezy.com/system/resources/thumbnails/001/274/132/small_2x/woman-scaling-fish-in-market-stall-video.jpg","publisher":{"@type":"Organization","name":"vecteezy","logo":{"@type":"ImageObject","url":"https://www.vecteezy.com//images/vecteezy-logo--orange.jpg"}},"mainEntityOfPage":"https://static.vecteezy.com/system/resources/thumbnails/001/274/132/small_2x/woman-scaling-fish-in-market-stall-video.jpg","dateModified":"2020-09-07T12:28:37-05:00"},"root_dl":"https://static.vecteezy.com/system/protected/files/001/274/132/vecteezy_woman-scaling-fish-in-market-stall_1274132.mov","infoVideo":{"Resolution:":"HD 1920x1080","File Type:":"QuickTime","Codec:":"Photo-JPEG","Frame Rate:":"25 FPS","Aspect Ratio:":"16:9","Duration:":"00:30","vtype":".mov"}}