{"t1":"big dog Doberman having fun and playing with a man 720","t2":"big dog Doberman having fun and playing with a man - Free HD Video Clips &amp; Stock Video Footage","tags":["pets","people","canine","outdoors","animal","fun","puppy","cute","dog","mammals","looking","nature","grass","indoors","exhibition","table","portrait","video","day","activity","sadness","summer","human body part","backgrounds","meadow","sleeping","lifestyle","playing","german shepherd","street"],"info":{"@context":"http://schema.org","@type":"Article","name":"Download big dog Doberman having fun and playing with a man for free","description":"Download big dog Doberman having fun and playing with a man stock video footage. Choose from thousands of the best stock footage video clips to download.","url":"https://www.vecteezy.com/video/1274017-big-dog-doberman-having-fun-and-playing-with-a-man","datePublished":"2020-09-07T12:17:59-05:00","author":"videokot","headline":"Download big dog Doberman having fun and playing with a man stock video footage. Choose from thousands of the…","image":"https://static.vecteezy.com/system/resources/thumbnails/001/274/017/small_2x/big-dog-doberman-having-fun-and-playing-with-a-man.jpg","publisher":{"@type":"Organization","name":"vecteezy","logo":{"@type":"ImageObject","url":"https://www.vecteezy.com//images/vecteezy-logo--orange.jpg"}},"mainEntityOfPage":"https://static.vecteezy.com/system/resources/thumbnails/001/274/017/small_2x/big-dog-doberman-having-fun-and-playing-with-a-man.jpg","dateModified":"2020-09-07T12:17:59-05:00"},"root_dl":"https://static.vecteezy.com/system/protected/files/001/274/017/vecteezy_big-dog-doberman-having-fun-and-playing-with-a-man-720_1274017.mov","infoVideo":{"Resolution:":"HD 1280x720","File Type:":"QuickTime","Codec:":"Photo-JPEG","Frame Rate:":"30 FPS","Aspect Ratio:":"16:9","Duration:":"00:29","vtype":".mov"}}