{"t1":"AERIAL: Fisherman standing on top of the cliff and fishing","t2":"AERIAL: Fisherman standing on top of the cliff and fishing - Free HD Video Clips &amp; Stock Video Footage","tags":["rock music","fisherman","outdoors","lens flare","sunlight","fishing","summer","sun","water","cultures","beach","sea","fish","sunset","morning","nature","flying"],"info":{"@context":"http://schema.org","@type":"Article","name":"Download AERIAL: Fisherman standing on top of the cliff and fishing for free","description":"Download AERIAL: Fisherman standing on top of the cliff and fishing stock video footage. Choose from thousands of the best stock footage video clips to download.","url":"https://www.vecteezy.com/video/1274128-aerial-fisherman-standing-on-top-of-the-cliff-and-fishing","datePublished":"2020-09-07T12:28:24-05:00","author":"helivideo","headline":"Download AERIAL: Fisherman standing on top of the cliff and fishing stock video footage. Choose from thousand…","image":"https://static.vecteezy.com/system/resources/thumbnails/001/274/128/small_2x/aerial-fisherman-standing-on-top-of-the-cliff-and-fishing.jpg","publisher":{"@type":"Organization","name":"vecteezy","logo":{"@type":"ImageObject","url":"https://www.vecteezy.com//images/vecteezy-logo--orange.jpg"}},"mainEntityOfPage":"https://static.vecteezy.com/system/resources/thumbnails/001/274/128/small_2x/aerial-fisherman-standing-on-top-of-the-cliff-and-fishing.jpg","dateModified":"2020-09-07T12:28:24-05:00"},"root_dl":"https://static.vecteezy.com/system/protected/files/001/274/128/vecteezy_aerial-fisherman-standing-on-top-of-the-cliff-and-fishing_1274128.mov","infoVideo":{"Resolution:":"HD 1920x1080","File Type:":"QuickTime","Codec:":"Photo-JPEG","Frame Rate:":"25 FPS","Aspect Ratio:":"16:9","Duration:":"00:19","vtype":".mov"}}