{"t1":"Dog drooling over frisbee catches and retrieves play toy to owner.","t2":"Dog drooling over frisbee catches and retrieves play toy to owner. - Free HD Video Clips &amp; Stock Video Footage","tags":["autumn","running","dog","watching","waiting","jumping","pets","animal","outdoors","canine","cute","fun","playing","nature","puppy","mammals","activity","happiness","people","golden retriever","tree","day","grass","sport","indoors","summer","shaking","portrait","beach","beauty"],"info":{"@context":"http://schema.org","@type":"Article","name":"Download Dog drooling over frisbee catches and retrieves play toy to owner. for free","description":"Download Dog drooling over frisbee catches and retrieves play toy to owner. stock video footage. Choose from thousands of the best stock footage video clips to download.","url":"https://www.vecteezy.com/video/1274516-dog-drooling-over-frisbee-catches-and-retrieves-play-toy-to-owner","datePublished":"2020-09-07T13:24:01-05:00","author":"stockfilmdotcom","headline":"Download Dog drooling over frisbee catches and retrieves play toy to owner. stock video footage. Choose from …","image":"https://static.vecteezy.com/system/resources/thumbnails/001/274/516/small_2x/dog-drooling-over-frisbee-catches-and-retrieves-play-toy-to-owner.jpg","publisher":{"@type":"Organization","name":"vecteezy","logo":{"@type":"ImageObject","url":"https://www.vecteezy.com//images/vecteezy-logo--orange.jpg"}},"mainEntityOfPage":"https://static.vecteezy.com/system/resources/thumbnails/001/274/516/small_2x/dog-drooling-over-frisbee-catches-and-retrieves-play-toy-to-owner.jpg","dateModified":"2020-09-07T13:24:01-05:00"},"root_dl":"https://static.vecteezy.com/system/protected/files/001/274/516/vecteezy_dog-drooling-over-frisbee-catches-and-retrieves-play-toy-to-owner_1274516.mov","infoVideo":{"Resolution:":"4K 3840x2160","File Type:":"QuickTime","Codec:":"ProRes 422 (HQ)","Frame Rate:":"30 FPS","Aspect Ratio:":"16:9","Duration:":"00:20","vtype":".mov"}}