{"t1":"two skyscrapers in barcelona","t2":"barceloneta fish - Free HD Video Clips &amp; Stock Video Footage","tags":["people","outdoors","sky","walking","architecture","sun","city","tourist","travel","beach","tower","skyscraper"],"info":{"@context":"http://schema.org","@type":"Article","name":"Download barceloneta fish for free","description":"Download barceloneta fish stock video footage. Choose from thousands of the best stock footage video clips to download.","url":"https://www.vecteezy.com/video/1274718-barceloneta-fish","datePublished":"2020-09-07T13:44:22-05:00","author":"dubassy","headline":"Download barceloneta fish stock video footage. Choose from thousands of the best stock footage video clips to…","image":"https://static.vecteezy.com/system/resources/thumbnails/001/274/718/small_2x/barceloneta-fish.jpg","publisher":{"@type":"Organization","name":"vecteezy","logo":{"@type":"ImageObject","url":"https://www.vecteezy.com//images/vecteezy-logo--orange.jpg"}},"mainEntityOfPage":"https://static.vecteezy.com/system/resources/thumbnails/001/274/718/small_2x/barceloneta-fish.jpg","dateModified":"2020-09-07T13:44:22-05:00"},"root_dl":"https://static.vecteezy.com/system/protected/files/001/274/718/vecteezy_two-skyscrapers-in-barcelona_1274718.mov","infoVideo":{"Resolution:":"HD 1920x1080","File Type:":"QuickTime","Codec:":"Photo-JPEG","Frame Rate:":"24 FPS","Aspect Ratio:":"16:9","Duration:":"00:06","vtype":".mov"}}