{"t1":"Running woman. Female runner jogging with siberian husky dogs during the sunrise on beach","t2":"Female runner jogging with siberian husky dogs during the sunrise on beach - Free HD Video Clips &amp; Stock Video Footage","tags":["pets","people","canine","outdoors","lifestyle","sport","sand","activity","summer","jogging","beach","sea","sunset","forest","river","dog","nature","animal","winter","snow","mammals","cute","puppy","looking","sleigh","ice","beautiful people","fun","beauty","grass"],"info":{"@context":"http://schema.org","@type":"Article","name":"Download Female runner jogging with siberian husky dogs during the sunrise on beach for free","description":"Download Female runner jogging with siberian husky dogs during the sunrise on beach stock video footage. Choose from thousands of the best stock footage video clips to download.","url":"https://www.vecteezy.com/video/1274013-female-runner-jogging-with-siberian-husky-dogs-during-the-sunrise-on-beach","datePublished":"2020-09-07T12:17:34-05:00","author":"newagecinema ru","headline":"Download Female runner jogging with siberian husky dogs during the sunrise on beach stock video footage. Choo…","image":"https://static.vecteezy.com/system/resources/thumbnails/001/274/013/small_2x/female-runner-jogging-with-siberian-husky-dogs-during-the-sunrise-on-beach.jpg","publisher":{"@type":"Organization","name":"vecteezy","logo":{"@type":"ImageObject","url":"https://www.vecteezy.com//images/vecteezy-logo--orange.jpg"}},"mainEntityOfPage":"https://static.vecteezy.com/system/resources/thumbnails/001/274/013/small_2x/female-runner-jogging-with-siberian-husky-dogs-during-the-sunrise-on-beach.jpg","dateModified":"2020-09-07T12:17:34-05:00"},"root_dl":"https://static.vecteezy.com/system/protected/files/001/274/013/vecteezy_running-woman-female-runner-jogging-with-siberian-husky-dogs-during-the-sunrise-on-beach_1274013.mov","infoVideo":{"Resolution:":"HD 1920x1080","File Type:":"QuickTime","Codec:":"Photo-JPEG","Frame Rate:":"30 FPS","Aspect Ratio:":"16:9","Duration:":"00:07","vtype":".mov"}}