{"t1":"Jack Rassel puppy playing in the yard","t2":"Jack russell terrier puppy playing in the yard - Free HD Video Clips &amp; Stock Video Footage","tags":["pets","grass","people","canine","outdoors","animal","fun","sport","backgrounds","puppy","lawn","summer","cute","running","playing","dog","nature"],"info":{"@context":"http://schema.org","@type":"Article","name":"Download Jack russell terrier puppy playing in the yard for free","description":"Download Jack russell terrier puppy playing in the yard stock video footage. Choose from thousands of the best stock footage video clips to download.","url":"https://www.vecteezy.com/video/1274687-jack-russell-terrier-puppy-playing-in-the-yard","datePublished":"2020-09-07T13:40:50-05:00","author":"kkolosov","headline":"Download Jack russell terrier puppy playing in the yard stock video footage. Choose from thousands of the bes…","image":"https://static.vecteezy.com/system/resources/thumbnails/001/274/687/small_2x/jack-russell-terrier-puppy-playing-in-the-yard.jpg","publisher":{"@type":"Organization","name":"vecteezy","logo":{"@type":"ImageObject","url":"https://www.vecteezy.com//images/vecteezy-logo--orange.jpg"}},"mainEntityOfPage":"https://static.vecteezy.com/system/resources/thumbnails/001/274/687/small_2x/jack-russell-terrier-puppy-playing-in-the-yard.jpg","dateModified":"2020-09-07T13:40:50-05:00"},"root_dl":"https://static.vecteezy.com/system/protected/files/001/274/687/vecteezy_jack-rassel-puppy-playing-in-the-yard_1274687.mov","infoVideo":{"Resolution:":"HD 1920x1080","File Type:":"QuickTime","Codec:":"Photo-JPEG","Frame Rate:":"30 FPS","Aspect Ratio:":"16:9","Duration:":"00:27","vtype":".mov"}}