{"t1":"Little dog running in the forest","t2":"Little dog running - Free HD Video Clips &amp; Stock Video Footage","tags":["pets","outdoors","animal","puppy","autumn","forest","running","playing","poodle","dog","log","nature","tree","canine","people","grass","fun","human body part","mammals","walking","happiness","joy","cute","summer","video","leaf","environment","indoors","home interior","lifestyle"],"info":{"@context":"http://schema.org","@type":"Article","name":"Download Little dog running for free","description":"Download Little dog running stock video footage. Choose from thousands of the best stock footage video clips to download.","url":"https://www.vecteezy.com/video/1274635-little-dog-running","datePublished":"2020-09-07T13:35:33-05:00","author":"proficlip","headline":"Download Little dog running stock video footage. Choose from thousands of the best stock footage video clips …","image":"https://static.vecteezy.com/system/resources/thumbnails/001/274/635/small_2x/little-dog-running.jpg","publisher":{"@type":"Organization","name":"vecteezy","logo":{"@type":"ImageObject","url":"https://www.vecteezy.com//images/vecteezy-logo--orange.jpg"}},"mainEntityOfPage":"https://static.vecteezy.com/system/resources/thumbnails/001/274/635/small_2x/little-dog-running.jpg","dateModified":"2020-09-07T13:35:33-05:00"},"root_dl":"https://static.vecteezy.com/system/protected/files/001/274/635/vecteezy_little-dog-running-in-the-forest_1274635.mov","infoVideo":{"Resolution:":"HD 1280x720","File Type:":"QuickTime","Codec:":"Photo-JPEG","Frame Rate:":"25 FPS","Aspect Ratio:":"16:9","Duration:":"00:12","vtype":".mov"}}