{"t1":"St Bernard sitting on porch of the house","t2":"Protector - Free HD Video Clips &amp; Stock Video Footage","tags":["pets","grass","outdoors","animal","lawn","mammals","dog","image","portrait","canine","cute","puppy","nature","looking","playing","fun","activity","video","beauty","tree","indoors","happiness","paw","lifestyle","farm","food","tired","people","sky","meal"],"info":{"@context":"http://schema.org","@type":"Article","name":"Download Protector for free","description":"Download Protector stock video footage. Choose from thousands of the best stock footage video clips to download.","url":"https://www.vecteezy.com/video/1274100-protector","datePublished":"2020-09-07T12:25:12-05:00","author":"laoshi","headline":"Download Protector stock video footage. Choose from thousands of the best stock footage video clips to downlo…","image":"https://static.vecteezy.com/system/resources/thumbnails/001/274/100/small_2x/protector.jpg","publisher":{"@type":"Organization","name":"vecteezy","logo":{"@type":"ImageObject","url":"https://www.vecteezy.com//images/vecteezy-logo--orange.jpg"}},"mainEntityOfPage":"https://static.vecteezy.com/system/resources/thumbnails/001/274/100/small_2x/protector.jpg","dateModified":"2020-09-07T12:25:12-05:00"},"root_dl":"https://static.vecteezy.com/system/protected/files/001/274/100/vecteezy_st-bernard-sitting-on-porch-of-the-house_1274100.mov","infoVideo":{"Resolution:":"HD 1920x1080","File Type:":"QuickTime","Codec:":"Photo-JPEG","Frame Rate:":"30 FPS","Aspect Ratio:":"16:9","Duration:":"00:15","vtype":".mov"}}