{"t1":"cleaning fish for making food","t2":"cleaning fish - Free HD Video Clips &amp; Stock Video Footage","tags":["kitchen","human body part","seafood","cooking","food and drink","activity","food","meal","wet","fish","cleaning","nature","store","organic","part","restaurant","chef","dinner","table","outdoors","meat","vegetable","farm","lunch","sea","agriculture","animal","spice","sushi","people"],"info":{"@context":"http://schema.org","@type":"Article","name":"Download cleaning fish for free","description":"Download cleaning fish stock video footage. Choose from thousands of the best stock footage video clips to download.","url":"https://www.vecteezy.com/video/1274240-cleaning-fish","datePublished":"2020-09-07T12:39:38-05:00","author":"rakratchada","headline":"Download cleaning fish stock video footage. Choose from thousands of the best stock footage video clips to do…","image":"https://static.vecteezy.com/system/resources/thumbnails/001/274/240/small_2x/cleaning-fish.jpg","publisher":{"@type":"Organization","name":"vecteezy","logo":{"@type":"ImageObject","url":"https://www.vecteezy.com//images/vecteezy-logo--orange.jpg"}},"mainEntityOfPage":"https://static.vecteezy.com/system/resources/thumbnails/001/274/240/small_2x/cleaning-fish.jpg","dateModified":"2020-09-07T12:39:38-05:00"},"root_dl":"https://static.vecteezy.com/system/protected/files/001/274/240/vecteezy_cleaning-fish-for-making-food_1274240.mov","infoVideo":{"Resolution:":"HD 1920x1080","File Type:":"QuickTime","Codec:":"Photo-JPEG","Frame Rate:":"30 FPS","Aspect Ratio:":"16:9","Duration:":"00:21","vtype":".mov"}}