{"t1":"The black dog plays with a soccerball, slow motion","t2":"Dog and ball - Free HD Video Clips &amp; Stock Video Footage","tags":["pets","grass","outdoors","animal","fun","toy","sport","backgrounds","summer","cute","playing","poodle","meadow","dog","nature","canine","puppy","sphere","people","running","mammals","activity","human body part","indoors","lifestyle","beauty","happiness","home interior","clean","jumping"],"info":{"@context":"http://schema.org","@type":"Article","name":"Download Dog and ball for free","description":"Download Dog and ball stock video footage. Choose from thousands of the best stock footage video clips to download.","url":"https://www.vecteezy.com/video/1274622-dog-and-ball","datePublished":"2020-09-07T13:34:30-05:00","author":"ivz","headline":"Download Dog and ball stock video footage. Choose from thousands of the best stock footage video clips to dow…","image":"https://static.vecteezy.com/system/resources/thumbnails/001/274/622/small_2x/dog-and-ball.jpg","publisher":{"@type":"Organization","name":"vecteezy","logo":{"@type":"ImageObject","url":"https://www.vecteezy.com//images/vecteezy-logo--orange.jpg"}},"mainEntityOfPage":"https://static.vecteezy.com/system/resources/thumbnails/001/274/622/small_2x/dog-and-ball.jpg","dateModified":"2020-09-07T13:34:30-05:00"},"root_dl":"https://static.vecteezy.com/system/protected/files/001/274/622/vecteezy_the-black-dog-plays-with-a-soccerball-slow-motion_1274622.mov","infoVideo":{"Resolution:":"HD 1920x1080","File Type:":"QuickTime","Codec:":"Photo-JPEG","Frame Rate:":"30 FPS","Aspect Ratio:":"16:9","Duration:":"00:29","vtype":".mov"}}