{"t1":"fisherman smokes","t2":"fisherman - Free HD Video Clips &amp; Stock Video Footage","tags":["people","retirement","fisherman","outdoors","activity","fishing","summer","sun","water","fish","fishing rod","river","nature","day","sport","casting","lake","sunlight","hobby","sunset","spool","sunny","beauty","beautiful people","fun","fog","sailing","drinking water","sea","trout"],"info":{"@context":"http://schema.org","@type":"Article","name":"Download fisherman for free","description":"Download fisherman stock video footage. Choose from thousands of the best stock footage video clips to download.","url":"https://www.vecteezy.com/video/1274677-fisherman","datePublished":"2020-09-07T13:39:24-05:00","author":"iv-serg","headline":"Download fisherman stock video footage. Choose from thousands of the best stock footage video clips to downlo…","image":"https://static.vecteezy.com/system/resources/thumbnails/001/274/677/small_2x/fisherman.jpg","publisher":{"@type":"Organization","name":"vecteezy","logo":{"@type":"ImageObject","url":"https://www.vecteezy.com//images/vecteezy-logo--orange.jpg"}},"mainEntityOfPage":"https://static.vecteezy.com/system/resources/thumbnails/001/274/677/small_2x/fisherman.jpg","dateModified":"2020-09-07T13:39:24-05:00"},"root_dl":"https://static.vecteezy.com/system/protected/files/001/274/677/vecteezy_fisherman-smokes_1274677.mov","infoVideo":{"Resolution:":"HD 1920x1080","File Type:":"QuickTime","Codec:":"Motion-JPEG A","Frame Rate:":"25 FPS","Aspect Ratio:":"16:9","Duration:":"00:08","vtype":".mov"}}