{"t1":"Close-up of a Welsh Corgi dog","t2":"Close-up of a dog - Free HD Video Clips &amp; Stock Video Footage","tags":["pets","looking","canine","animal","mammals","cute","indoors","dog","puppy","paw","outdoors","nature","grass","portrait","video","beauty","sleeping","happiness","fun","food","human body part","walking","listening","dachshund","tired","forest","meal","october","education","day"],"info":{"@context":"http://schema.org","@type":"Article","name":"Download Close-up of a dog for free","description":"Download Close-up of a dog stock video footage. Choose from thousands of the best stock footage video clips to download.","url":"https://www.vecteezy.com/video/1274595-close-up-of-a-dog","datePublished":"2020-09-07T13:32:25-05:00","author":"3ddi3","headline":"Download Close-up of a dog stock video footage. Choose from thousands of the best stock footage video clips t…","image":"https://static.vecteezy.com/system/resources/thumbnails/001/274/595/small_2x/close-up-of-a-dog.jpg","publisher":{"@type":"Organization","name":"vecteezy","logo":{"@type":"ImageObject","url":"https://www.vecteezy.com//images/vecteezy-logo--orange.jpg"}},"mainEntityOfPage":"https://static.vecteezy.com/system/resources/thumbnails/001/274/595/small_2x/close-up-of-a-dog.jpg","dateModified":"2020-09-07T13:32:25-05:00"},"root_dl":"https://static.vecteezy.com/system/protected/files/001/274/595/vecteezy_close-up-of-a-welsh-corgi-dog_1274595.mov","infoVideo":{"Resolution:":"HD 1920x1080","File Type:":"QuickTime","Codec:":"Photo-JPEG","Frame Rate:":"25 FPS","Aspect Ratio:":"16:9","Duration:":"00:29","vtype":".mov"}}