{"t1":"Fishing boat in the sea near a tropical beach. Samui Island. Thailand","t2":"Fishing boat - Free HD Video Clips &amp; Stock Video Footage","tags":["outdoors","sky","sand","summer","sun","water","beach","sea","horizon","island","nature","sailing ship","transportation","travel","beauty","sunset","sunlight","lake","cityscape","river","backgrounds","fog","weather","ship","day","reflection","beautiful people","environment","seascape","people"],"info":{"@context":"http://schema.org","@type":"Article","name":"Download Fishing boat for free","description":"Download Fishing boat stock video footage. Choose from thousands of the best stock footage video clips to download.","url":"https://www.vecteezy.com/video/1274185-fishing-boat","datePublished":"2020-09-07T12:34:14-05:00","author":"deltaoff","headline":"Download Fishing boat stock video footage. Choose from thousands of the best stock footage video clips to dow…","image":"https://static.vecteezy.com/system/resources/thumbnails/001/274/185/small_2x/fishing-boat.jpg","publisher":{"@type":"Organization","name":"vecteezy","logo":{"@type":"ImageObject","url":"https://www.vecteezy.com//images/vecteezy-logo--orange.jpg"}},"mainEntityOfPage":"https://static.vecteezy.com/system/resources/thumbnails/001/274/185/small_2x/fishing-boat.jpg","dateModified":"2020-09-07T12:34:14-05:00"},"root_dl":"https://static.vecteezy.com/system/protected/files/001/274/185/vecteezy_fishing-boat-in-the-sea-near-a-tropical-beach-samui-island-thailand_1274185.mov","infoVideo":{"Resolution:":"HD 1920x1080","File Type:":"QuickTime","Codec:":"Motion-JPEG A","Frame Rate:":"25 FPS","Aspect Ratio:":"16:9","Duration:":"00:14","vtype":".mov"}}