{"t1":"Adorable mongrel dog enjoys lying in the sun","t2":"Relaxing Dog - Free HD Video Clips &amp; Stock Video Footage","tags":["pets","looking","canine","animal","sleeping","waking up","mammals","cute","dog","puppy","outdoors","nature","portrait","grass","video","indoors","beauty","food","summer","happiness","paw","fun","people","animal family","snack","human body part","smelling","drink","lifestyle","meal"],"info":{"@context":"http://schema.org","@type":"Article","name":"Download Relaxing Dog for free","description":"Download Relaxing Dog stock video footage. Choose from thousands of the best stock footage video clips to download.","url":"https://www.vecteezy.com/video/1274409-relaxing-dog","datePublished":"2020-09-07T13:11:56-05:00","author":"rgtimeline","headline":"Download Relaxing Dog stock video footage. Choose from thousands of the best stock footage video clips to dow…","image":"https://static.vecteezy.com/system/resources/thumbnails/001/274/409/small_2x/relaxing-dog-video.jpg","publisher":{"@type":"Organization","name":"vecteezy","logo":{"@type":"ImageObject","url":"https://www.vecteezy.com//images/vecteezy-logo--orange.jpg"}},"mainEntityOfPage":"https://static.vecteezy.com/system/resources/thumbnails/001/274/409/small_2x/relaxing-dog-video.jpg","dateModified":"2020-09-07T13:11:56-05:00"},"root_dl":"https://static.vecteezy.com/system/protected/files/001/274/409/vecteezy_adorable-mongrel-dog-enjoys-lying-in-the-sun_1274409.mov","infoVideo":{"Resolution:":"SD 720x576","File Type:":"QuickTime","Codec:":"Photo-JPEG","Frame Rate:":"25 FPS","Aspect Ratio:":"5:4","Duration:":"00:12","vtype":".mov"}}