{"t1":"Fish market. Fresh sea fish in ice on the counter market. Fish market in Batumi, Georgia. Full HD 1920 x 1080p, 29,97 fps.","t2":"Fish Market - Free HD Video Clips &amp; Stock Video Footage","tags":["people","fisherman","outdoors","animal","seafood","food","sea","fish","selling","collection","meat","day","ice","fishing","business","water","agriculture","pond","farm","bucket","harvesting","loading","transportation","fishing net","nature","lake","catfish","healthy lifestyle","swimming","sunlight"],"info":{"@context":"http://schema.org","@type":"Article","name":"Download Fish Market for free","description":"Download Fish Market stock video footage. Choose from thousands of the best stock footage video clips to download.","url":"https://www.vecteezy.com/video/1274716-fish-market","datePublished":"2020-09-07T13:43:45-05:00","author":"rostrecords","headline":"Download Fish Market stock video footage. Choose from thousands of the best stock footage video clips to down…","image":"https://static.vecteezy.com/system/resources/thumbnails/001/274/716/small_2x/fish-market.jpg","publisher":{"@type":"Organization","name":"vecteezy","logo":{"@type":"ImageObject","url":"https://www.vecteezy.com//images/vecteezy-logo--orange.jpg"}},"mainEntityOfPage":"https://static.vecteezy.com/system/resources/thumbnails/001/274/716/small_2x/fish-market.jpg","dateModified":"2020-09-07T13:43:45-05:00"},"root_dl":"https://static.vecteezy.com/system/protected/files/001/274/716/vecteezy_fish-market-fresh-sea-fish-in-ice-on-the-counter-market-fish-market-in-batumi-georgia-full-hd-1920-x-1080p-2997-fps_1274716.mov","infoVideo":{"Resolution:":"HD 1920x1080","File Type:":"QuickTime","Codec:":"Photo-JPEG","Frame Rate:":"30 FPS","Aspect Ratio:":"16:9","Duration:":"00:16","vtype":".mov"}}