{"t1":"Girl running and playing with labrador puppy","t2":"Girl running and playing with puppy - Free HD Video Clips &amp; Stock Video Footage","tags":["grass","outdoors","animal","puppy","running","playing","dog","tree","nature","pets","happiness","joy","cute","beauty","golden retriever","mammals","canine","people","lifestyle","human body part","walking","autumn","fun","environment","video","beautiful people","leaf","summer","meadow","sleeping"],"info":{"@context":"http://schema.org","@type":"Article","name":"Download Girl running and playing with puppy for free","description":"Download Girl running and playing with puppy stock video footage. Choose from thousands of the best stock footage video clips to download.","url":"https://www.vecteezy.com/video/1274475-girl-running-and-playing-with-puppy","datePublished":"2020-09-07T13:19:12-05:00","author":"wundervisuals","headline":"Download Girl running and playing with puppy stock video footage. Choose from thousands of the best stock foo…","image":"https://static.vecteezy.com/system/resources/thumbnails/001/274/475/small_2x/girl-running-and-playing-with-puppy.jpg","publisher":{"@type":"Organization","name":"vecteezy","logo":{"@type":"ImageObject","url":"https://www.vecteezy.com//images/vecteezy-logo--orange.jpg"}},"mainEntityOfPage":"https://static.vecteezy.com/system/resources/thumbnails/001/274/475/small_2x/girl-running-and-playing-with-puppy.jpg","dateModified":"2020-09-07T13:19:12-05:00"},"root_dl":"https://static.vecteezy.com/system/protected/files/001/274/475/vecteezy_girl-running-and-playing-with-labrador-puppy_1274475.mov","infoVideo":{"Resolution:":"HD 1920x1080","File Type:":"QuickTime","Codec:":"Photo-JPEG","Frame Rate:":"25 FPS","Aspect Ratio:":"16:9","Duration:":"00:07","vtype":".mov"}}