{"t1":"Family pet bulldog being bathed in the garden by young mom &amp; her daughter","t2":"Mom &amp; Daughter Bathing Family Bulldog - Free HD Video Clips &amp; Stock Video Footage","tags":["pets","canine","outdoors","animal","lifestyle","fun","metal","family","mother","happiness","daughter","bulldog","dog","parent","cute","puppy","mammals","looking","people","indoors","nature","exhibition","video","grass","table","shampoo","beauty","wet","cleaning","clean"],"info":{"@context":"http://schema.org","@type":"Article","name":"Download Mom &amp; Daughter Bathing Family Bulldog for free","description":"Download Mom &amp; Daughter Bathing Family Bulldog stock video footage. Choose from thousands of the best stock footage video clips to download.","url":"https://www.vecteezy.com/video/1274526-mom-daughter-bathing-family-bulldog","datePublished":"2020-09-07T13:24:59-05:00","author":"spotmatik","headline":"Download Mom &amp; Daughter Bathing Family Bulldog stock video footage. Choose from thousands of the best stock f…","image":"https://static.vecteezy.com/system/resources/thumbnails/001/274/526/small_2x/mom-daughter-bathing-family-bulldog.jpg","publisher":{"@type":"Organization","name":"vecteezy","logo":{"@type":"ImageObject","url":"https://www.vecteezy.com//images/vecteezy-logo--orange.jpg"}},"mainEntityOfPage":"https://static.vecteezy.com/system/resources/thumbnails/001/274/526/small_2x/mom-daughter-bathing-family-bulldog.jpg","dateModified":"2020-09-07T13:24:59-05:00"},"root_dl":"https://static.vecteezy.com/system/protected/files/001/274/526/vecteezy_family-pet-bulldog-being-bathed-in-the-garden-by-young-mom---her-daughter_1274526.mov","infoVideo":{"Resolution:":"HD 1280x720","File Type:":"QuickTime","Codec:":"Photo-JPEG","Frame Rate:":"25 FPS","Aspect Ratio:":"16:9","Duration:":"00:21","vtype":".mov"}}