{"t1":"Cute happy Golden Retriever puppy playing in the garden","t2":"Cute Happy Dog Playing in the Garden - Free HD Video Clips &amp; Stock Video Footage","tags":["pets","grass","outdoors","animal","puppy","cute","happiness","golden retriever","playing","beauty","dog","nature","joy","mammals","canine","tree","people","lifestyle","autumn","running","walking","fun","video","environment","human body part","leaf","beautiful people","sleeping","meadow","portrait"],"info":{"@context":"http://schema.org","@type":"Article","name":"Download Cute Happy Dog Playing in the Garden for free","description":"Download Cute Happy Dog Playing in the Garden stock video footage. Choose from thousands of the best stock footage video clips to download.","url":"https://www.vecteezy.com/video/1274697-cute-happy-dog-playing-in-the-garden","datePublished":"2020-09-07T13:41:42-05:00","author":"trendobjects","headline":"Download Cute Happy Dog Playing in the Garden stock video footage. Choose from thousands of the best stock fo…","image":"https://static.vecteezy.com/system/resources/thumbnails/001/274/697/small_2x/cute-happy-dog-playing-in-the-garden.jpg","publisher":{"@type":"Organization","name":"vecteezy","logo":{"@type":"ImageObject","url":"https://www.vecteezy.com//images/vecteezy-logo--orange.jpg"}},"mainEntityOfPage":"https://static.vecteezy.com/system/resources/thumbnails/001/274/697/small_2x/cute-happy-dog-playing-in-the-garden.jpg","dateModified":"2020-09-07T13:41:42-05:00"},"root_dl":"https://static.vecteezy.com/system/protected/files/001/274/697/vecteezy_cute-happy-golden-retriever-puppy-playing-in-the-garden_1274697.mov","infoVideo":{"Resolution:":"HD 1920x1080","File Type:":"QuickTime","Codec:":"Photo-JPEG","Frame Rate:":"25 FPS","Aspect Ratio:":"16:9","Duration:":"00:09","vtype":".mov"}}