{"t1":"red fish comming really close to the camera","t2":"red fish - Free HD Video Clips &amp; Stock Video Footage","tags":["underwater","animal","sport","travel","fish","reef","sea","nature","red sea","octopus","swimming","island","turtle","water","puffer fish","insect","night","beauty","environment"],"info":{"@context":"http://schema.org","@type":"Article","name":"Download red fish for free","description":"Download red fish stock video footage. Choose from thousands of the best stock footage video clips to download.","url":"https://www.vecteezy.com/video/1274329-red-fish","datePublished":"2020-09-07T12:54:38-05:00","author":"amriphoto","headline":"Download red fish stock video footage. Choose from thousands of the best stock footage video clips to downloa…","image":"https://static.vecteezy.com/system/resources/thumbnails/001/274/329/small_2x/red-fish.jpg","publisher":{"@type":"Organization","name":"vecteezy","logo":{"@type":"ImageObject","url":"https://www.vecteezy.com//images/vecteezy-logo--orange.jpg"}},"mainEntityOfPage":"https://static.vecteezy.com/system/resources/thumbnails/001/274/329/small_2x/red-fish.jpg","dateModified":"2020-09-07T12:54:38-05:00"},"root_dl":"https://static.vecteezy.com/system/protected/files/001/274/329/vecteezy_red-fish-comming-really-close-to-the-camera_1274329.mov","infoVideo":{"Resolution:":"HD 1920x1080","File Type:":"QuickTime","Codec:":"Motion-JPEG A","Frame Rate:":"25 FPS","Aspect Ratio:":"16:9","Duration:":"00:17","vtype":".mov"}}