{"t1":"Little happy dog running uphill towards the camera.","t2":"Dog running uphill - Free HD Video Clips &amp; Stock Video Footage","tags":["pets","grass","outdoors","animal","lifestyle","summer","cute","happiness","running","dog","nature","joy","puppy","canine","mammals","looking","indoors","people","portrait","pomeranian","exhibition","video","fun","sunlight","playing","table","activity","beauty","walking","backgrounds"],"info":{"@context":"http://schema.org","@type":"Article","name":"Download Dog running uphill for free","description":"Download Dog running uphill stock video footage. Choose from thousands of the best stock footage video clips to download.","url":"https://www.vecteezy.com/video/1274606-dog-running-uphill","datePublished":"2020-09-07T13:33:10-05:00","author":"helivideo","headline":"Download Dog running uphill stock video footage. Choose from thousands of the best stock footage video clips …","image":"https://static.vecteezy.com/system/resources/thumbnails/001/274/606/small_2x/dog-running-uphill.jpg","publisher":{"@type":"Organization","name":"vecteezy","logo":{"@type":"ImageObject","url":"https://www.vecteezy.com//images/vecteezy-logo--orange.jpg"}},"mainEntityOfPage":"https://static.vecteezy.com/system/resources/thumbnails/001/274/606/small_2x/dog-running-uphill.jpg","dateModified":"2020-09-07T13:33:10-05:00"},"root_dl":"https://static.vecteezy.com/system/protected/files/001/274/606/vecteezy_little-happy-dog-running-uphill-towards-the-camera_1274606.mov","infoVideo":{"Resolution:":"HD 1920x1080","File Type:":"QuickTime","Codec:":"Photo-JPEG","Frame Rate:":"25 FPS","Aspect Ratio:":"16:9","Duration:":"00:05","vtype":".mov"}}