{"t1":"Litter of labrador retriever puppies sleeping.","t2":"Litter Of Puppies Sleeping - Free HD Video Clips &amp; Stock Video Footage","tags":["canine","animal","puppy","sleeping","food","mammals","dog","nature","animal family","pets","outdoors","cute","grass","playing","happiness","fun","human body part","people","joy","tree","running","video","walking","autumn","environment","leaf","portrait","looking","tired","beauty"],"info":{"@context":"http://schema.org","@type":"Article","name":"Download Litter Of Puppies Sleeping for free","description":"Download Litter Of Puppies Sleeping stock video footage. Choose from thousands of the best stock footage video clips to download.","url":"https://www.vecteezy.com/video/1274591-litter-of-puppies-sleeping","datePublished":"2020-09-07T13:32:08-05:00","author":"pr4god","headline":"Download Litter Of Puppies Sleeping stock video footage. Choose from thousands of the best stock footage vide…","image":"https://static.vecteezy.com/system/resources/thumbnails/001/274/591/small_2x/litter-of-puppies-sleeping.jpg","publisher":{"@type":"Organization","name":"vecteezy","logo":{"@type":"ImageObject","url":"https://www.vecteezy.com//images/vecteezy-logo--orange.jpg"}},"mainEntityOfPage":"https://static.vecteezy.com/system/resources/thumbnails/001/274/591/small_2x/litter-of-puppies-sleeping.jpg","dateModified":"2020-09-07T13:32:08-05:00"},"root_dl":"https://static.vecteezy.com/system/protected/files/001/274/591/vecteezy_litter-of-labrador-retriever-puppies-sleeping_1274591.mov","infoVideo":{"Resolution:":"HD 1920x1080","File Type:":"QuickTime","Codec:":"Motion-JPEG B","Frame Rate:":"30 FPS","Aspect Ratio:":"16:9","Duration:":"00:15","vtype":".mov"}}