{"t1":"Dog in nature. Jack Russell Terrier. 4K ultra hd to HD video.","t2":"Dog in Nature 4k to HD Video - Free HD Video Clips &amp; Stock Video Footage","tags":["pets","canine","outdoors","animal","sunlight","terrier","food","autumn","sunny","meadow","dog","nature","day","cute","puppy","mammals","beauty","people","looking","beautiful people","fun","indoors","exhibition","activity","grass","walking","lifestyle","table","happiness","summer"],"info":{"@context":"http://schema.org","@type":"Article","name":"Download Dog in Nature 4k to HD Video for free","description":"Download Dog in Nature 4k to HD Video stock video footage. Choose from thousands of the best stock footage video clips to download.","url":"https://www.vecteezy.com/video/1274011-dog-in-nature-4k-to-hd-video","datePublished":"2020-09-07T12:17:28-05:00","author":"mvr81","headline":"Download Dog in Nature 4k to HD Video stock video footage. Choose from thousands of the best stock footage vi…","image":"https://static.vecteezy.com/system/resources/thumbnails/001/274/011/small_2x/dog-in-nature-4k-to-hd-video.jpg","publisher":{"@type":"Organization","name":"vecteezy","logo":{"@type":"ImageObject","url":"https://www.vecteezy.com//images/vecteezy-logo--orange.jpg"}},"mainEntityOfPage":"https://static.vecteezy.com/system/resources/thumbnails/001/274/011/small_2x/dog-in-nature-4k-to-hd-video.jpg","dateModified":"2020-09-07T12:17:28-05:00"},"root_dl":"https://static.vecteezy.com/system/protected/files/001/274/011/vecteezy_dog-in-nature-jack-russell-terrier-4k-ultra-hd-to-hd-video_1274011.mov","infoVideo":{"Resolution:":"HD 1920x1080","File Type:":"QuickTime","Codec:":"Photo-JPEG","Frame Rate:":"25 FPS","Aspect Ratio:":"16:9","Duration:":"00:10","vtype":".mov"}}