{"t1":"Woman cutting little fishes&#39; head off on a round wooden board on the ground using a butcher knife","t2":"Woman cutting little fishes&#39; head off on a round wooden board - Free HD Video Clips &amp; Stock Video Footage","tags":["working","people","fisherman","outdoors","animal","cutting","human body part","seafood","cooking","fishing","food","part","fish","healthy lifestyle"],"info":{"@context":"http://schema.org","@type":"Article","name":"Download Woman cutting little fishes&#39; head off on a round wooden board for free","description":"Download Woman cutting little fishes&#39; head off on a round wooden board stock video footage. Choose from thousands of the best stock footage video clips to download.","url":"https://www.vecteezy.com/video/1274131-woman-cutting-little-fishes-head-off-on-a-round-wooden-board","datePublished":"2020-09-07T12:28:37-05:00","author":"worldpicture","headline":"Download Woman cutting little fishes&#39; head off on a round wooden board stock video footage. Choose from thous…","image":"https://static.vecteezy.com/system/resources/thumbnails/001/274/131/small_2x/woman-cutting-little-fishes-head-off-on-a-round-wooden-board.jpg","publisher":{"@type":"Organization","name":"vecteezy","logo":{"@type":"ImageObject","url":"https://www.vecteezy.com//images/vecteezy-logo--orange.jpg"}},"mainEntityOfPage":"https://static.vecteezy.com/system/resources/thumbnails/001/274/131/small_2x/woman-cutting-little-fishes-head-off-on-a-round-wooden-board.jpg","dateModified":"2020-09-07T12:28:37-05:00"},"root_dl":"https://static.vecteezy.com/system/protected/files/001/274/131/vecteezy_woman-cutting-little-fishes-head-off-on-a-round-wooden-board-on-the-ground-using-a-butcher-knife_1274131.mov","infoVideo":{"Resolution:":"HD 1920x1080","File Type:":"QuickTime","Codec:":"Photo-JPEG","Frame Rate:":"25 FPS","Aspect Ratio:":"16:9","Duration:":"00:25","vtype":".mov"}}