{"t1":"beautiful old senior labrador dog lying in the meadow and looking","t2":"beautiful old senior labrador dog lying in the meadow - Free HD Video Clips &amp; Stock Video Footage","tags":["looking","outdoors","animal","cute","meadow","dog","grass","pets","nature","puppy","happiness","joy","golden retriever","playing","beauty","mammals","canine","lifestyle","tree","autumn","people","fun","walking","human body part","running","beautiful people","video","leaf","environment","portrait"],"info":{"@context":"http://schema.org","@type":"Article","name":"Download beautiful old senior labrador dog lying in the meadow for free","description":"Download beautiful old senior labrador dog lying in the meadow stock video footage. Choose from thousands of the best stock footage video clips to download.","url":"https://www.vecteezy.com/video/1274487-beautiful-old-senior-labrador-dog-lying-in-the-meadow","datePublished":"2020-09-07T13:20:51-05:00","author":"antoniomari","headline":"Download beautiful old senior labrador dog lying in the meadow stock video footage. Choose from thousands of …","image":"https://static.vecteezy.com/system/resources/thumbnails/001/274/487/small_2x/beautiful-old-senior-labrador-dog-lying-in-the-meadow.jpg","publisher":{"@type":"Organization","name":"vecteezy","logo":{"@type":"ImageObject","url":"https://www.vecteezy.com//images/vecteezy-logo--orange.jpg"}},"mainEntityOfPage":"https://static.vecteezy.com/system/resources/thumbnails/001/274/487/small_2x/beautiful-old-senior-labrador-dog-lying-in-the-meadow.jpg","dateModified":"2020-09-07T13:20:51-05:00"},"root_dl":"https://static.vecteezy.com/system/protected/files/001/274/487/vecteezy_beautiful-old-senior-labrador-dog-lying-in-the-meadow-and-looking_1274487.mov","infoVideo":{"Resolution:":"HD 1920x1080","File Type:":"QuickTime","Codec:":"Photo-JPEG","Frame Rate:":"25 FPS","Aspect Ratio:":"16:9","Duration:":"00:19","vtype":".mov"}}