{"t1":"Cook the fish are fried in pan on asian stove","t2":"Frying Fish - Free HD Video Clips &amp; Stock Video Footage","tags":["kitchen","seafood","cooking oil","cooking","food","meal","fish","cooking pan","indoors","home interior","food and drink","people","lifestyle","dinner","table","house","vegetable","human body part","making","chef","fashion","meat","bakery","organic","bread","looking","steak","breakfast","lunch","baking"],"info":{"@context":"http://schema.org","@type":"Article","name":"Download Frying Fish for free","description":"Download Frying Fish stock video footage. Choose from thousands of the best stock footage video clips to download.","url":"https://www.vecteezy.com/video/1274219-frying-fish","datePublished":"2020-09-07T12:36:23-05:00","author":"rakratchada","headline":"Download Frying Fish stock video footage. Choose from thousands of the best stock footage video clips to down…","image":"https://static.vecteezy.com/system/resources/thumbnails/001/274/219/small_2x/frying-fish.jpg","publisher":{"@type":"Organization","name":"vecteezy","logo":{"@type":"ImageObject","url":"https://www.vecteezy.com//images/vecteezy-logo--orange.jpg"}},"mainEntityOfPage":"https://static.vecteezy.com/system/resources/thumbnails/001/274/219/small_2x/frying-fish.jpg","dateModified":"2020-09-07T12:36:23-05:00"},"root_dl":"https://static.vecteezy.com/system/protected/files/001/274/219/vecteezy_cook-the-fish-are-fried-in-pan-on-asian-stove_1274219.mov","infoVideo":{"Resolution:":"HD 1920x1080","File Type:":"QuickTime","Codec:":"Photo-JPEG","Frame Rate:":"30 FPS","Aspect Ratio:":"16:9","Duration:":"00:28","vtype":".mov"}}