{"t1":"Fish grilled on charcoal grills","t2":"Grilled fish. - Free HD Video Clips &amp; Stock Video Footage","tags":["animal","cooking","food","fish","nature","meat","outdoors","flame","meal","dinner","hamburger","coal","burger","lunch","steak","chef","picnic","seafood","summer","pork","food and drink","restaurant","human body part","sausage","people","kebab","camping","lifestyle","cultures","river"],"info":{"@context":"http://schema.org","@type":"Article","name":"Download Grilled fish. for free","description":"Download Grilled fish. stock video footage. Choose from thousands of the best stock footage video clips to download.","url":"https://www.vecteezy.com/video/1274222-grilled-fish","datePublished":"2020-09-07T12:36:58-05:00","author":"thepoo","headline":"Download Grilled fish. stock video footage. Choose from thousands of the best stock footage video clips to do…","image":"https://static.vecteezy.com/system/resources/thumbnails/001/274/222/small_2x/grilled-fish.jpg","publisher":{"@type":"Organization","name":"vecteezy","logo":{"@type":"ImageObject","url":"https://www.vecteezy.com//images/vecteezy-logo--orange.jpg"}},"mainEntityOfPage":"https://static.vecteezy.com/system/resources/thumbnails/001/274/222/small_2x/grilled-fish.jpg","dateModified":"2020-09-07T12:36:58-05:00"},"root_dl":"https://static.vecteezy.com/system/protected/files/001/274/222/vecteezy_fish-grilled-on-charcoal-grills_1274222.mov","infoVideo":{"Resolution:":"HD 1920x1080","File Type:":"QuickTime","Codec:":"Photo-JPEG","Frame Rate:":"30 FPS","Aspect Ratio:":"16:9","Duration:":"00:07","vtype":".mov"}}