{"t1":"Beautiful scenery with Chinese fishing boats.","t2":"fishing boats - Free HD Video Clips &amp; Stock Video Footage","tags":["wind","fisherman","outdoors","sky","ship","seafood","shipping","fishing","summer","water","beach","sea","environment","flag","old","nature","industry"],"info":{"@context":"http://schema.org","@type":"Article","name":"Download fishing boats for free","description":"Download fishing boats stock video footage. Choose from thousands of the best stock footage video clips to download.","url":"https://www.vecteezy.com/video/1274299-fishing-boats","datePublished":"2020-09-07T12:48:09-05:00","author":"baianliang","headline":"Download fishing boats stock video footage. Choose from thousands of the best stock footage video clips to do…","image":"https://static.vecteezy.com/system/resources/thumbnails/001/274/299/small_2x/fishing-boats.jpg","publisher":{"@type":"Organization","name":"vecteezy","logo":{"@type":"ImageObject","url":"https://www.vecteezy.com//images/vecteezy-logo--orange.jpg"}},"mainEntityOfPage":"https://static.vecteezy.com/system/resources/thumbnails/001/274/299/small_2x/fishing-boats.jpg","dateModified":"2020-09-07T12:48:09-05:00"},"root_dl":"https://static.vecteezy.com/system/protected/files/001/274/299/vecteezy_beautiful-scenery-with-chinese-fishing-boats_1274299.mov","infoVideo":{"Resolution:":"HD 1920x1080","File Type:":"QuickTime","Codec:":"Photo-JPEG","Frame Rate:":"30 FPS","Aspect Ratio:":"16:9","Duration:":"00:14","vtype":".mov"}}