{"t1":"Litter of curious retriever puppies.","t2":"Litter Of Curious Puppies - Free HD Video Clips &amp; Stock Video Footage","tags":["canine","animal","high up","puppy","food","mammals","cute","dog","animal family","pets","outdoors","nature","playing","grass","fun","happiness","human body part","joy","tree","running","people","video","walking","autumn","leaf","environment","sleeping","portrait","looking","chocolate"],"info":{"@context":"http://schema.org","@type":"Article","name":"Download Litter Of Curious Puppies for free","description":"Download Litter Of Curious Puppies stock video footage. Choose from thousands of the best stock footage video clips to download.","url":"https://www.vecteezy.com/video/1274500-litter-of-curious-puppies","datePublished":"2020-09-07T13:22:12-05:00","author":"pr4god","headline":"Download Litter Of Curious Puppies stock video footage. Choose from thousands of the best stock footage video…","image":"https://static.vecteezy.com/system/resources/thumbnails/001/274/500/small_2x/litter-of-curious-puppies.jpg","publisher":{"@type":"Organization","name":"vecteezy","logo":{"@type":"ImageObject","url":"https://www.vecteezy.com//images/vecteezy-logo--orange.jpg"}},"mainEntityOfPage":"https://static.vecteezy.com/system/resources/thumbnails/001/274/500/small_2x/litter-of-curious-puppies.jpg","dateModified":"2020-09-07T13:22:12-05:00"},"root_dl":"https://static.vecteezy.com/system/protected/files/001/274/500/vecteezy_litter-of-curious-retriever-puppies_1274500.mov","infoVideo":{"Resolution:":"HD 1920x1080","File Type:":"QuickTime","Codec:":"Motion-JPEG B","Frame Rate:":"30 FPS","Aspect Ratio:":"16:9","Duration:":"00:16","vtype":".mov"}}