{"t1":"HD: Little Dog on White","t2":"HD: Little Dog on White - Free HD Video Clips &amp; Stock Video Footage","tags":["pets","looking","home interior","canine","animal","video","puppy","house","cute","happiness","playing","indoors","dog","mammals","outdoors","nature","grass","fun","human body part","running","joy","tree","leaf","autumn","people","walking","environment","portrait","beauty","tired"],"info":{"@context":"http://schema.org","@type":"Article","name":"Download HD: Little Dog on White for free","description":"Download HD: Little Dog on White stock video footage. Choose from thousands of the best stock footage video clips to download.","url":"https://www.vecteezy.com/video/1274483-hd-little-dog-on-white","datePublished":"2020-09-07T13:20:24-05:00","author":"william87","headline":"Download HD: Little Dog on White stock video footage. Choose from thousands of the best stock footage video c…","image":"https://static.vecteezy.com/system/resources/thumbnails/001/274/483/small_2x/hd-little-dog-on-white.jpg","publisher":{"@type":"Organization","name":"vecteezy","logo":{"@type":"ImageObject","url":"https://www.vecteezy.com//images/vecteezy-logo--orange.jpg"}},"mainEntityOfPage":"https://static.vecteezy.com/system/resources/thumbnails/001/274/483/small_2x/hd-little-dog-on-white.jpg","dateModified":"2020-09-07T13:20:24-05:00"},"root_dl":"https://static.vecteezy.com/system/protected/files/001/274/483/vecteezy_hd-little-dog-on-white_1274483.mov","infoVideo":{"Resolution:":"HD 1920x1080","File Type:":"QuickTime","Codec:":"Photo-JPEG","Frame Rate:":"25 FPS","Aspect Ratio:":"16:9","Duration:":"00:28","vtype":".mov"}}