{"t1":"A dog contemplates breaking the law by jumping into a private lake.","t2":"Dog Thinks About Breaking The Law - Free HD Video Clips &amp; Stock Video Footage","tags":["people","criminal","outdoors","frustration","sunlight","bright","snowing","winter","sadness","sunny","crime","dog","travel","cityscape","summer","sky","water","city","tourist","beauty","architecture","nature","beautiful people","sunset","sun","sea","yacht","beach","day","island"],"info":{"@context":"http://schema.org","@type":"Article","name":"Download Dog Thinks About Breaking The Law for free","description":"Download Dog Thinks About Breaking The Law stock video footage. Choose from thousands of the best stock footage video clips to download.","url":"https://www.vecteezy.com/video/1274528-dog-thinks-about-breaking-the-law","datePublished":"2020-09-07T13:25:15-05:00","author":"stockfilmdotcom","headline":"Download Dog Thinks About Breaking The Law stock video footage. Choose from thousands of the best stock foota…","image":"https://static.vecteezy.com/system/resources/thumbnails/001/274/528/small_2x/dog-thinks-about-breaking-the-law.jpg","publisher":{"@type":"Organization","name":"vecteezy","logo":{"@type":"ImageObject","url":"https://www.vecteezy.com//images/vecteezy-logo--orange.jpg"}},"mainEntityOfPage":"https://static.vecteezy.com/system/resources/thumbnails/001/274/528/small_2x/dog-thinks-about-breaking-the-law.jpg","dateModified":"2020-09-07T13:25:15-05:00"},"root_dl":"https://static.vecteezy.com/system/protected/files/001/274/528/vecteezy_a-dog-contemplates-breaking-the-law-by-jumping-into-a-private-lake_1274528.mov","infoVideo":{"Resolution:":"HD 1920x1080","File Type:":"QuickTime","Codec:":"Photo-JPEG","Frame Rate:":"30 FPS","Aspect Ratio:":"16:9","Duration:":"00:11","vtype":".mov"}}