{"t1":"Happy labrador dog swimming and playing in the sea.","t2":"Happy labrador dog swimming and playing in the sea. - Free HD Video Clips &amp; Stock Video Footage","tags":["pets","canine","outdoors","cute","beach","sea","playing","beauty","dog","swimming","animal","puppy","mammals","nature","people","human body part","fun","happiness","running","joy","grass","summer","video","walking","tree","looking","environment","autumn","leaf","water"],"info":{"@context":"http://schema.org","@type":"Article","name":"Download Happy labrador dog swimming and playing in the sea. for free","description":"Download Happy labrador dog swimming and playing in the sea. stock video footage. Choose from thousands of the best stock footage video clips to download.","url":"https://www.vecteezy.com/video/1274412-happy-labrador-dog-swimming-and-playing-in-the-sea","datePublished":"2020-09-07T13:12:14-05:00","author":"bill anastasiou","headline":"Download Happy labrador dog swimming and playing in the sea. stock video footage. Choose from thousands of th…","image":"https://static.vecteezy.com/system/resources/thumbnails/001/274/412/small_2x/happy-labrador-dog-swimming-and-playing-in-the-sea.jpg","publisher":{"@type":"Organization","name":"vecteezy","logo":{"@type":"ImageObject","url":"https://www.vecteezy.com//images/vecteezy-logo--orange.jpg"}},"mainEntityOfPage":"https://static.vecteezy.com/system/resources/thumbnails/001/274/412/small_2x/happy-labrador-dog-swimming-and-playing-in-the-sea.jpg","dateModified":"2020-09-07T13:12:14-05:00"},"root_dl":"https://static.vecteezy.com/system/protected/files/001/274/412/vecteezy_happy-labrador-dog-swimming-and-playing-in-the-sea_1274412.mov","infoVideo":{"Resolution:":"HD 1920x1080","File Type:":"QuickTime","Codec:":"Photo-JPEG","Frame Rate:":"24 FPS","Aspect Ratio:":"16:9","Duration:":"00:75","vtype":".mov"}}