{"t1":"dog sniff the snow","t2":"dog sniff the snow - Free HD Video Clips &amp; Stock Video Footage","tags":["pets","people","snow","canine","outdoors","smelling","video","winter","meeting","happiness","dog","nature","day","animal","mammals","puppy","cute","grass","fun","walking","running","tree","human body part","autumn","playing","leaf","environment","joy","activity","sport"],"info":{"@context":"http://schema.org","@type":"Article","name":"Download dog sniff the snow for free","description":"Download dog sniff the snow stock video footage. Choose from thousands of the best stock footage video clips to download.","url":"https://www.vecteezy.com/video/1274509-dog-sniff-the-snow","datePublished":"2020-09-07T13:22:58-05:00","author":"husark","headline":"Download dog sniff the snow stock video footage. Choose from thousands of the best stock footage video clips …","image":"https://static.vecteezy.com/system/resources/thumbnails/001/274/509/small_2x/dog-sniff-the-snow.jpg","publisher":{"@type":"Organization","name":"vecteezy","logo":{"@type":"ImageObject","url":"https://www.vecteezy.com//images/vecteezy-logo--orange.jpg"}},"mainEntityOfPage":"https://static.vecteezy.com/system/resources/thumbnails/001/274/509/small_2x/dog-sniff-the-snow.jpg","dateModified":"2020-09-07T13:22:58-05:00"},"root_dl":"https://static.vecteezy.com/system/protected/files/001/274/509/vecteezy_dog-sniff-the-snow_1274509.mov","infoVideo":{"Resolution:":"HD 1920x1080","File Type:":"QuickTime","Codec:":"Photo-JPEG","Frame Rate:":"25 FPS","Aspect Ratio:":"16:9","Duration:":"00:08","vtype":".mov"}}