{"t1":"raccoon butterfly fish","t2":"Butterfly Fish - Free HD Video Clips &amp; Stock Video Footage","tags":["underwater","red sea","sea","environment","nature","water","desert","fish","beauty","animal","aquarium","submarine","pets","zoo","plant","reef","mammals","farm","indoors"],"info":{"@context":"http://schema.org","@type":"Article","name":"Download Butterfly Fish for free","description":"Download Butterfly Fish stock video footage. Choose from thousands of the best stock footage video clips to download.","url":"https://www.vecteezy.com/video/1274281-butterfly-fish","datePublished":"2020-09-07T12:45:41-05:00","author":"sango-films","headline":"Download Butterfly Fish stock video footage. Choose from thousands of the best stock footage video clips to d…","image":"https://static.vecteezy.com/system/resources/thumbnails/001/274/281/small_2x/butterfly-fish.jpg","publisher":{"@type":"Organization","name":"vecteezy","logo":{"@type":"ImageObject","url":"https://www.vecteezy.com//images/vecteezy-logo--orange.jpg"}},"mainEntityOfPage":"https://static.vecteezy.com/system/resources/thumbnails/001/274/281/small_2x/butterfly-fish.jpg","dateModified":"2020-09-07T12:45:41-05:00"},"root_dl":"https://static.vecteezy.com/system/protected/files/001/274/281/vecteezy_raccoon-butterfly-fish_1274281.mov","infoVideo":{"Resolution:":"4K 3840x2160","File Type:":"QuickTime","Codec:":"ProRes 422 (HQ)","Frame Rate:":"24 FPS","Aspect Ratio:":"16:9","Duration:":"00:12","vtype":".mov"}}