{"t1":"German shepherd on the green grass slow motion","t2":"German Shepherd On The Yard Slow Motion - Free HD Video Clips &amp; Stock Video Footage","tags":["pets","grass","looking","canine","outdoors","animal","fun","german shepherd","security guard","walking","summer","mammals","dog","nature","portrait","cute","puppy","people","happiness","beauty","day","lifestyle","sheep","beautiful people","meadow","loyalty","joy","activity","winter","playing"],"info":{"@context":"http://schema.org","@type":"Article","name":"Download German Shepherd On The Yard Slow Motion for free","description":"Download German Shepherd On The Yard Slow Motion stock video footage. Choose from thousands of the best stock footage video clips to download.","url":"https://www.vecteezy.com/video/1274537-german-shepherd-on-the-yard-slow-motion","datePublished":"2020-09-07T13:26:00-05:00","author":"grdenis","headline":"Download German Shepherd On The Yard Slow Motion stock video footage. Choose from thousands of the best stock…","image":"https://static.vecteezy.com/system/resources/thumbnails/001/274/537/small_2x/german-shepherd-on-the-yard-slow-motion.jpg","publisher":{"@type":"Organization","name":"vecteezy","logo":{"@type":"ImageObject","url":"https://www.vecteezy.com//images/vecteezy-logo--orange.jpg"}},"mainEntityOfPage":"https://static.vecteezy.com/system/resources/thumbnails/001/274/537/small_2x/german-shepherd-on-the-yard-slow-motion.jpg","dateModified":"2020-09-07T13:26:00-05:00"},"root_dl":"https://static.vecteezy.com/system/protected/files/001/274/537/vecteezy_german-shepherd-on-the-green-grass-slow-motion_1274537.mov","infoVideo":{"Resolution:":"HD 1920x1080","File Type:":"QuickTime","Codec:":"Photo-JPEG","Frame Rate:":"24 FPS","Aspect Ratio:":"16:9","Duration:":"00:32","vtype":".mov"}}