{"t1":"evening fishing","t2":"evening fishing - Free HD Video Clips &amp; Stock Video Footage","tags":["people","fisherman","outdoors","lifestyle","sunlight","fun","sport","sky","lake","activity","fishing","sun","water","hobby","casting","travel","sea","sunset","fishing rod","beauty","river","nature","healthy lifestyle"],"info":{"@context":"http://schema.org","@type":"Article","name":"Download evening fishing for free","description":"Download evening fishing stock video footage. Choose from thousands of the best stock footage video clips to download.","url":"https://www.vecteezy.com/video/1274177-evening-fishing","datePublished":"2020-09-07T12:33:19-05:00","author":"kostyantyn skuridin","headline":"Download evening fishing stock video footage. Choose from thousands of the best stock footage video clips to …","image":"https://static.vecteezy.com/system/resources/thumbnails/001/274/177/small_2x/evening-fishing.jpg","publisher":{"@type":"Organization","name":"vecteezy","logo":{"@type":"ImageObject","url":"https://www.vecteezy.com//images/vecteezy-logo--orange.jpg"}},"mainEntityOfPage":"https://static.vecteezy.com/system/resources/thumbnails/001/274/177/small_2x/evening-fishing.jpg","dateModified":"2020-09-07T12:33:19-05:00"},"root_dl":"https://static.vecteezy.com/system/protected/files/001/274/177/vecteezy_evening-fishing_1274177.mov","infoVideo":{"Resolution:":"HD 1920x1080","File Type:":"QuickTime","Codec:":"Photo-JPEG","Frame Rate:":"24 FPS","Aspect Ratio:":"16:9","Duration:":"00:17","vtype":".mov"}}