{"t1":"Cute young brown dog is playing with toys. Dog is lying on a grass. Closeup footage.","t2":"Cute dog is playing with toy. - Free HD Video Clips &amp; Stock Video Footage","tags":["pets","grass","outdoors","animal","fun","toy","cute","happiness","playing","beauty","dog","canine","mammals","puppy","nature","looking","portrait","summer","video","activity","walking","running","paw","human body part","indoors","meadow","autumn","beautiful people","sky","day"],"info":{"@context":"http://schema.org","@type":"Article","name":"Download Cute dog is playing with toy. for free","description":"Download Cute dog is playing with toy. stock video footage. Choose from thousands of the best stock footage video clips to download.","url":"https://www.vecteezy.com/video/1274019-cute-dog-is-playing-with-toy","datePublished":"2020-09-07T12:18:18-05:00","author":"hamikus","headline":"Download Cute dog is playing with toy. stock video footage. Choose from thousands of the best stock footage v…","image":"https://static.vecteezy.com/system/resources/thumbnails/001/274/019/small_2x/cute-dog-is-playing-with-toy.jpg","publisher":{"@type":"Organization","name":"vecteezy","logo":{"@type":"ImageObject","url":"https://www.vecteezy.com//images/vecteezy-logo--orange.jpg"}},"mainEntityOfPage":"https://static.vecteezy.com/system/resources/thumbnails/001/274/019/small_2x/cute-dog-is-playing-with-toy.jpg","dateModified":"2020-09-07T12:18:18-05:00"},"root_dl":"https://static.vecteezy.com/system/protected/files/001/274/019/vecteezy_cute-young-brown-dog-is-playing-with-toys-dog-is-lying-on-a-grass-closeup-footage_1274019.mov","infoVideo":{"Resolution:":"HD 1920x1080","File Type:":"QuickTime","Codec:":"Photo-JPEG","Frame Rate:":"30 FPS","Aspect Ratio:":"16:9","Duration:":"00:15","vtype":".mov"}}