{"t1":"aquarium fish","t2":"big fish - Free HD Video Clips &amp; Stock Video Footage","tags":["underwater","animal","backgrounds","sand","water","fish","swimming","nature","aquarium","sea","lifestyle","plant","pets","seafood","video","reef","transparent","beauty","weight scale","biology","bubble","goldfish","outdoors","river","shark","environment","travel","fishing","wet","filming"],"info":{"@context":"http://schema.org","@type":"Article","name":"Download big fish for free","description":"Download big fish stock video footage. Choose from thousands of the best stock footage video clips to download.","url":"https://www.vecteezy.com/video/1274751-big-fish","datePublished":"2020-09-07T13:47:40-05:00","author":"palomink","headline":"Download big fish stock video footage. Choose from thousands of the best stock footage video clips to downloa…","image":"https://static.vecteezy.com/system/resources/thumbnails/001/274/751/small_2x/big-fish.jpg","publisher":{"@type":"Organization","name":"vecteezy","logo":{"@type":"ImageObject","url":"https://www.vecteezy.com//images/vecteezy-logo--orange.jpg"}},"mainEntityOfPage":"https://static.vecteezy.com/system/resources/thumbnails/001/274/751/small_2x/big-fish.jpg","dateModified":"2020-09-07T13:47:40-05:00"},"root_dl":"https://static.vecteezy.com/system/protected/files/001/274/751/vecteezy_aquarium-fish_1274751.mov","infoVideo":{"Resolution:":"HD 1920x1080","File Type:":"QuickTime","Codec:":"Motion-JPEG B","Frame Rate:":"25 FPS","Aspect Ratio:":"16:9","Duration:":"00:18","vtype":".mov"}}