{"t1":"Two dachshund puppy are looking ahead","t2":"Eyes of puppies - Free HD Video Clips &amp; Stock Video Footage","tags":["pets","looking","canine","animal","puppy","mammals","cute","dog","dachshund","portrait","nature","outdoors","grass","indoors","video","paw","day","fun","summer","happiness","food","animal family","listening","running","forest","meal","sleeping","october","education","weather"],"info":{"@context":"http://schema.org","@type":"Article","name":"Download Eyes of puppies for free","description":"Download Eyes of puppies stock video footage. Choose from thousands of the best stock footage video clips to download.","url":"https://www.vecteezy.com/video/1274524-eyes-of-puppies","datePublished":"2020-09-07T13:24:50-05:00","author":"g-o-o-d-m-a-n","headline":"Download Eyes of puppies stock video footage. Choose from thousands of the best stock footage video clips to …","image":"https://static.vecteezy.com/system/resources/thumbnails/001/274/524/small_2x/eyes-of-puppies.jpg","publisher":{"@type":"Organization","name":"vecteezy","logo":{"@type":"ImageObject","url":"https://www.vecteezy.com//images/vecteezy-logo--orange.jpg"}},"mainEntityOfPage":"https://static.vecteezy.com/system/resources/thumbnails/001/274/524/small_2x/eyes-of-puppies.jpg","dateModified":"2020-09-07T13:24:50-05:00"},"root_dl":"https://static.vecteezy.com/system/protected/files/001/274/524/vecteezy_two-dachshund-puppy-are-looking-ahead_1274524.mov","infoVideo":{"Resolution:":"HD 1920x1080","File Type:":"QuickTime","Codec:":"Photo-JPEG","Frame Rate:":"30 FPS","Aspect Ratio:":"16:9","Duration:":"00:22","vtype":".mov"}}