{"t1":"White dog bites something","t2":"White dog - Free HD Video Clips &amp; Stock Video Footage","tags":["pets","outdoors","animal","puppy","walking","pomeranian","communication","running","playing","portrait","dog","nature","grass","cute","happiness","beauty","joy","golden retriever","lifestyle","beautiful people","fun","summer","people","mammals","canine","activity","tree","sleeping","farm","sphere"],"info":{"@context":"http://schema.org","@type":"Article","name":"Download White dog for free","description":"Download White dog stock video footage. Choose from thousands of the best stock footage video clips to download.","url":"https://www.vecteezy.com/video/1274115-white-dog","datePublished":"2020-09-07T12:26:52-05:00","author":"raweenuttapong","headline":"Download White dog stock video footage. Choose from thousands of the best stock footage video clips to downlo…","image":"https://static.vecteezy.com/system/resources/thumbnails/001/274/115/small_2x/white-dog.jpg","publisher":{"@type":"Organization","name":"vecteezy","logo":{"@type":"ImageObject","url":"https://www.vecteezy.com//images/vecteezy-logo--orange.jpg"}},"mainEntityOfPage":"https://static.vecteezy.com/system/resources/thumbnails/001/274/115/small_2x/white-dog.jpg","dateModified":"2020-09-07T12:26:52-05:00"},"root_dl":"https://static.vecteezy.com/system/protected/files/001/274/115/vecteezy_white-dog-bites-something_1274115.mov","infoVideo":{"Resolution:":"HD 1920x1080","File Type:":"QuickTime","Codec:":"Photo-JPEG","Frame Rate:":"24 FPS","Aspect Ratio:":"16:9","Duration:":"00:11","vtype":".mov"}}