{"t1":"Frying fish","t2":"Frying fish - Free HD Video Clips &amp; Stock Video Footage","tags":["seafood","cooking oil","cooking","food and drink","food","kitchen utensils","fish","cooking pan","chinese food","meat","wok","meal","outdoors","nature","kitchen","flame","lunch","dinner","water","swimming","insect","pond","fishing","liquid","lake","river","animal","human body part","trout","indoors"],"info":{"@context":"http://schema.org","@type":"Article","name":"Download Frying fish for free","description":"Download Frying fish stock video footage. Choose from thousands of the best stock footage video clips to download.","url":"https://www.vecteezy.com/video/1274261-frying-fish","datePublished":"2020-09-07T12:42:27-05:00","author":"suratoho","headline":"Download Frying fish stock video footage. Choose from thousands of the best stock footage video clips to down…","image":"https://static.vecteezy.com/system/resources/thumbnails/001/274/261/small_2x/frying-fish.jpg","publisher":{"@type":"Organization","name":"vecteezy","logo":{"@type":"ImageObject","url":"https://www.vecteezy.com//images/vecteezy-logo--orange.jpg"}},"mainEntityOfPage":"https://static.vecteezy.com/system/resources/thumbnails/001/274/261/small_2x/frying-fish.jpg","dateModified":"2020-09-07T12:42:27-05:00"},"root_dl":"https://static.vecteezy.com/system/protected/files/001/274/261/vecteezy_frying-fish_1274261.mov","infoVideo":{"Resolution:":"HD 1920x1080","File Type:":"QuickTime","Codec:":"Photo-JPEG","Frame Rate:":"25 FPS","Aspect Ratio:":"16:9","Duration:":"00:11","vtype":".mov"}}