{"t1":"Tropical fish in a fishtank.","t2":"Tropical fish - Free HD Video Clips &amp; Stock Video Footage","tags":["rock music","underwater","backgrounds","plant","aquarium","water","sea","fish","swimming","nature","animal","beauty","reef","lifestyle","seafood","jellyfish","beach","bright","bubble","video","river","travel","transparent","cherry","crab","pets","pollution","biology","wet","climate"],"info":{"@context":"http://schema.org","@type":"Article","name":"Download Tropical fish for free","description":"Download Tropical fish stock video footage. Choose from thousands of the best stock footage video clips to download.","url":"https://www.vecteezy.com/video/1274770-tropical-fish","datePublished":"2020-09-07T13:49:47-05:00","author":"alexsalcedo","headline":"Download Tropical fish stock video footage. Choose from thousands of the best stock footage video clips to do…","image":"https://static.vecteezy.com/system/resources/thumbnails/001/274/770/small_2x/tropical-fish.jpg","publisher":{"@type":"Organization","name":"vecteezy","logo":{"@type":"ImageObject","url":"https://www.vecteezy.com//images/vecteezy-logo--orange.jpg"}},"mainEntityOfPage":"https://static.vecteezy.com/system/resources/thumbnails/001/274/770/small_2x/tropical-fish.jpg","dateModified":"2020-09-07T13:49:47-05:00"},"root_dl":"https://static.vecteezy.com/system/protected/files/001/274/770/vecteezy_tropical-fish-in-a-fishtank_1274770.mov","infoVideo":{"Resolution:":"HD 1280x720","File Type:":"QuickTime","Codec:":"Photo-JPEG","Frame Rate:":"30 FPS","Aspect Ratio:":"16:9","Duration:":"00:11","vtype":".mov"}}