{"t1":"Slow motion sequence of woman stroking pet chihuahua dog.Shot on Sony FS700 in PAL format at a frame rate of 200fps","t2":"Slow Motion Sequence Of Woman Stroking Pet Chihuahua - Free HD Video Clips &amp; Stock Video Footage","tags":["pets","people","home interior","animal","fun","cute","happiness","playing","indoors","dog","puppy","mammals","canine","looking","video","exhibition","table","sleeping","outdoors","pug","joy","grass","beauty","nature","portrait","lifestyle","backgrounds","food","meal","beautiful people"],"info":{"@context":"http://schema.org","@type":"Article","name":"Download Slow Motion Sequence Of Woman Stroking Pet Chihuahua for free","description":"Download Slow Motion Sequence Of Woman Stroking Pet Chihuahua stock video footage. Choose from thousands of the best stock footage video clips to download.","url":"https://www.vecteezy.com/video/1274053-slow-motion-sequence-of-woman-stroking-pet-chihuahua","datePublished":"2020-09-07T12:20:49-05:00","author":"monkeybusinessimages","headline":"Download Slow Motion Sequence Of Woman Stroking Pet Chihuahua stock video footage. Choose from thousands of t…","image":"https://static.vecteezy.com/system/resources/thumbnails/001/274/053/small_2x/slow-motion-sequence-of-woman-stroking-pet-chihuahua.jpg","publisher":{"@type":"Organization","name":"vecteezy","logo":{"@type":"ImageObject","url":"https://www.vecteezy.com//images/vecteezy-logo--orange.jpg"}},"mainEntityOfPage":"https://static.vecteezy.com/system/resources/thumbnails/001/274/053/small_2x/slow-motion-sequence-of-woman-stroking-pet-chihuahua.jpg","dateModified":"2020-09-07T12:20:49-05:00"},"root_dl":"https://static.vecteezy.com/system/protected/files/001/274/053/vecteezy_slow-motion-sequence-of-woman-stroking-pet-chihuahua-dogshot-on-sony-fs700-in-pal-format-at-a-frame-rate-of-200fps_1274053.mov","infoVideo":{"Resolution:":"HD 1920x1080","File Type:":"QuickTime","Codec:":"Photo-JPEG","Frame Rate:":"25 FPS","Aspect Ratio:":"16:9","Duration:":"00:22","vtype":".mov"}}