{"t1":"Fishing Industry","t2":"Fishing Industry - Free HD Video Clips &amp; Stock Video Footage","tags":["people","seafood","food and drink","food","factory","fish","manufacturing","industry","agriculture","drink","farm","cheese","cultures","milk","fishing","basket","dairy products","basement","whey","outdoors","sea","water","animal","working","business","metal","nature","backgrounds","sport","plant"],"info":{"@context":"http://schema.org","@type":"Article","name":"Download Fishing Industry for free","description":"Download Fishing Industry stock video footage. Choose from thousands of the best stock footage video clips to download.","url":"https://www.vecteezy.com/video/1274232-fishing-industry","datePublished":"2020-09-07T12:38:32-05:00","author":"dpshp","headline":"Download Fishing Industry stock video footage. Choose from thousands of the best stock footage video clips to…","image":"https://static.vecteezy.com/system/resources/thumbnails/001/274/232/small_2x/fishing-industry.jpg","publisher":{"@type":"Organization","name":"vecteezy","logo":{"@type":"ImageObject","url":"https://www.vecteezy.com//images/vecteezy-logo--orange.jpg"}},"mainEntityOfPage":"https://static.vecteezy.com/system/resources/thumbnails/001/274/232/small_2x/fishing-industry.jpg","dateModified":"2020-09-07T12:38:32-05:00"},"root_dl":"https://static.vecteezy.com/system/protected/files/001/274/232/vecteezy_fishing-industry_1274232.mov","infoVideo":{"Resolution:":"HD 1920x1080","File Type:":"QuickTime","Codec:":"Motion-JPEG B","Frame Rate:":"25 FPS","Aspect Ratio:":"16:9","Duration:":"00:14","vtype":".mov"}}