{"t1":"A single Cornet fish swims under the water surface.","t2":"Cornet Fish - Free HD Video Clips &amp; Stock Video Footage","tags":["underwater","animal","transparent","sport","water","travel","sea","fish","nature","reef","red sea","swimming","aquarium","beauty","sea cucumber","fishing","insect","environment"],"info":{"@context":"http://schema.org","@type":"Article","name":"Download Cornet Fish for free","description":"Download Cornet Fish stock video footage. Choose from thousands of the best stock footage video clips to download.","url":"https://www.vecteezy.com/video/1274324-cornet-fish","datePublished":"2020-09-07T12:54:02-05:00","author":"deepblueproductions","headline":"Download Cornet Fish stock video footage. Choose from thousands of the best stock footage video clips to down…","image":"https://static.vecteezy.com/system/resources/thumbnails/001/274/324/small_2x/cornet-fish.jpg","publisher":{"@type":"Organization","name":"vecteezy","logo":{"@type":"ImageObject","url":"https://www.vecteezy.com//images/vecteezy-logo--orange.jpg"}},"mainEntityOfPage":"https://static.vecteezy.com/system/resources/thumbnails/001/274/324/small_2x/cornet-fish.jpg","dateModified":"2020-09-07T12:54:02-05:00"},"root_dl":"https://static.vecteezy.com/system/protected/files/001/274/324/vecteezy_a-single-cornet-fish-swims-under-the-water-surface_1274324.mov","infoVideo":{"Resolution:":"HD 1920x1080","File Type:":"QuickTime","Codec:":"Motion-JPEG B","Frame Rate:":"25 FPS","Aspect Ratio:":"16:9","Duration:":"00:07","vtype":".mov"}}