{"t1":"The dog runs on a paved road with his tongue out","t2":"Dog running on the asphalt road - Free HD Video Clips &amp; Stock Video Footage","tags":["pets","grass","paw","canine","outdoors","animal","backgrounds","puppy","walking","street","summer","mammals","cute","dog","nature","day","looking","hungry","sadness","activity","dog walking","food","sleeping","environment","searching","portrait","currency","forest","indoors","village"],"info":{"@context":"http://schema.org","@type":"Article","name":"Download Dog running on the asphalt road for free","description":"Download Dog running on the asphalt road stock video footage. Choose from thousands of the best stock footage video clips to download.","url":"https://www.vecteezy.com/video/1274064-dog-running-on-the-asphalt-road","datePublished":"2020-09-07T12:22:18-05:00","author":"zoteva87","headline":"Download Dog running on the asphalt road stock video footage. Choose from thousands of the best stock footage…","image":"https://static.vecteezy.com/system/resources/thumbnails/001/274/064/small_2x/dog-running-on-the-asphalt-road.jpg","publisher":{"@type":"Organization","name":"vecteezy","logo":{"@type":"ImageObject","url":"https://www.vecteezy.com//images/vecteezy-logo--orange.jpg"}},"mainEntityOfPage":"https://static.vecteezy.com/system/resources/thumbnails/001/274/064/small_2x/dog-running-on-the-asphalt-road.jpg","dateModified":"2020-09-07T12:22:18-05:00"},"root_dl":"https://static.vecteezy.com/system/protected/files/001/274/064/vecteezy_the-dog-runs-on-a-paved-road-with-his-tongue-out_1274064.mov","infoVideo":{"Resolution:":"HD 1920x1080","File Type:":"QuickTime","Codec:":"Photo-JPEG","Frame Rate:":"24 FPS","Aspect Ratio:":"16:9","Duration:":"00:10","vtype":".mov"}}