{"t1":"Little puppy rearing up in slow motion","t2":"Little puppy rearing up - Free HD Video Clips &amp; Stock Video Footage","tags":["pets","apartment","living room","animal","video","puppy","house","filming","playing","indoors","dog","jumping","cute","canine","mammals","looking","terrier","table","beauty","people","outdoors","exhibition","portrait","home interior","nature","lifestyle","human body part","fun","grass","meal"],"info":{"@context":"http://schema.org","@type":"Article","name":"Download Little puppy rearing up for free","description":"Download Little puppy rearing up stock video footage. Choose from thousands of the best stock footage video clips to download.","url":"https://www.vecteezy.com/video/1274067-little-puppy-rearing-up","datePublished":"2020-09-07T12:22:37-05:00","author":"wavebreakmedia","headline":"Download Little puppy rearing up stock video footage. Choose from thousands of the best stock footage video c…","image":"https://static.vecteezy.com/system/resources/thumbnails/001/274/067/small_2x/little-puppy-rearing-up.jpg","publisher":{"@type":"Organization","name":"vecteezy","logo":{"@type":"ImageObject","url":"https://www.vecteezy.com//images/vecteezy-logo--orange.jpg"}},"mainEntityOfPage":"https://static.vecteezy.com/system/resources/thumbnails/001/274/067/small_2x/little-puppy-rearing-up.jpg","dateModified":"2020-09-07T12:22:37-05:00"},"root_dl":"https://static.vecteezy.com/system/protected/files/001/274/067/vecteezy_little-puppy-rearing-up-in-slow-motion_1274067.mov","infoVideo":{"Resolution:":"HD 1920x1080","File Type:":"QuickTime","Codec:":"Photo-JPEG","Frame Rate:":"24 FPS","Aspect Ratio:":"16:9","Duration:":"00:13","vtype":".mov"}}