{"t1":"chocolate labrador puppy playing with a ball","t2":"chocolate labrador puppy playing with a ball - Free HD Video Clips &amp; Stock Video Footage","tags":["pets","paw","animal","puppy","sleeping","mammals","cute","sphere","running","playing","dog","tired","chocolate","canine","outdoors","nature","grass","happiness","joy","fun","tree","human body part","video","people","autumn","walking","environment","leaf","portrait","looking"],"info":{"@context":"http://schema.org","@type":"Article","name":"Download chocolate labrador puppy playing with a ball for free","description":"Download chocolate labrador puppy playing with a ball stock video footage. Choose from thousands of the best stock footage video clips to download.","url":"https://www.vecteezy.com/video/1274682-chocolate-labrador-puppy-playing-with-a-ball","datePublished":"2020-09-07T13:40:17-05:00","author":"gadri12","headline":"Download chocolate labrador puppy playing with a ball stock video footage. Choose from thousands of the best …","image":"https://static.vecteezy.com/system/resources/thumbnails/001/274/682/small_2x/chocolate-labrador-puppy-playing-with-a-ball.jpg","publisher":{"@type":"Organization","name":"vecteezy","logo":{"@type":"ImageObject","url":"https://www.vecteezy.com//images/vecteezy-logo--orange.jpg"}},"mainEntityOfPage":"https://static.vecteezy.com/system/resources/thumbnails/001/274/682/small_2x/chocolate-labrador-puppy-playing-with-a-ball.jpg","dateModified":"2020-09-07T13:40:17-05:00"},"root_dl":"https://static.vecteezy.com/system/protected/files/001/274/682/vecteezy_chocolate-labrador-puppy-playing-with-a-ball_1274682.mov","infoVideo":{"Resolution:":"HD 1920x1080","File Type:":"QuickTime","Codec:":"Photo-JPEG","Frame Rate:":"25 FPS","Aspect Ratio:":"16:9","Duration:":"00:08","vtype":".mov"}}