{"t1":"HD1080:  View in calming gold fish aquarium. Tripod. close to.","t2":"aquarium fish - Free HD Video Clips &amp; Stock Video Footage","tags":["underwater","animal","lake","aquarium","water","bubble","sea","fish","river","swimming","nature","reef","island","beauty","backgrounds","travel","lifestyle","jellyfish","pets","bright","plant","beach","submarine","zoo","seafood","biology","pineapple","science","indoors","climate"],"info":{"@context":"http://schema.org","@type":"Article","name":"Download aquarium fish for free","description":"Download aquarium fish stock video footage. Choose from thousands of the best stock footage video clips to download.","url":"https://www.vecteezy.com/video/1274284-aquarium-fish","datePublished":"2020-09-07T12:46:23-05:00","author":"iv-serg","headline":"Download aquarium fish stock video footage. Choose from thousands of the best stock footage video clips to do…","image":"https://static.vecteezy.com/system/resources/thumbnails/001/274/284/small_2x/aquarium-fish.jpg","publisher":{"@type":"Organization","name":"vecteezy","logo":{"@type":"ImageObject","url":"https://www.vecteezy.com//images/vecteezy-logo--orange.jpg"}},"mainEntityOfPage":"https://static.vecteezy.com/system/resources/thumbnails/001/274/284/small_2x/aquarium-fish.jpg","dateModified":"2020-09-07T12:46:23-05:00"},"root_dl":"https://static.vecteezy.com/system/protected/files/001/274/284/vecteezy_hd1080--view-in-calming-gold-fish-aquarium-tripod-close-to_1274284.mov","infoVideo":{"Resolution:":"HD 1920x1080","File Type:":"QuickTime","Codec:":"Photo-JPEG","Frame Rate:":"30 FPS","Aspect Ratio:":"16:9","Duration:":"00:07","vtype":".mov"}}