{"t1":"lb","t2":"dog jumping in the forest - Free HD Video Clips &amp; Stock Video Footage","tags":["outdoors","forest","running","playing","dog","nature","jumping","pets","animal","canine","winter","activity","sport","snow","sleigh","cute","mammals","people","summer","fun","puppy","ice","grass","lifestyle","frost","looking","beach","sunset","mountain","day"],"info":{"@context":"http://schema.org","@type":"Article","name":"Download dog jumping in the forest for free","description":"Download dog jumping in the forest stock video footage. Choose from thousands of the best stock footage video clips to download.","url":"https://www.vecteezy.com/video/1274458-dog-jumping-in-the-forest","datePublished":"2020-09-07T13:17:06-05:00","author":"creativeballs","headline":"Download dog jumping in the forest stock video footage. Choose from thousands of the best stock footage video…","image":"https://static.vecteezy.com/system/resources/thumbnails/001/274/458/small_2x/dog-jumping-in-the-forest-video.jpg","publisher":{"@type":"Organization","name":"vecteezy","logo":{"@type":"ImageObject","url":"https://www.vecteezy.com//images/vecteezy-logo--orange.jpg"}},"mainEntityOfPage":"https://static.vecteezy.com/system/resources/thumbnails/001/274/458/small_2x/dog-jumping-in-the-forest-video.jpg","dateModified":"2020-09-07T13:17:06-05:00"},"root_dl":"https://static.vecteezy.com/system/protected/files/001/274/458/vecteezy_lb_1274458.mov","infoVideo":{"Resolution:":"HD 1920x1080","File Type:":"QuickTime","Codec:":"Photo-JPEG","Frame Rate:":"30 FPS","Aspect Ratio:":"16:9","Duration:":"00:17","vtype":".mov"}}