{"t1":"A school of bait fish in clear shallow water","t2":"School of Bait Fish - Free HD Video Clips &amp; Stock Video Footage","tags":["underwater","bright","fishing","water","shiny","sea","fish","nature","outdoors","fisherman","river","fishing net","transportation","working","reflection","sunny","lake","animal","sport","pond","hobby","fishing rod","human body part","people","food","activity","spool","seafood","hole","lifestyle"],"info":{"@context":"http://schema.org","@type":"Article","name":"Download School of Bait Fish for free","description":"Download School of Bait Fish stock video footage. Choose from thousands of the best stock footage video clips to download.","url":"https://www.vecteezy.com/video/1274404-school-of-bait-fish","datePublished":"2020-09-07T13:11:28-05:00","author":"ginclearfilm","headline":"Download School of Bait Fish stock video footage. Choose from thousands of the best stock footage video clips…","image":"https://static.vecteezy.com/system/resources/thumbnails/001/274/404/small_2x/school-of-bait-fish.jpg","publisher":{"@type":"Organization","name":"vecteezy","logo":{"@type":"ImageObject","url":"https://www.vecteezy.com//images/vecteezy-logo--orange.jpg"}},"mainEntityOfPage":"https://static.vecteezy.com/system/resources/thumbnails/001/274/404/small_2x/school-of-bait-fish.jpg","dateModified":"2020-09-07T13:11:28-05:00"},"root_dl":"https://static.vecteezy.com/system/protected/files/001/274/404/vecteezy_a-school-of-bait-fish-in-clear-shallow-water_1274404.mov","infoVideo":{"Resolution:":"HD 1920x1080","File Type:":"QuickTime","Codec:":"Motion-JPEG B","Frame Rate:":"25 FPS","Aspect Ratio:":"16:9","Duration:":"00:12","vtype":".mov"}}