{"t1":"puppies playing on the grass","t2":"two puppies playing - Free HD Video Clips &amp; Stock Video Footage","tags":["pets","grass","looking","canine","outdoors","animal","human body part","puppy","summer","mammals","cute","forest","dog","nature","day","fun","people","playing","happiness","walking","running","joy","tree","autumn","video","environment","leaf","beauty","gold","sleeping"],"info":{"@context":"http://schema.org","@type":"Article","name":"Download two puppies playing for free","description":"Download two puppies playing stock video footage. Choose from thousands of the best stock footage video clips to download.","url":"https://www.vecteezy.com/video/1274453-two-puppies-playing","datePublished":"2020-09-07T13:16:36-05:00","author":"dismollstock","headline":"Download two puppies playing stock video footage. Choose from thousands of the best stock footage video clips…","image":"https://static.vecteezy.com/system/resources/thumbnails/001/274/453/small_2x/two-puppies-playing.jpg","publisher":{"@type":"Organization","name":"vecteezy","logo":{"@type":"ImageObject","url":"https://www.vecteezy.com//images/vecteezy-logo--orange.jpg"}},"mainEntityOfPage":"https://static.vecteezy.com/system/resources/thumbnails/001/274/453/small_2x/two-puppies-playing.jpg","dateModified":"2020-09-07T13:16:36-05:00"},"root_dl":"https://static.vecteezy.com/system/protected/files/001/274/453/vecteezy_puppies-playing-on-the-grass_1274453.mov","infoVideo":{"Resolution:":"HD 1920x1080","File Type:":"QuickTime","Codec:":"Photo-JPEG","Frame Rate:":"25 FPS","Aspect Ratio:":"16:9","Duration:":"00:09","vtype":".mov"}}