{"t1":"Fishing Industry","t2":"Fishing Industry - Free HD Video Clips &amp; Stock Video Footage","tags":["seafood","food and drink","food","factory","conveyor belt","fish","manufacturing","industry","farm","agriculture","drink","dairy products","cultures","cheese","plant","milk","business","basement","basket","whey","technology","vegetable","activity","fruit","organic","making","working","water","animal","outdoors"],"info":{"@context":"http://schema.org","@type":"Article","name":"Download Fishing Industry for free","description":"Download Fishing Industry stock video footage. Choose from thousands of the best stock footage video clips to download.","url":"https://www.vecteezy.com/video/1274228-fishing-industry","datePublished":"2020-09-07T12:37:55-05:00","author":"dpshp","headline":"Download Fishing Industry stock video footage. Choose from thousands of the best stock footage video clips to…","image":"https://static.vecteezy.com/system/resources/thumbnails/001/274/228/small_2x/fishing-industry.jpg","publisher":{"@type":"Organization","name":"vecteezy","logo":{"@type":"ImageObject","url":"https://www.vecteezy.com//images/vecteezy-logo--orange.jpg"}},"mainEntityOfPage":"https://static.vecteezy.com/system/resources/thumbnails/001/274/228/small_2x/fishing-industry.jpg","dateModified":"2020-09-07T12:37:55-05:00"},"root_dl":"https://static.vecteezy.com/system/protected/files/001/274/228/vecteezy_fishing-industry_1274228.mov","infoVideo":{"Resolution:":"HD 1920x1080","File Type:":"QuickTime","Codec:":"Motion-JPEG B","Frame Rate:":"25 FPS","Aspect Ratio:":"16:9","Duration:":"00:11","vtype":".mov"}}