{"t1":"Slow motion.Happy English cocker spaniel on the grass","t2":"Happy English cocker spaniel - Free HD Video Clips &amp; Stock Video Footage","tags":["pets","grass","outdoors","animal","activity","cute","happiness","beauty","meadow","dog","nature","puppy","canine","playing","joy","lifestyle","golden retriever","mammals","summer","fun","beautiful people","people","looking","walking","running","wet","video","portrait","food","sphere"],"info":{"@context":"http://schema.org","@type":"Article","name":"Download Happy English cocker spaniel for free","description":"Download Happy English cocker spaniel stock video footage. Choose from thousands of the best stock footage video clips to download.","url":"https://www.vecteezy.com/video/1274034-happy-english-cocker-spaniel","datePublished":"2020-09-07T12:19:46-05:00","author":"iurii","headline":"Download Happy English cocker spaniel stock video footage. Choose from thousands of the best stock footage vi…","image":"https://static.vecteezy.com/system/resources/thumbnails/001/274/034/small_2x/happy-english-cocker-spaniel.jpg","publisher":{"@type":"Organization","name":"vecteezy","logo":{"@type":"ImageObject","url":"https://www.vecteezy.com//images/vecteezy-logo--orange.jpg"}},"mainEntityOfPage":"https://static.vecteezy.com/system/resources/thumbnails/001/274/034/small_2x/happy-english-cocker-spaniel.jpg","dateModified":"2020-09-07T12:19:46-05:00"},"root_dl":"https://static.vecteezy.com/system/protected/files/001/274/034/vecteezy_slow-motionhappy-english-cocker-spaniel-on-the-grass_1274034.mov","infoVideo":{"Resolution:":"HD 1280x720","File Type:":"QuickTime","Codec:":"Photo-JPEG","Frame Rate:":"30 FPS","Aspect Ratio:":"16:9","Duration:":"00:10","vtype":".mov"}}