{"t1":"Young girl jogging with her dog down a walking trail on a warm autumn day. Low camera angle.","t2":"Girl jogging with dog. - Free HD Video Clips &amp; Stock Video Footage","tags":["pets","outdoors","animal","lifestyle","sunlight","sport","leaf","walking","sun","jogging","autumn","dirt road","running","dog walking","dog","tree","people","nature","canine","healthy lifestyle","activity","golden retriever","summer","happiness","cute","loyalty","mammals","puppy","grass","winter"],"info":{"@context":"http://schema.org","@type":"Article","name":"Download Girl jogging with dog. for free","description":"Download Girl jogging with dog. stock video footage. Choose from thousands of the best stock footage video clips to download.","url":"https://www.vecteezy.com/video/1275361-girl-jogging-with-dog","datePublished":"2020-09-07T15:05:14-05:00","author":"jamesdeanny","headline":"Download Girl jogging with dog. stock video footage. Choose from thousands of the best stock footage video cl…","image":"https://static.vecteezy.com/system/resources/thumbnails/001/275/361/small_2x/girl-jogging-with-dog.jpg","publisher":{"@type":"Organization","name":"vecteezy","logo":{"@type":"ImageObject","url":"https://www.vecteezy.com//images/vecteezy-logo--orange.jpg"}},"mainEntityOfPage":"https://static.vecteezy.com/system/resources/thumbnails/001/275/361/small_2x/girl-jogging-with-dog.jpg","dateModified":"2020-09-07T15:05:14-05:00"},"root_dl":"https://static.vecteezy.com/system/protected/files/001/275/361/vecteezy_young-girl-jogging-with-her-dog-down-a-walking-trail-on-a-warm-autumn-day-low-camera-angle_1275361.mov","infoVideo":{"Resolution:":"HD 1920x1080","File Type:":"QuickTime","Codec:":"Photo-JPEG","Frame Rate:":"24 FPS","Aspect Ratio:":"16:9","Duration:":"00:19","vtype":".mov"}}