{"t1":"Young Asian woman holding Norfolk Terrier dog.","t2":"young woman and dog - Free HD Video Clips &amp; Stock Video Footage","tags":["pets","people","looking","living room","animal","lifestyle","terrier","house","cute","window","playing","beauty","dog","waiting","beautiful people","canine","puppy","outdoors","mammals","fun","indoors","nature","activity","exhibition","autumn","walking","table","happiness","snow","winter"],"info":{"@context":"http://schema.org","@type":"Article","name":"Download young woman and dog for free","description":"Download young woman and dog stock video footage. Choose from thousands of the best stock footage video clips to download.","url":"https://www.vecteezy.com/video/1275346-young-woman-and-dog","datePublished":"2020-09-07T15:03:45-05:00","author":"violet-blue","headline":"Download young woman and dog stock video footage. Choose from thousands of the best stock footage video clips…","image":"https://static.vecteezy.com/system/resources/thumbnails/001/275/346/small_2x/young-woman-and-dog.jpg","publisher":{"@type":"Organization","name":"vecteezy","logo":{"@type":"ImageObject","url":"https://www.vecteezy.com//images/vecteezy-logo--orange.jpg"}},"mainEntityOfPage":"https://static.vecteezy.com/system/resources/thumbnails/001/275/346/small_2x/young-woman-and-dog.jpg","dateModified":"2020-09-07T15:03:45-05:00"},"root_dl":"https://static.vecteezy.com/system/protected/files/001/275/346/vecteezy_young-asian-woman-holding-norfolk-terrier-dog_1275346.mov","infoVideo":{"Resolution:":"4K 3840x2160","File Type:":"QuickTime","Codec:":"ProRes 422 Standard","Frame Rate:":"30 FPS","Aspect Ratio:":"16:9","Duration:":"00:07","vtype":".mov"}}