{"t1":"Teenager playing with his adorable dog in park","t2":"Active Dog Training - Free HD Video Clips &amp; Stock Video Footage","tags":["pets","tennis","grass","people","canine","outdoors","animal","sport","activity","summer","playing","dog","gold","jumping","nature","puppy","fun","tree","happiness","mammals","running","cute","joy","walking","human body part","beauty","autumn","video","environment","leaf"],"info":{"@context":"http://schema.org","@type":"Article","name":"Download Active Dog Training for free","description":"Download Active Dog Training stock video footage. Choose from thousands of the best stock footage video clips to download.","url":"https://www.vecteezy.com/video/1275239-active-dog-training","datePublished":"2020-09-07T14:54:11-05:00","author":"shironosov","headline":"Download Active Dog Training stock video footage. Choose from thousands of the best stock footage video clips…","image":"https://static.vecteezy.com/system/resources/thumbnails/001/275/239/small_2x/active-dog-training.jpg","publisher":{"@type":"Organization","name":"vecteezy","logo":{"@type":"ImageObject","url":"https://www.vecteezy.com//images/vecteezy-logo--orange.jpg"}},"mainEntityOfPage":"https://static.vecteezy.com/system/resources/thumbnails/001/275/239/small_2x/active-dog-training.jpg","dateModified":"2020-09-07T14:54:11-05:00"},"root_dl":"https://static.vecteezy.com/system/protected/files/001/275/239/vecteezy_teenager-playing-with-his-adorable-dog-in-park_1275239.mov","infoVideo":{"Resolution:":"HD 1920x1080","File Type:":"QuickTime","Codec:":"Photo-JPEG","Frame Rate:":"25 FPS","Aspect Ratio:":"16:9","Duration:":"00:17","vtype":".mov"}}