{"t1":"Husky puppies play on a grass","t2":"Husky puppies play on a grass - Free HD Video Clips &amp; Stock Video Footage","tags":["pets","grass","war","outdoors","animal","human body part","puppy","plant","summer","mammals","cute","bush","human head","dog","portrait","day"],"info":{"@context":"http://schema.org","@type":"Article","name":"Download Husky puppies play on a grass for free","description":"Download Husky puppies play on a grass stock video footage. Choose from thousands of the best stock footage video clips to download.","url":"https://www.vecteezy.com/video/1275270-husky-puppies-play-on-a-grass","datePublished":"2020-09-07T14:56:29-05:00","author":"eugenekeebler","headline":"Download Husky puppies play on a grass stock video footage. Choose from thousands of the best stock footage v…","image":"https://static.vecteezy.com/system/resources/thumbnails/001/275/270/small_2x/husky-puppies-play-on-a-grass.jpg","publisher":{"@type":"Organization","name":"vecteezy","logo":{"@type":"ImageObject","url":"https://www.vecteezy.com//images/vecteezy-logo--orange.jpg"}},"mainEntityOfPage":"https://static.vecteezy.com/system/resources/thumbnails/001/275/270/small_2x/husky-puppies-play-on-a-grass.jpg","dateModified":"2020-09-07T14:56:29-05:00"},"root_dl":"https://static.vecteezy.com/system/protected/files/001/275/270/vecteezy_husky-puppies-play-on-a-grass_1275270.mov","infoVideo":{"Resolution:":"HD 1920x1080","File Type:":"QuickTime","Codec:":"Photo-JPEG","Frame Rate:":"30 FPS","Aspect Ratio:":"16:9","Duration:":"00:32","vtype":".mov"}}