{"t1":"chocolate labrador puppy closeup","t2":"chocolate labrador puppy closeup - Free HD Video Clips &amp; Stock Video Footage","tags":["pets","paw","animal","puppy","sleeping","mammals","cute","dog","tired","chocolate","canine","outdoors","nature","grass","playing","human body part","happiness","fun","running","joy","video","tree","looking","people","walking","portrait","autumn","environment","leaf","gold"],"info":{"@context":"http://schema.org","@type":"Article","name":"Download chocolate labrador puppy closeup for free","description":"Download chocolate labrador puppy closeup stock video footage. Choose from thousands of the best stock footage video clips to download.","url":"https://www.vecteezy.com/video/1275367-chocolate-labrador-puppy-closeup","datePublished":"2020-09-07T15:05:56-05:00","author":"gadri12","headline":"Download chocolate labrador puppy closeup stock video footage. Choose from thousands of the best stock footag…","image":"https://static.vecteezy.com/system/resources/thumbnails/001/275/367/small_2x/chocolate-labrador-puppy-closeup.jpg","publisher":{"@type":"Organization","name":"vecteezy","logo":{"@type":"ImageObject","url":"https://www.vecteezy.com//images/vecteezy-logo--orange.jpg"}},"mainEntityOfPage":"https://static.vecteezy.com/system/resources/thumbnails/001/275/367/small_2x/chocolate-labrador-puppy-closeup.jpg","dateModified":"2020-09-07T15:05:56-05:00"},"root_dl":"https://static.vecteezy.com/system/protected/files/001/275/367/vecteezy_chocolate-labrador-puppy-closeup_1275367.mov","infoVideo":{"Resolution:":"HD 1920x1080","File Type:":"QuickTime","Codec:":"Photo-JPEG","Frame Rate:":"25 FPS","Aspect Ratio:":"16:9","Duration:":"00:24","vtype":".mov"}}