{"t1":"See this lightbox for more fishing pictures and clips.","t2":"Fresh live fish shrimps and seastars - Free HD Video Clips &amp; Stock Video Footage","tags":["outdoors","animal","sport","seafood","food and drink","fishing","food","water","fish","basket","day","fisherman","business","agriculture","farm","working","harvesting","pond","catfish","river","bucket","people","manufacturing","jumping","nature","sea","fishing net","human body part","sale","meat"],"info":{"@context":"http://schema.org","@type":"Article","name":"Download Fresh live fish shrimps and seastars for free","description":"Download Fresh live fish shrimps and seastars stock video footage. Choose from thousands of the best stock footage video clips to download.","url":"https://www.vecteezy.com/video/1275315-fresh-live-fish-shrimps-and-seastars","datePublished":"2020-09-07T15:00:30-05:00","author":"luxxtek","headline":"Download Fresh live fish shrimps and seastars stock video footage. Choose from thousands of the best stock fo…","image":"https://static.vecteezy.com/system/resources/thumbnails/001/275/315/small_2x/fresh-live-fish-shrimps-and-seastars.jpg","publisher":{"@type":"Organization","name":"vecteezy","logo":{"@type":"ImageObject","url":"https://www.vecteezy.com//images/vecteezy-logo--orange.jpg"}},"mainEntityOfPage":"https://static.vecteezy.com/system/resources/thumbnails/001/275/315/small_2x/fresh-live-fish-shrimps-and-seastars.jpg","dateModified":"2020-09-07T15:00:30-05:00"},"root_dl":"https://static.vecteezy.com/system/protected/files/001/275/315/vecteezy_see-this-lightbox-for-more-fishing-pictures-and-clips_1275315.mov","infoVideo":{"Resolution:":"HD 1920x1080","File Type:":"QuickTime","Codec:":"Motion-JPEG B","Frame Rate:":"25 FPS","Aspect Ratio:":"16:9","Duration:":"00:20","vtype":".mov"}}