{"t1":"Seven months old Samoyed puppies dog sitting in the basket outdoors","t2":"Samoyed puppies dog - Free HD Video Clips &amp; Stock Video Footage","tags":["pets","paw","canine","outdoors","animal","video","puppy","sun","mammals","cute","beauty","basket","dog","day","grass","nature","indoors","looking","human body part","tired","fun","portrait","running","home interior","happiness","listening","backgrounds","autumn","forest","moving"],"info":{"@context":"http://schema.org","@type":"Article","name":"Download Samoyed puppies dog for free","description":"Download Samoyed puppies dog stock video footage. Choose from thousands of the best stock footage video clips to download.","url":"https://www.vecteezy.com/video/1275236-samoyed-puppies-dog","datePublished":"2020-09-07T14:53:38-05:00","author":"alkir","headline":"Download Samoyed puppies dog stock video footage. Choose from thousands of the best stock footage video clips…","image":"https://static.vecteezy.com/system/resources/thumbnails/001/275/236/small_2x/samoyed-puppies-dog.jpg","publisher":{"@type":"Organization","name":"vecteezy","logo":{"@type":"ImageObject","url":"https://www.vecteezy.com//images/vecteezy-logo--orange.jpg"}},"mainEntityOfPage":"https://static.vecteezy.com/system/resources/thumbnails/001/275/236/small_2x/samoyed-puppies-dog.jpg","dateModified":"2020-09-07T14:53:38-05:00"},"root_dl":"https://static.vecteezy.com/system/protected/files/001/275/236/vecteezy_seven-months-old-samoyed-puppies-dog-sitting-in-the-basket-outdoors_1275236.mov","infoVideo":{"Resolution:":"HD 1920x1080","File Type:":"QuickTime","Codec:":"Photo-JPEG","Frame Rate:":"30 FPS","Aspect Ratio:":"16:9","Duration:":"00:29","vtype":".mov"}}