{"t1":"A lot of white buoys of fishing nets on sea water surface. Fishery. Video panorama.","t2":"Fishery. Fishing Nets on Sea Surface. - Free HD Video Clips &amp; Stock Video Footage","tags":["people","buoy","outdoors","fishing","water","sea","nature","fish","food","pond","fisherman","river","farm","lake","seafood","animal","agriculture","business","harvesting","fishing net","swimming","bucket","catfish","working","industry","liquid","manufacturing","transportation","lifestyle","jumping"],"info":{"@context":"http://schema.org","@type":"Article","name":"Download Fishery. Fishing Nets on Sea Surface. for free","description":"Download Fishery. Fishing Nets on Sea Surface. stock video footage. Choose from thousands of the best stock footage video clips to download.","url":"https://www.vecteezy.com/video/1275019-fishery-fishing-nets-on-sea-surface","datePublished":"2020-09-07T14:23:33-05:00","author":"j-wildman","headline":"Download Fishery. Fishing Nets on Sea Surface. stock video footage. Choose from thousands of the best stock f…","image":"https://static.vecteezy.com/system/resources/thumbnails/001/275/019/small_2x/fishery-fishing-nets-on-sea-surface.jpg","publisher":{"@type":"Organization","name":"vecteezy","logo":{"@type":"ImageObject","url":"https://www.vecteezy.com//images/vecteezy-logo--orange.jpg"}},"mainEntityOfPage":"https://static.vecteezy.com/system/resources/thumbnails/001/275/019/small_2x/fishery-fishing-nets-on-sea-surface.jpg","dateModified":"2020-09-07T14:23:33-05:00"},"root_dl":"https://static.vecteezy.com/system/protected/files/001/275/019/vecteezy_a-lot-of-white-buoys-of-fishing-nets-on-sea-water-surface-fishery-video-panorama_1275019.mov","infoVideo":{"Resolution:":"HD 1920x1080","File Type:":"QuickTime","Codec:":"Photo-JPEG","Frame Rate:":"25 FPS","Aspect Ratio:":"16:9","Duration:":"00:27","vtype":".mov"}}