{"t1":"Fisherman on his boat early in the morning.","t2":"Fisherman on his boat early in the morning - Free HD Video Clips &amp; Stock Video Footage","tags":["people","fisherman","outdoors","sunlight","sport","fishing net","lake","activity","fishing","water","hobby","sea","environment","fishing rod","fog","nature"],"info":{"@context":"http://schema.org","@type":"Article","name":"Download Fisherman on his boat early in the morning for free","description":"Download Fisherman on his boat early in the morning stock video footage. Choose from thousands of the best stock footage video clips to download.","url":"https://www.vecteezy.com/video/1275178-fisherman-on-his-boat-early-in-the-morning","datePublished":"2020-09-07T14:48:34-05:00","author":"creativemarc","headline":"Download Fisherman on his boat early in the morning stock video footage. Choose from thousands of the best st…","image":"https://static.vecteezy.com/system/resources/thumbnails/001/275/178/small_2x/fisherman-on-his-boat-early-in-the-morning.jpg","publisher":{"@type":"Organization","name":"vecteezy","logo":{"@type":"ImageObject","url":"https://www.vecteezy.com//images/vecteezy-logo--orange.jpg"}},"mainEntityOfPage":"https://static.vecteezy.com/system/resources/thumbnails/001/275/178/small_2x/fisherman-on-his-boat-early-in-the-morning.jpg","dateModified":"2020-09-07T14:48:34-05:00"},"root_dl":"https://static.vecteezy.com/system/protected/files/001/275/178/vecteezy_fisherman-on-his-boat-early-in-the-morning_1275178.mov","infoVideo":{"Resolution:":"HD 1920x1080","File Type:":"QuickTime","Codec:":"Photo-JPEG","Frame Rate:":"30 FPS","Aspect Ratio:":"16:9","Duration:":"00:29","vtype":".mov"}}