{"t1":"Cat and Dog playing","t2":"Cat and Dog playing - Free HD Video Clips &amp; Stock Video Footage","tags":["pets","video","walking","dog walking","dog","animal family","animal","mammals","cute","feline","looking","kitten","indoors","beauty","portrait","nature","paw","tired","canine","home interior","sleeping","puppy","human body part","people","outdoors","black cat","watching","lifestyle","fun","food"],"info":{"@context":"http://schema.org","@type":"Article","name":"Download Cat and Dog playing for free","description":"Download Cat and Dog playing stock video footage. Choose from thousands of the best stock footage video clips to download.","url":"https://www.vecteezy.com/video/1275344-cat-and-dog-playing","datePublished":"2020-09-07T15:03:40-05:00","author":"tisskananat","headline":"Download Cat and Dog playing stock video footage. Choose from thousands of the best stock footage video clips…","image":"https://static.vecteezy.com/system/resources/thumbnails/001/275/344/small_2x/cat-and-dog-playing.jpg","publisher":{"@type":"Organization","name":"vecteezy","logo":{"@type":"ImageObject","url":"https://www.vecteezy.com//images/vecteezy-logo--orange.jpg"}},"mainEntityOfPage":"https://static.vecteezy.com/system/resources/thumbnails/001/275/344/small_2x/cat-and-dog-playing.jpg","dateModified":"2020-09-07T15:03:40-05:00"},"root_dl":"https://static.vecteezy.com/system/protected/files/001/275/344/vecteezy_cat-and-dog-playing_1275344.mov","infoVideo":{"Resolution:":"HD 1920x1080","File Type:":"QuickTime","Codec:":"Photo-JPEG","Frame Rate:":"25 FPS","Aspect Ratio:":"16:9","Duration:":"00:14","vtype":".mov"}}