{"t1":"Person swimming among shoal of jack fish in Tulemben in Bali, Indonesia","t2":"Person swimming among shoal of jack fish - Free HD Video Clips &amp; Stock Video Footage","tags":["people","animal","lifestyle","water","sea","fish","swimming","nature","underwater","reef","island","backgrounds","fishing","environment","beauty","red sea","travel","beach","aquarium","sport","sardine","day","beautiful people","bright","outdoors","transparent","sand","trout","sunlight","lake"],"info":{"@context":"http://schema.org","@type":"Article","name":"Download Person swimming among shoal of jack fish for free","description":"Download Person swimming among shoal of jack fish stock video footage. Choose from thousands of the best stock footage video clips to download.","url":"https://www.vecteezy.com/video/1275210-person-swimming-among-shoal-of-jack-fish","datePublished":"2020-09-07T14:52:17-05:00","author":"paulprescott72","headline":"Download Person swimming among shoal of jack fish stock video footage. Choose from thousands of the best stoc…","image":"https://static.vecteezy.com/system/resources/thumbnails/001/275/210/small_2x/person-swimming-among-shoal-of-jack-fish.jpg","publisher":{"@type":"Organization","name":"vecteezy","logo":{"@type":"ImageObject","url":"https://www.vecteezy.com//images/vecteezy-logo--orange.jpg"}},"mainEntityOfPage":"https://static.vecteezy.com/system/resources/thumbnails/001/275/210/small_2x/person-swimming-among-shoal-of-jack-fish.jpg","dateModified":"2020-09-07T14:52:17-05:00"},"root_dl":"https://static.vecteezy.com/system/protected/files/001/275/210/vecteezy_person-swimming-among-shoal-of-jack-fish-in-tulemben-in-bali-indonesia_1275210.mov","infoVideo":{"Resolution:":"HD 1280x720","File Type:":"QuickTime","Codec:":"Photo-JPEG","Frame Rate:":"25 FPS","Aspect Ratio:":"16:9","Duration:":"00:10","vtype":".mov"}}