{"t1":"Close up of baby zebra running to its mother in the high grass, Masai Mara, Kenya","t2":"Baby zebra, Masai Mara - Free HD Video Clips &amp; Stock Video Footage","tags":["grass","animal","walking","snack","running","zebra","animal family","nature","outdoors","mammals","land","portrait","day","video","elephant","environment","meadow","summer","travel","sheep","sport","wildebeest","water","sleeping","food","tree","paw","giraffe","watching","impala"],"info":{"@context":"http://schema.org","@type":"Article","name":"Download Baby zebra, Masai Mara for free","description":"Download Baby zebra, Masai Mara stock video footage. Choose from thousands of the best stock footage video clips to download.","url":"https://www.vecteezy.com/video/1275451-baby-zebra-masai-mara","datePublished":"2020-09-07T15:15:37-05:00","author":"ivanmateev","headline":"Download Baby zebra, Masai Mara stock video footage. Choose from thousands of the best stock footage video cl…","image":"https://static.vecteezy.com/system/resources/thumbnails/001/275/451/small_2x/baby-zebra-masai-mara.jpg","publisher":{"@type":"Organization","name":"vecteezy","logo":{"@type":"ImageObject","url":"https://www.vecteezy.com//images/vecteezy-logo--orange.jpg"}},"mainEntityOfPage":"https://static.vecteezy.com/system/resources/thumbnails/001/275/451/small_2x/baby-zebra-masai-mara.jpg","dateModified":"2020-09-07T15:15:37-05:00"},"root_dl":"https://static.vecteezy.com/system/protected/files/001/275/451/vecteezy_close-up-of-baby-zebra-running-to-its-mother-in-the-high-grass-masai-mara-kenya_1275451.mov","infoVideo":{"Resolution:":"HD 1920x1080","File Type:":"QuickTime","Codec:":"Photo-JPEG","Frame Rate:":"25 FPS","Aspect Ratio:":"16:9","Duration:":"00:29","vtype":".mov"}}