{"t1":"Closeup of a zebra slowly passing in front of the camera.","t2":"Zebra skin. - Free HD Video Clips &amp; Stock Video Footage","tags":["animal","tail","mammals","zebra","nature","outdoors","environment","day","video","water","portrait","grass","watching","giraffe","bush","listening","reflection","closed","travel","river","hippopotamus","fighting","cute","horse","deer","impala","gazelle","walking","human body part","pollution"],"info":{"@context":"http://schema.org","@type":"Article","name":"Download Zebra skin. for free","description":"Download Zebra skin. stock video footage. Choose from thousands of the best stock footage video clips to download.","url":"https://www.vecteezy.com/video/1275384-zebra-skin","datePublished":"2020-09-07T15:08:04-05:00","author":"orbitrob","headline":"Download Zebra skin. stock video footage. Choose from thousands of the best stock footage video clips to down…","image":"https://static.vecteezy.com/system/resources/thumbnails/001/275/384/small_2x/zebra-skin.jpg","publisher":{"@type":"Organization","name":"vecteezy","logo":{"@type":"ImageObject","url":"https://www.vecteezy.com//images/vecteezy-logo--orange.jpg"}},"mainEntityOfPage":"https://static.vecteezy.com/system/resources/thumbnails/001/275/384/small_2x/zebra-skin.jpg","dateModified":"2020-09-07T15:08:04-05:00"},"root_dl":"https://static.vecteezy.com/system/protected/files/001/275/384/vecteezy_closeup-of-a-zebra-slowly-passing-in-front-of-the-camera_1275384.mov","infoVideo":{"Resolution:":"HD 1920x1080","File Type:":"QuickTime","Codec:":"Motion-JPEG B","Frame Rate:":"30 FPS","Aspect Ratio:":"16:9","Duration:":"00:14","vtype":".mov"}}