{"t1":"Pomeranian dog is  standing and turn its head back to the camera","t2":"Pomeranian standing and turn its head - Free HD Video Clips &amp; Stock Video Footage","tags":["pets","looking","outdoors","animal","human body part","puppy","mammals","cute","pomeranian","beauty","human head","dog","nature","portrait","canine","grass","video","fun","people","walking","running","playing","joy","happiness","tree","environment","autumn","leaf","summer","ear"],"info":{"@context":"http://schema.org","@type":"Article","name":"Download Pomeranian standing and turn its head for free","description":"Download Pomeranian standing and turn its head stock video footage. Choose from thousands of the best stock footage video clips to download.","url":"https://www.vecteezy.com/video/1275288-pomeranian-standing-and-turn-its-head","datePublished":"2020-09-07T14:58:20-05:00","author":"trichopcmu","headline":"Download Pomeranian standing and turn its head stock video footage. Choose from thousands of the best stock f…","image":"https://static.vecteezy.com/system/resources/thumbnails/001/275/288/small_2x/pomeranian-standing-and-turn-its-head.jpg","publisher":{"@type":"Organization","name":"vecteezy","logo":{"@type":"ImageObject","url":"https://www.vecteezy.com//images/vecteezy-logo--orange.jpg"}},"mainEntityOfPage":"https://static.vecteezy.com/system/resources/thumbnails/001/275/288/small_2x/pomeranian-standing-and-turn-its-head.jpg","dateModified":"2020-09-07T14:58:20-05:00"},"root_dl":"https://static.vecteezy.com/system/protected/files/001/275/288/vecteezy_pomeranian-dog-is-standing-and-turn-its-head-back-to-the-camera_1275288.mov","infoVideo":{"Resolution:":"HD 1920x1080","File Type:":"QuickTime","Codec:":"Photo-JPEG","Frame Rate:":"30 FPS","Aspect Ratio:":"16:9","Duration:":"00:18","vtype":".mov"}}