{"t1":"Zebra in zoo eating grass","t2":"Zebra in zoo - Free HD Video Clips &amp; Stock Video Footage","tags":["grass","looking","animal","tail","leaf","walking","activity","zoo","zebra","nature","mammals","outdoors","tourist","lawn","summer","travel","cute","horse","pets","video","day","animal family","otter","tree","reflection","monkey","beauty","elephant","sleeping","ear"],"info":{"@context":"http://schema.org","@type":"Article","name":"Download Zebra in zoo for free","description":"Download Zebra in zoo stock video footage. Choose from thousands of the best stock footage video clips to download.","url":"https://www.vecteezy.com/video/1275419-zebra-in-zoo","datePublished":"2020-09-07T15:10:16-05:00","author":"probakster","headline":"Download Zebra in zoo stock video footage. Choose from thousands of the best stock footage video clips to dow…","image":"https://static.vecteezy.com/system/resources/thumbnails/001/275/419/small_2x/zebra-in-zoo.jpg","publisher":{"@type":"Organization","name":"vecteezy","logo":{"@type":"ImageObject","url":"https://www.vecteezy.com//images/vecteezy-logo--orange.jpg"}},"mainEntityOfPage":"https://static.vecteezy.com/system/resources/thumbnails/001/275/419/small_2x/zebra-in-zoo.jpg","dateModified":"2020-09-07T15:10:16-05:00"},"root_dl":"https://static.vecteezy.com/system/protected/files/001/275/419/vecteezy_zebra-in-zoo-eating-grass_1275419.mov","infoVideo":{"Resolution:":"HD 1920x1080","File Type:":"QuickTime","Codec:":"Photo-JPEG","Frame Rate:":"25 FPS","Aspect Ratio:":"16:9","Duration:":"00:29","vtype":".mov"}}