{"t1":"A fishing boat from various perspective including wild angle and close up.","t2":"Fishing Boat Elements - Free HD Video Clips &amp; Stock Video Footage","tags":["wind","sailboat","rope","video","fishing","hobby","casting","travel","sea","horizon","fishing rod","outdoors","water","fisherman","nature","fish","sport","lake","summer","sunlight","sailing","activity","sky","river","ship","sun","transportation","people","day","sunny"],"info":{"@context":"http://schema.org","@type":"Article","name":"Download Fishing Boat Elements for free","description":"Download Fishing Boat Elements stock video footage. Choose from thousands of the best stock footage video clips to download.","url":"https://www.vecteezy.com/video/1275037-fishing-boat-elements","datePublished":"2020-09-07T14:25:40-05:00","author":"grossinge","headline":"Download Fishing Boat Elements stock video footage. Choose from thousands of the best stock footage video cli…","image":"https://static.vecteezy.com/system/resources/thumbnails/001/275/037/small_2x/fishing-boat-elements.jpg","publisher":{"@type":"Organization","name":"vecteezy","logo":{"@type":"ImageObject","url":"https://www.vecteezy.com//images/vecteezy-logo--orange.jpg"}},"mainEntityOfPage":"https://static.vecteezy.com/system/resources/thumbnails/001/275/037/small_2x/fishing-boat-elements.jpg","dateModified":"2020-09-07T14:25:40-05:00"},"root_dl":"https://static.vecteezy.com/system/protected/files/001/275/037/vecteezy_a-fishing-boat-from-various-perspective-including-wild-angle-and-close-up_1275037.mov","infoVideo":{"Resolution:":"HD 1920x1080","File Type:":"QuickTime","Codec:":"Photo-JPEG","Frame Rate:":"24 FPS","Aspect Ratio:":"16:9","Duration:":"00:26","vtype":".mov"}}