{"t1":"Zebra eating grass","t2":"Zebra eating grass - Free HD Video Clips &amp; Stock Video Footage","tags":["grass","animal","leaf","activity","zoo","zebra","nature","mammals","outdoors","tourist","lawn","summer","travel","cute","walking","horse","looking","pets","video","monkey","otter","day","tree","ape","reflection","animal family","gorilla","beauty","elephant","sleeping"],"info":{"@context":"http://schema.org","@type":"Article","name":"Download Zebra eating grass for free","description":"Download Zebra eating grass stock video footage. Choose from thousands of the best stock footage video clips to download.","url":"https://www.vecteezy.com/video/1275408-zebra-eating-grass","datePublished":"2020-09-07T15:09:32-05:00","author":"probakster","headline":"Download Zebra eating grass stock video footage. Choose from thousands of the best stock footage video clips …","image":"https://static.vecteezy.com/system/resources/thumbnails/001/275/408/small_2x/zebra-eating-grass.jpg","publisher":{"@type":"Organization","name":"vecteezy","logo":{"@type":"ImageObject","url":"https://www.vecteezy.com//images/vecteezy-logo--orange.jpg"}},"mainEntityOfPage":"https://static.vecteezy.com/system/resources/thumbnails/001/275/408/small_2x/zebra-eating-grass.jpg","dateModified":"2020-09-07T15:09:32-05:00"},"root_dl":"https://static.vecteezy.com/system/protected/files/001/275/408/vecteezy_zebra-eating-grass_1275408.mov","infoVideo":{"Resolution:":"HD 1920x1080","File Type:":"QuickTime","Codec:":"Photo-JPEG","Frame Rate:":"25 FPS","Aspect Ratio:":"16:9","Duration:":"00:09","vtype":".mov"}}