{"t1":"A carp on the hook","t2":"Girl hands hold Carp on the hook - Free HD Video Clips &amp; Stock Video Footage","tags":["people","fisherman","outdoors","land","fun","sport","lake","activity","fishing","summer","hobby","fishing rod","river","nature","water","fish","casting","sunlight","spool","sunset","sunny","beauty","pond","beautiful people","day","fog","human body part","sea","video","sailing"],"info":{"@context":"http://schema.org","@type":"Article","name":"Download Girl hands hold Carp on the hook for free","description":"Download Girl hands hold Carp on the hook stock video footage. Choose from thousands of the best stock footage video clips to download.","url":"https://www.vecteezy.com/video/1275029-girl-hands-hold-carp-on-the-hook","datePublished":"2020-09-07T14:24:42-05:00","author":"iihor","headline":"Download Girl hands hold Carp on the hook stock video footage. Choose from thousands of the best stock footag…","image":"https://static.vecteezy.com/system/resources/thumbnails/001/275/029/small_2x/girl-hands-hold-carp-on-the-hook.jpg","publisher":{"@type":"Organization","name":"vecteezy","logo":{"@type":"ImageObject","url":"https://www.vecteezy.com//images/vecteezy-logo--orange.jpg"}},"mainEntityOfPage":"https://static.vecteezy.com/system/resources/thumbnails/001/275/029/small_2x/girl-hands-hold-carp-on-the-hook.jpg","dateModified":"2020-09-07T14:24:42-05:00"},"root_dl":"https://static.vecteezy.com/system/protected/files/001/275/029/vecteezy_a-carp-on-the-hook_1275029.mov","infoVideo":{"Resolution:":"HD 1920x1080","File Type:":"QuickTime","Codec:":"Photo-JPEG","Frame Rate:":"25 FPS","Aspect Ratio:":"16:9","Duration:":"00:12","vtype":".mov"}}