{"t1":"Sweet yellow lab slowly falls asleep on back of couch, frame right","t2":"Yellow lab falls alseep on back of couch - Free HD Video Clips &amp; Stock Video Footage","tags":["pets","paw","sofa","animal","chair","furniture","puppy","sleeping","house","mammals","cute","sadness","bulldog","dog","nature","portrait","tired"],"info":{"@context":"http://schema.org","@type":"Article","name":"Download Yellow lab falls alseep on back of couch for free","description":"Download Yellow lab falls alseep on back of couch stock video footage. Choose from thousands of the best stock footage video clips to download.","url":"https://www.vecteezy.com/video/1275324-yellow-lab-falls-alseep-on-back-of-couch","datePublished":"2020-09-07T15:01:16-05:00","author":"timothysob","headline":"Download Yellow lab falls alseep on back of couch stock video footage. Choose from thousands of the best stoc…","image":"https://static.vecteezy.com/system/resources/thumbnails/001/275/324/small_2x/yellow-lab-falls-alseep-on-back-of-couch.jpg","publisher":{"@type":"Organization","name":"vecteezy","logo":{"@type":"ImageObject","url":"https://www.vecteezy.com//images/vecteezy-logo--orange.jpg"}},"mainEntityOfPage":"https://static.vecteezy.com/system/resources/thumbnails/001/275/324/small_2x/yellow-lab-falls-alseep-on-back-of-couch.jpg","dateModified":"2020-09-07T15:01:16-05:00"},"root_dl":"https://static.vecteezy.com/system/protected/files/001/275/324/vecteezy_sweet-yellow-lab-slowly-falls-asleep-on-back-of-couch-frame-right_1275324.mov","infoVideo":{"Resolution:":"HD 1920x1080","File Type:":"QuickTime","Codec:":"Photo-JPEG","Frame Rate:":"30 FPS","Aspect Ratio:":"16:9","Duration:":"00:18","vtype":".mov"}}