{"t1":"Elephants in silhouette drinking at waters edge ,Okavango Delta,Botswana","t2":"Elephants in silhouette drinking at waters edge ,Okavango Delta,Botswana - Free HD Video Clips &amp; Stock Video Footage","tags":["outdoors","water","tourist","sunset","river","elephant","animal","animal family","cute","playing","dust","swimming","walking","wet","shaking head","mammals","drink"],"info":{"@context":"http://schema.org","@type":"Article","name":"Download Elephants in silhouette drinking at waters edge ,Okavango Delta,Botswana for free","description":"Download Elephants in silhouette drinking at waters edge ,Okavango Delta,Botswana stock video footage. Choose from thousands of the best stock footage video clips to download.","url":"https://www.vecteezy.com/video/1275136-elephants-in-silhouette-drinking-at-waters-edge-okavango-delta-botswana","datePublished":"2020-09-07T14:38:37-05:00","author":"martinharvey","headline":"Download Elephants in silhouette drinking at waters edge ,Okavango Delta,Botswana stock video footage. Choose…","image":"https://static.vecteezy.com/system/resources/thumbnails/001/275/136/small_2x/elephants-in-silhouette-drinking-at-waters-edge-okavango-delta-botswana.jpg","publisher":{"@type":"Organization","name":"vecteezy","logo":{"@type":"ImageObject","url":"https://www.vecteezy.com//images/vecteezy-logo--orange.jpg"}},"mainEntityOfPage":"https://static.vecteezy.com/system/resources/thumbnails/001/275/136/small_2x/elephants-in-silhouette-drinking-at-waters-edge-okavango-delta-botswana.jpg","dateModified":"2020-09-07T14:38:37-05:00"},"root_dl":"https://static.vecteezy.com/system/protected/files/001/275/136/vecteezy_elephants-in-silhouette-drinking-at-waters-edge-okavango-deltabotswana_1275136.mov","infoVideo":{"Resolution:":"HD 1920x1080","File Type:":"QuickTime","Codec:":"Photo-JPEG","Frame Rate:":"25 FPS","Aspect Ratio:":"16:9","Duration:":"00:06","vtype":".mov"}}