{"t1":"Cute golden retriever puppy is playing with a stick","t2":"Cute Puppy is Playing - Free HD Video Clips &amp; Stock Video Footage","tags":["pets","grass","outdoors","animal","lifestyle","puppy","cute","happiness","golden retriever","playing","beauty","dog","nature","joy"],"info":{"@context":"http://schema.org","@type":"Article","name":"Download Cute Puppy is Playing for free","description":"Download Cute Puppy is Playing stock video footage. Choose from thousands of the best stock footage video clips to download.","url":"https://www.vecteezy.com/video/1275322-cute-puppy-is-playing","datePublished":"2020-09-07T15:00:57-05:00","author":"trendobjects","headline":"Download Cute Puppy is Playing stock video footage. Choose from thousands of the best stock footage video cli…","image":"https://static.vecteezy.com/system/resources/thumbnails/001/275/322/small_2x/cute-puppy-is-playing.jpg","publisher":{"@type":"Organization","name":"vecteezy","logo":{"@type":"ImageObject","url":"https://www.vecteezy.com//images/vecteezy-logo--orange.jpg"}},"mainEntityOfPage":"https://static.vecteezy.com/system/resources/thumbnails/001/275/322/small_2x/cute-puppy-is-playing.jpg","dateModified":"2020-09-07T15:00:57-05:00"},"root_dl":"https://static.vecteezy.com/system/protected/files/001/275/322/vecteezy_cute-golden-retriever-puppy-is-playing-with-a-stick_1275322.mov","infoVideo":{"Resolution:":"HD 1920x1080","File Type:":"QuickTime","Codec:":"Photo-JPEG","Frame Rate:":"25 FPS","Aspect Ratio:":"16:9","Duration:":"00:11","vtype":".mov"}}