{"t1":"Fresh Octopus On Fish Market, steady cam","t2":"Fresh Octopus On Fish Market - Free HD Video Clips &amp; Stock Video Footage","tags":["outdoors","animal","seafood","food and drink","fishing","food","fish","octopus","restaurant","fisherman","sea","business","people","water","nature","agriculture","farm","selling","harvesting","pond","cooking","human body part","healthy lifestyle","river","loading","industry","meat","transportation","working","ice"],"info":{"@context":"http://schema.org","@type":"Article","name":"Download Fresh Octopus On Fish Market for free","description":"Download Fresh Octopus On Fish Market stock video footage. Choose from thousands of the best stock footage video clips to download.","url":"https://www.vecteezy.com/video/1275028-fresh-octopus-on-fish-market","datePublished":"2020-09-07T14:24:37-05:00","author":"panasevich","headline":"Download Fresh Octopus On Fish Market stock video footage. Choose from thousands of the best stock footage vi…","image":"https://static.vecteezy.com/system/resources/thumbnails/001/275/028/small_2x/fresh-octopus-on-fish-market.jpg","publisher":{"@type":"Organization","name":"vecteezy","logo":{"@type":"ImageObject","url":"https://www.vecteezy.com//images/vecteezy-logo--orange.jpg"}},"mainEntityOfPage":"https://static.vecteezy.com/system/resources/thumbnails/001/275/028/small_2x/fresh-octopus-on-fish-market.jpg","dateModified":"2020-09-07T14:24:37-05:00"},"root_dl":"https://static.vecteezy.com/system/protected/files/001/275/028/vecteezy_fresh-octopus-on-fish-market-steady-cam_1275028.mov","infoVideo":{"Resolution:":"HD 1920x1080","File Type:":"QuickTime","Codec:":"Photo-JPEG","Frame Rate:":"30 FPS","Aspect Ratio:":"16:9","Duration:":"00:18","vtype":".mov"}}