{"t1":"http://s020.radikal.ru/i700/1212/15/17871d3069e7.jpg","t2":"Dog hunts in the forest - Free HD Video Clips &amp; Stock Video Footage","tags":["pets","looking","canine","outdoors","animal","flower","activity","summer","mammals","cute","forest","beauty","dog","nature","tree","day"],"info":{"@context":"http://schema.org","@type":"Article","name":"Download Dog hunts in the forest for free","description":"Download Dog hunts in the forest stock video footage. Choose from thousands of the best stock footage video clips to download.","url":"https://www.vecteezy.com/video/1275282-dog-hunts-in-the-forest","datePublished":"2020-09-07T14:57:31-05:00","author":"zayatssv","headline":"Download Dog hunts in the forest stock video footage. Choose from thousands of the best stock footage video c…","image":"https://static.vecteezy.com/system/resources/thumbnails/001/275/282/small_2x/dog-hunts-in-the-forest.jpg","publisher":{"@type":"Organization","name":"vecteezy","logo":{"@type":"ImageObject","url":"https://www.vecteezy.com//images/vecteezy-logo--orange.jpg"}},"mainEntityOfPage":"https://static.vecteezy.com/system/resources/thumbnails/001/275/282/small_2x/dog-hunts-in-the-forest.jpg","dateModified":"2020-09-07T14:57:31-05:00"},"root_dl":"https://static.vecteezy.com/system/protected/files/001/275/282/vecteezy_http-//s020radikalru/i700/1212/15/17871d3069e7jpg_1275282.mov","infoVideo":{"Resolution:":"HD 1920x1080","File Type:":"QuickTime","Codec:":"Photo-JPEG","Frame Rate:":"30 FPS","Aspect Ratio:":"16:9","Duration:":"00:23","vtype":".mov"}}