{"t1":"Elephants at watering in the river","t2":"Elephants at watering in the river - Free HD Video Clips &amp; Stock Video Footage","tags":["climate","outdoors","animal","pond","lake","walking","mammals","wet","elephant","river","nature","animal family","land","grass","portrait","forest","travel","water","environment","tree","zoo","bird","human body part","playing","beauty","swimming pool","day","video","sunlight","summer"],"info":{"@context":"http://schema.org","@type":"Article","name":"Download Elephants at watering in the river for free","description":"Download Elephants at watering in the river stock video footage. Choose from thousands of the best stock footage video clips to download.","url":"https://www.vecteezy.com/video/1275113-elephants-at-watering-in-the-river","datePublished":"2020-09-07T14:34:50-05:00","author":"iprano","headline":"Download Elephants at watering in the river stock video footage. Choose from thousands of the best stock foot…","image":"https://static.vecteezy.com/system/resources/thumbnails/001/275/113/small_2x/elephants-at-watering-in-the-river.jpg","publisher":{"@type":"Organization","name":"vecteezy","logo":{"@type":"ImageObject","url":"https://www.vecteezy.com//images/vecteezy-logo--orange.jpg"}},"mainEntityOfPage":"https://static.vecteezy.com/system/resources/thumbnails/001/275/113/small_2x/elephants-at-watering-in-the-river.jpg","dateModified":"2020-09-07T14:34:50-05:00"},"root_dl":"https://static.vecteezy.com/system/protected/files/001/275/113/vecteezy_elephants-at-watering-in-the-river_1275113.mov","infoVideo":{"Resolution:":"HD 1920x1080","File Type:":"QuickTime","Codec:":"Photo-JPEG","Frame Rate:":"25 FPS","Aspect Ratio:":"16:9","Duration:":"00:19","vtype":".mov"}}