{"t1":"Plains (Burchell’s) Zebras (Equus quagga) drinking water with blue wildebeest running past, Mkuze game reserve, South Africa (with sound)","t2":"Plains Zebras drinking - Free HD Video Clips &amp; Stock Video Footage","tags":["outdoors","animal","video","mammals","water","environment","running","zebra","nature","day","grass","watching","portrait","walking","reflection","bush","elephant","listening","closed","wildebeest","egret","horse","tail","giraffe","tree","mountain","pollution","human head","gazelle","human body part"],"info":{"@context":"http://schema.org","@type":"Article","name":"Download Plains Zebras drinking for free","description":"Download Plains Zebras drinking stock video footage. Choose from thousands of the best stock footage video clips to download.","url":"https://www.vecteezy.com/video/1275416-plains-zebras-drinking","datePublished":"2020-09-07T15:10:04-05:00","author":"ecopic","headline":"Download Plains Zebras drinking stock video footage. Choose from thousands of the best stock footage video cl…","image":"https://static.vecteezy.com/system/resources/thumbnails/001/275/416/small_2x/plains-zebras-drinking.jpg","publisher":{"@type":"Organization","name":"vecteezy","logo":{"@type":"ImageObject","url":"https://www.vecteezy.com//images/vecteezy-logo--orange.jpg"}},"mainEntityOfPage":"https://static.vecteezy.com/system/resources/thumbnails/001/275/416/small_2x/plains-zebras-drinking.jpg","dateModified":"2020-09-07T15:10:04-05:00"},"root_dl":"https://static.vecteezy.com/system/protected/files/001/275/416/vecteezy_plains-(burchell’s)-zebras-(equus-quagga)-drinking-water-with-blue-wildebeest-running-past-mkuze-game-reserve-south-africa-(with-sound)_1275416.mov","infoVideo":{"Resolution:":"HD 1920x1080","File Type:":"QuickTime","Codec:":"Photo-JPEG","Frame Rate:":"30 FPS","Aspect Ratio:":"16:9","Duration:":"00:16","vtype":".mov"}}