{"t1":"School Of Holocentridae","t2":"Holocentridae - Free HD Video Clips &amp; Stock Video Footage","tags":["underwater","red sea","sea","fish","nature","reef","water","desert","environment","puffer fish","swimming"],"info":{"@context":"http://schema.org","@type":"Article","name":"Download Holocentridae for free","description":"Download Holocentridae stock video footage. Choose from thousands of the best stock footage video clips to download.","url":"https://www.vecteezy.com/video/1275017-holocentridae","datePublished":"2020-09-07T14:23:33-05:00","author":"sango-films","headline":"Download Holocentridae stock video footage. Choose from thousands of the best stock footage video clips to do…","image":"https://static.vecteezy.com/system/resources/thumbnails/001/275/017/small_2x/holocentridae.jpg","publisher":{"@type":"Organization","name":"vecteezy","logo":{"@type":"ImageObject","url":"https://www.vecteezy.com//images/vecteezy-logo--orange.jpg"}},"mainEntityOfPage":"https://static.vecteezy.com/system/resources/thumbnails/001/275/017/small_2x/holocentridae.jpg","dateModified":"2020-09-07T14:23:33-05:00"},"root_dl":"https://static.vecteezy.com/system/protected/files/001/275/017/vecteezy_school-of-holocentridae_1275017.mov","infoVideo":{"Resolution:":"4K 3840x2160","File Type:":"QuickTime","Codec:":"ProRes 422 (HQ)","Frame Rate:":"24 FPS","Aspect Ratio:":"16:9","Duration:":"00:08","vtype":".mov"}}