{"t1":"A shoal of Bull Sharks swim in blue ocean with an array of reef fish in Fiji.","t2":"Sharks - Free HD Video Clips &amp; Stock Video Footage","tags":["underwater","animal","fear","water","sea","fish","shark","nature","reef","red sea","swimming","fishing","sport","octopus","outdoors","pond","lake","sun","transparent","clean","video","fog","hunter","backgrounds","bubble","gun","extreme sports","sunlight","insect","hobby"],"info":{"@context":"http://schema.org","@type":"Article","name":"Download Sharks for free","description":"Download Sharks stock video footage. Choose from thousands of the best stock footage video clips to download.","url":"https://www.vecteezy.com/video/1275205-sharks","datePublished":"2020-09-07T14:51:40-05:00","author":"cartelux","headline":"Download Sharks stock video footage. Choose from thousands of the best stock footage video clips to download.","image":"https://static.vecteezy.com/system/resources/thumbnails/001/275/205/small_2x/sharks.jpg","publisher":{"@type":"Organization","name":"vecteezy","logo":{"@type":"ImageObject","url":"https://www.vecteezy.com//images/vecteezy-logo--orange.jpg"}},"mainEntityOfPage":"https://static.vecteezy.com/system/resources/thumbnails/001/275/205/small_2x/sharks.jpg","dateModified":"2020-09-07T14:51:40-05:00"},"root_dl":"https://static.vecteezy.com/system/protected/files/001/275/205/vecteezy_a-shoal-of-bull-sharks-swim-in-blue-ocean-with-an-array-of-reef-fish-in-fiji_1275205.mov","infoVideo":{"Resolution:":"HD 1920x1080","File Type:":"QuickTime","Codec:":"Photo-JPEG","Frame Rate:":"25 FPS","Aspect Ratio:":"16:9","Duration:":"00:13","vtype":".mov"}}