{"t1":"Zebras eating grass","t2":"Zebras eating grass - Free HD Video Clips &amp; Stock Video Footage","tags":["grass","animal","leaf","fence","activity","zoo","zebra","nature","tree","mammals","outdoors","tourist","lawn","summer","travel","cute","walking","horse","pets","looking","animal family","video","otter","tail","reflection","monkey","elephant","beauty","ear","environment"],"info":{"@context":"http://schema.org","@type":"Article","name":"Download Zebras eating grass for free","description":"Download Zebras eating grass stock video footage. Choose from thousands of the best stock footage video clips to download.","url":"https://www.vecteezy.com/video/1275413-zebras-eating-grass","datePublished":"2020-09-07T15:09:46-05:00","author":"probakster","headline":"Download Zebras eating grass stock video footage. Choose from thousands of the best stock footage video clips…","image":"https://static.vecteezy.com/system/resources/thumbnails/001/275/413/small_2x/zebras-eating-grass.jpg","publisher":{"@type":"Organization","name":"vecteezy","logo":{"@type":"ImageObject","url":"https://www.vecteezy.com//images/vecteezy-logo--orange.jpg"}},"mainEntityOfPage":"https://static.vecteezy.com/system/resources/thumbnails/001/275/413/small_2x/zebras-eating-grass.jpg","dateModified":"2020-09-07T15:09:46-05:00"},"root_dl":"https://static.vecteezy.com/system/protected/files/001/275/413/vecteezy_zebras-eating-grass_1275413.mov","infoVideo":{"Resolution:":"HD 1920x1080","File Type:":"QuickTime","Codec:":"Photo-JPEG","Frame Rate:":"25 FPS","Aspect Ratio:":"16:9","Duration:":"00:16","vtype":".mov"}}