{"t1":"Little girl accidentally puts hook in dads leg","t2":"Hook In Leg - Free HD Video Clips &amp; Stock Video Footage","tags":["outdoors","pond","sport","fishing","summer","casting","fishing rod","nature","water","fisherman","lake","fish","river","sunlight","activity","sunset","spool","sunny","beauty","beautiful people","hobby","people","fog","sun","fun","trout","sailing","reflection","drinking water","cultures"],"info":{"@context":"http://schema.org","@type":"Article","name":"Download Hook In Leg for free","description":"Download Hook In Leg stock video footage. Choose from thousands of the best stock footage video clips to download.","url":"https://www.vecteezy.com/video/1275203-hook-in-leg","datePublished":"2020-09-07T14:51:37-05:00","author":"jjneff","headline":"Download Hook In Leg stock video footage. Choose from thousands of the best stock footage video clips to down…","image":"https://static.vecteezy.com/system/resources/thumbnails/001/275/203/small_2x/hook-in-leg.jpg","publisher":{"@type":"Organization","name":"vecteezy","logo":{"@type":"ImageObject","url":"https://www.vecteezy.com//images/vecteezy-logo--orange.jpg"}},"mainEntityOfPage":"https://static.vecteezy.com/system/resources/thumbnails/001/275/203/small_2x/hook-in-leg.jpg","dateModified":"2020-09-07T14:51:37-05:00"},"root_dl":"https://static.vecteezy.com/system/protected/files/001/275/203/vecteezy_little-girl-accidentally-puts-hook-in-dads-leg_1275203.mov","infoVideo":{"Resolution:":"HD 1920x1080","File Type:":"QuickTime","Codec:":"Photo-JPEG","Frame Rate:":"30 FPS","Aspect Ratio:":"16:9","Duration:":"00:10","vtype":".mov"}}