{"t1":"Zebra, wildebeest, springbok and kudu antelopes gathering at a waterhole, Etosha National Park, Namibia","t2":"Etosha waterhole - Free HD Video Clips &amp; Stock Video Footage","tags":["outdoors","animal","video","walking","water","wildebeest","environment","zebra","nature","day"],"info":{"@context":"http://schema.org","@type":"Article","name":"Download Etosha waterhole for free","description":"Download Etosha waterhole stock video footage. Choose from thousands of the best stock footage video clips to download.","url":"https://www.vecteezy.com/video/1275443-etosha-waterhole","datePublished":"2020-09-07T15:14:19-05:00","author":"ecopic","headline":"Download Etosha waterhole stock video footage. Choose from thousands of the best stock footage video clips to…","image":"https://static.vecteezy.com/system/resources/thumbnails/001/275/443/small_2x/etosha-waterhole.jpg","publisher":{"@type":"Organization","name":"vecteezy","logo":{"@type":"ImageObject","url":"https://www.vecteezy.com//images/vecteezy-logo--orange.jpg"}},"mainEntityOfPage":"https://static.vecteezy.com/system/resources/thumbnails/001/275/443/small_2x/etosha-waterhole.jpg","dateModified":"2020-09-07T15:14:19-05:00"},"root_dl":"https://static.vecteezy.com/system/protected/files/001/275/443/vecteezy_zebra-wildebeest-springbok-and-kudu-antelopes-gathering-at-a-waterhole-etosha-national-park-namibia_1275443.mov","infoVideo":{"Resolution:":"HD 1920x1080","File Type:":"QuickTime","Codec:":"Photo-JPEG","Frame Rate:":"30 FPS","Aspect Ratio:":"16:9","Duration:":"00:22","vtype":".mov"}}