{"t1":"Shoal of jack fish in Tulemben in Bali, Indonesia","t2":"Shoal of jack fish - Free HD Video Clips &amp; Stock Video Footage","tags":["people","animal","lifestyle","water","sea","fish","swimming","nature","underwater","reef","island","fishing","red sea","aquarium","backgrounds","travel","environment","river","sardine","day","sport","climate","video","pets","lake","beauty","transparent","trout","outdoors"],"info":{"@context":"http://schema.org","@type":"Article","name":"Download Shoal of jack fish for free","description":"Download Shoal of jack fish stock video footage. Choose from thousands of the best stock footage video clips to download.","url":"https://www.vecteezy.com/video/1275219-shoal-of-jack-fish","datePublished":"2020-09-07T14:52:35-05:00","author":"paulprescott72","headline":"Download Shoal of jack fish stock video footage. Choose from thousands of the best stock footage video clips …","image":"https://static.vecteezy.com/system/resources/thumbnails/001/275/219/small_2x/shoal-of-jack-fish.jpg","publisher":{"@type":"Organization","name":"vecteezy","logo":{"@type":"ImageObject","url":"https://www.vecteezy.com//images/vecteezy-logo--orange.jpg"}},"mainEntityOfPage":"https://static.vecteezy.com/system/resources/thumbnails/001/275/219/small_2x/shoal-of-jack-fish.jpg","dateModified":"2020-09-07T14:52:35-05:00"},"root_dl":"https://static.vecteezy.com/system/protected/files/001/275/219/vecteezy_shoal-of-jack-fish-in-tulemben-in-bali-indonesia_1275219.mov","infoVideo":{"Resolution:":"HD 1280x720","File Type:":"QuickTime","Codec:":"Photo-JPEG","Frame Rate:":"25 FPS","Aspect Ratio:":"16:9","Duration:":"00:15","vtype":".mov"}}