{"t1":"This high definition video was taken in Kerala, India.","t2":"Driving by an Elephant: Kerala, India. - Free HD Video Clips &amp; Stock Video Footage","tags":["car","video","street","driving","city","travel","elephant","morning","transportation","outdoors","nature","mammals","animal","environment","day","water","cute","forest","walking","grass","river","tourist","egret","playing","fisherman","fishing","electricity","bush","fishing net","tree"],"info":{"@context":"http://schema.org","@type":"Article","name":"Download Driving by an Elephant: Kerala, India. for free","description":"Download Driving by an Elephant: Kerala, India. stock video footage. Choose from thousands of the best stock footage video clips to download.","url":"https://www.vecteezy.com/video/1275091-driving-by-an-elephant-kerala-india","datePublished":"2020-09-07T14:31:37-05:00","author":"arviest","headline":"Download Driving by an Elephant: Kerala, India. stock video footage. Choose from thousands of the best stock …","image":"https://static.vecteezy.com/system/resources/thumbnails/001/275/091/small_2x/driving-by-an-elephant-kerala-india.jpg","publisher":{"@type":"Organization","name":"vecteezy","logo":{"@type":"ImageObject","url":"https://www.vecteezy.com//images/vecteezy-logo--orange.jpg"}},"mainEntityOfPage":"https://static.vecteezy.com/system/resources/thumbnails/001/275/091/small_2x/driving-by-an-elephant-kerala-india.jpg","dateModified":"2020-09-07T14:31:37-05:00"},"root_dl":"https://static.vecteezy.com/system/protected/files/001/275/091/vecteezy_this-high-definition-video-was-taken-in-kerala-india_1275091.mov","infoVideo":{"Resolution:":"HD 1920x1080","File Type:":"QuickTime","Codec:":"Photo-JPEG","Frame Rate:":"30 FPS","Aspect Ratio:":"16:9","Duration:":"00:07","vtype":".mov"}}