{"t1":"Elephant","t2":"Elephant - Free HD Video Clips &amp; Stock Video Footage","tags":["looking","animal","fence","walking","activity","zoo","elephant","nature","mammals","outdoors","cute","travel","summer","tourist","lawn","pets","horse","beauty","tiger","feline","monkey","swimming","day","ape","video","leaf","water","otter","kangaroo","animal family"],"info":{"@context":"http://schema.org","@type":"Article","name":"Download Elephant for free","description":"Download Elephant stock video footage. Choose from thousands of the best stock footage video clips to download.","url":"https://www.vecteezy.com/video/1275092-elephant","datePublished":"2020-09-07T14:31:52-05:00","author":"probakster","headline":"Download Elephant stock video footage. Choose from thousands of the best stock footage video clips to downloa…","image":"https://static.vecteezy.com/system/resources/thumbnails/001/275/092/small_2x/elephant.jpg","publisher":{"@type":"Organization","name":"vecteezy","logo":{"@type":"ImageObject","url":"https://www.vecteezy.com//images/vecteezy-logo--orange.jpg"}},"mainEntityOfPage":"https://static.vecteezy.com/system/resources/thumbnails/001/275/092/small_2x/elephant.jpg","dateModified":"2020-09-07T14:31:52-05:00"},"root_dl":"https://static.vecteezy.com/system/protected/files/001/275/092/vecteezy_elephant_1275092.mov","infoVideo":{"Resolution:":"HD 1920x1080","File Type:":"QuickTime","Codec:":"Photo-JPEG","Frame Rate:":"25 FPS","Aspect Ratio:":"16:9","Duration:":"00:09","vtype":".mov"}}