{"t1":"Asian Elephant eating in playful moment with trainer, Phuket, Thailand, Asia","t2":"Elephant eating in playful moment, Phuket, Thailand - Free HD Video Clips &amp; Stock Video Footage","tags":["people","nature","travel","sea","sky","cityscape","beach","water","summer","outdoors","island","sun","tourist","sand","beauty","sunlight","sunset","beautiful people","human body part","sunny","city","day","hotel","rock music","fog","house","sadness","tree","backgrounds","horizon"],"info":{"@context":"http://schema.org","@type":"Article","name":"Download Elephant eating in playful moment, Phuket, Thailand for free","description":"Download Elephant eating in playful moment, Phuket, Thailand stock video footage. Choose from thousands of the best stock footage video clips to download.","url":"https://www.vecteezy.com/video/1275132-elephant-eating-in-playful-moment-phuket-thailand","datePublished":"2020-09-07T14:37:56-05:00","author":"spotmatik","headline":"Download Elephant eating in playful moment, Phuket, Thailand stock video footage. Choose from thousands of th…","image":"https://static.vecteezy.com/system/resources/thumbnails/001/275/132/small_2x/elephant-eating-in-playful-moment-phuket-thailand.jpg","publisher":{"@type":"Organization","name":"vecteezy","logo":{"@type":"ImageObject","url":"https://www.vecteezy.com//images/vecteezy-logo--orange.jpg"}},"mainEntityOfPage":"https://static.vecteezy.com/system/resources/thumbnails/001/275/132/small_2x/elephant-eating-in-playful-moment-phuket-thailand.jpg","dateModified":"2020-09-07T14:37:56-05:00"},"root_dl":"https://static.vecteezy.com/system/protected/files/001/275/132/vecteezy_asian-elephant-eating-in-playful-moment-with-trainer-phuket-thailand-asia_1275132.mov","infoVideo":{"Resolution:":"HD 1280x720","File Type:":"QuickTime","Codec:":"Photo-JPEG","Frame Rate:":"25 FPS","Aspect Ratio:":"16:9","Duration:":"00:25","vtype":".mov"}}