{"t1":"Two plains (Burchell’s) Zebras (Equus burchelli) grooming each other, Etosha National Park, Namibia","t2":"Plains Zebras grooming - Free HD Video Clips &amp; Stock Video Footage","tags":["outdoors","animal","video","mammals","communication","environment","zebra","nature","day","water","grass","portrait","elephant","watching","bush","walking","reflection","closed","listening","horse","egret","wildebeest","human head","human body part","pollution","looking","photography"],"info":{"@context":"http://schema.org","@type":"Article","name":"Download Plains Zebras grooming for free","description":"Download Plains Zebras grooming stock video footage. Choose from thousands of the best stock footage video clips to download.","url":"https://www.vecteezy.com/video/1275421-plains-zebras-grooming","datePublished":"2020-09-07T15:10:16-05:00","author":"ecopic","headline":"Download Plains Zebras grooming stock video footage. Choose from thousands of the best stock footage video cl…","image":"https://static.vecteezy.com/system/resources/thumbnails/001/275/421/small_2x/plains-zebras-grooming.jpg","publisher":{"@type":"Organization","name":"vecteezy","logo":{"@type":"ImageObject","url":"https://www.vecteezy.com//images/vecteezy-logo--orange.jpg"}},"mainEntityOfPage":"https://static.vecteezy.com/system/resources/thumbnails/001/275/421/small_2x/plains-zebras-grooming.jpg","dateModified":"2020-09-07T15:10:16-05:00"},"root_dl":"https://static.vecteezy.com/system/protected/files/001/275/421/vecteezy_two-plains-(burchell’s)-zebras-(equus-burchelli)-grooming-each-other-etosha-national-park-namibia_1275421.mov","infoVideo":{"Resolution:":"HD 1920x1080","File Type:":"QuickTime","Codec:":"Photo-JPEG","Frame Rate:":"30 FPS","Aspect Ratio:":"16:9","Duration:":"00:10","vtype":".mov"}}