{"t1":"kindergarten children&#39;s soft toys for children sitting at a table","t2":"toys for children in kindergarten - Free HD Video Clips &amp; Stock Video Footage","tags":["education","preschool","toy","video","table","doll","elephant","playing","indoors","cute","desk","joy","classroom","high school","people","lifestyle","kitchen","technology","house","beauty","portrait","filming","computer","apartment","human body part","book","communication","living room","looking","listening"],"info":{"@context":"http://schema.org","@type":"Article","name":"Download toys for children in kindergarten for free","description":"Download toys for children in kindergarten stock video footage. Choose from thousands of the best stock footage video clips to download.","url":"https://www.vecteezy.com/video/1275118-toys-for-children-in-kindergarten","datePublished":"2020-09-07T14:35:40-05:00","author":"bazyuk","headline":"Download toys for children in kindergarten stock video footage. Choose from thousands of the best stock foota…","image":"https://static.vecteezy.com/system/resources/thumbnails/001/275/118/small_2x/toys-for-children-in-kindergarten.jpg","publisher":{"@type":"Organization","name":"vecteezy","logo":{"@type":"ImageObject","url":"https://www.vecteezy.com//images/vecteezy-logo--orange.jpg"}},"mainEntityOfPage":"https://static.vecteezy.com/system/resources/thumbnails/001/275/118/small_2x/toys-for-children-in-kindergarten.jpg","dateModified":"2020-09-07T14:35:40-05:00"},"root_dl":"https://static.vecteezy.com/system/protected/files/001/275/118/vecteezy_kindergarten-children-s-soft-toys-for-children-sitting-at-a-table_1275118.mov","infoVideo":{"Resolution:":"HD 1920x1080","File Type:":"QuickTime","Codec:":"Photo-JPEG","Frame Rate:":"30 FPS","Aspect Ratio:":"16:9","Duration:":"00:10","vtype":".mov"}}