{"t1":"Dog breed Jack Russell Terrier playing in the green grass on the lawn, his paws digging a hole, trains hunting skills","t2":"Jack Russell Terrier playing in the grass - Free HD Video Clips &amp; Stock Video Footage","tags":["pets","grass","canine","hole","outdoors","animal","puppy","terrier","sun","mammals","cute","playing","meadow","dog","digging","portrait","looking","people","nature","beauty","fun","indoors","exhibition","summer","table","beautiful people","happiness","activity","walking","day"],"info":{"@context":"http://schema.org","@type":"Article","name":"Download Jack Russell Terrier playing in the grass for free","description":"Download Jack Russell Terrier playing in the grass stock video footage. Choose from thousands of the best stock footage video clips to download.","url":"https://www.vecteezy.com/video/1275242-jack-russell-terrier-playing-in-the-grass","datePublished":"2020-09-07T14:54:18-05:00","author":"kkolosov","headline":"Download Jack Russell Terrier playing in the grass stock video footage. Choose from thousands of the best sto…","image":"https://static.vecteezy.com/system/resources/thumbnails/001/275/242/small_2x/jack-russell-terrier-playing-in-the-grass.jpg","publisher":{"@type":"Organization","name":"vecteezy","logo":{"@type":"ImageObject","url":"https://www.vecteezy.com//images/vecteezy-logo--orange.jpg"}},"mainEntityOfPage":"https://static.vecteezy.com/system/resources/thumbnails/001/275/242/small_2x/jack-russell-terrier-playing-in-the-grass.jpg","dateModified":"2020-09-07T14:54:18-05:00"},"root_dl":"https://static.vecteezy.com/system/protected/files/001/275/242/vecteezy_dog-breed-jack-russell-terrier-playing-in-the-green-grass-on-the-lawn-his-paws-digging-a-hole-trains-hunting-skills_1275242.mov","infoVideo":{"Resolution:":"HD 1920x1080","File Type:":"QuickTime","Codec:":"Photo-JPEG","Frame Rate:":"25 FPS","Aspect Ratio:":"16:9","Duration:":"00:13","vtype":".mov"}}